Amper TH,Amper TH2,Province TH,Province EN,Amper TH3,CODE,Amper EN,ที่ว่าการอำเภอAmper TH Province TH,Lat,Lon
พระนคร,เขตพระนคร,กรุงเทพมหานคร,Bangkok,เขตพระนคร,10010000,Phra Nakhon,ที่ว่าการอำเภอพระนคร กรุงเทพมหานคร,13.765096200668543,100.49935721120431
ดุสิต,เขตดุสิต,กรุงเทพมหานคร,Bangkok,เขตดุสิต,10020000,Dusit,ที่ว่าการอำเภอดุสิต กรุงเทพมหานคร,13.777345569576957,100.52093624797357
หนองจอก,เขตหนองจอก,กรุงเทพมหานคร,Bangkok,เขตหนองจอก,10030000,Nong Chok,ที่ว่าการอำเภอหนองจอก กรุงเทพมหานคร,13.855727552946405,100.86262861357989
บางรัก,เขตบางรัก,กรุงเทพมหานคร,Bangkok,เขตบางรัก,10040000,Bang Rak,ที่ว่าการอำเภอบางรัก กรุงเทพมหานคร,13.730903075589106,100.5235481693973
บางเขน,เขตบางเขน,กรุงเทพมหานคร,Bangkok,เขตบางเขน,10050000,Bang Khen,ที่ว่าการอำเภอบางเขน กรุงเทพมหานคร,13.873676020006384,100.59662351968223
บางกะปิ,เขตบางกะปิ,กรุงเทพมหานคร,Bangkok,เขตบางกะปิ,10060000,Bang Kapi,ที่ว่าการอำเภอบางกะปิ กรุงเทพมหานคร,13.765991079203733,100.6474855828894
ปทุมวัน,เขตปทุมวัน,กรุงเทพมหานคร,Bangkok,เขตปทุมวัน,10070000,Pathum Wan,ที่ว่าการอำเภอปทุมวัน กรุงเทพมหานคร,0,0
ป้อมปราบศัตรูพ่าย,เขตป้อมปราบศัตรูพ่าย,กรุงเทพมหานคร,Bangkok,เขตป้อมปราบศัตรูพ่าย,10080000,Pom Prap Sattruphai,ที่ว่าการอำเภอป้อมปราบศัตรูพ่าย กรุงเทพมหานคร,0,0
พระโขนง,เขตพระโขนง,กรุงเทพมหานคร,Bangkok,เขตพระโขนง,10090000,Phra Khanong,ที่ว่าการอำเภอพระโขนง กรุงเทพมหานคร,13.702658132757334,100.60205691172463
มีนบุรี,เขตมีนบุรี,กรุงเทพมหานคร,Bangkok,เขตมีนบุรี,10100000,Min Buri,ที่ว่าการอำเภอมีนบุรี กรุงเทพมหานคร,0,0
ลาดกระบัง,เขตลาดกระบัง,กรุงเทพมหานคร,Bangkok,เขตลาดกระบัง,10110000,Lat Krabang,ที่ว่าการอำเภอลาดกระบัง กรุงเทพมหานคร,0,0
ยานนาวา,เขตยานนาวา,กรุงเทพมหานคร,Bangkok,เขตยานนาวา,10120000,Yannawa,ที่ว่าการอำเภอยานนาวา กรุงเทพมหานคร,0,0
สัมพันธวงศ์,เขตสัมพันธวงศ์,กรุงเทพมหานคร,Bangkok,เขตสัมพันธวงศ์,10130000,Samphanthawong,ที่ว่าการอำเภอสัมพันธวงศ์ กรุงเทพมหานคร,0,0
พญาไท,เขตพญาไท,กรุงเทพมหานคร,Bangkok,เขตพญาไท,10140000,Phaya Thai,ที่ว่าการอำเภอพญาไท กรุงเทพมหานคร,13.779998407203031,100.54271621357861
ธนบุรี,เขตธนบุรี,กรุงเทพมหานคร,Bangkok,เขตธนบุรี,10150000,Thon Buri,ที่ว่าการอำเภอธนบุรี กรุงเทพมหานคร,0,0
บางกอกใหญ่,เขตบางกอกใหญ่,กรุงเทพมหานคร,Bangkok,เขตบางกอกใหญ่,10160000,Bangkok Yai,ที่ว่าการอำเภอบางกอกใหญ่ กรุงเทพมหานคร,0,0
ห้วยขวาง,เขตห้วยขวาง,กรุงเทพมหานคร,Bangkok,เขตห้วยขวาง,10170000,Huai Khwang,ที่ว่าการอำเภอห้วยขวาง กรุงเทพมหานคร,0,0
คลองสาน,เขตคลองสาน,กรุงเทพมหานคร,Bangkok,เขตคลองสาน,10180000,Khlong San,ที่ว่าการอำเภอคลองสาน กรุงเทพมหานคร,0,0
ตลิ่งชัน,เขตตลิ่งชัน,กรุงเทพมหานคร,Bangkok,เขตตลิ่งชัน,10190000,Taling Chan,ที่ว่าการอำเภอตลิ่งชัน กรุงเทพมหานคร,0,0
บางกอกน้อย,เขตบางกอกน้อย,กรุงเทพมหานคร,Bangkok,เขตบางกอกน้อย,10200000,Bangkok Noi,ที่ว่าการอำเภอบางกอกน้อย กรุงเทพมหานคร,0,0
บางขุนเทียน,เขตบางขุนเทียน,กรุงเทพมหานคร,Bangkok,เขตบางขุนเทียน,10210000,Bang Khun Thian,ที่ว่าการอำเภอบางขุนเทียน กรุงเทพมหานคร,0,0
ภาษีเจริญ,เขตภาษีเจริญ,กรุงเทพมหานคร,Bangkok,เขตภาษีเจริญ,10220000,Phasi Charoen,ที่ว่าการอำเภอภาษีเจริญ กรุงเทพมหานคร,0,0
หนองแขม,เขตหนองแขม,กรุงเทพมหานคร,Bangkok,เขตหนองแขม,10230000,Nong Khaem,ที่ว่าการอำเภอหนองแขม กรุงเทพมหานคร,0,0
ราษฎร์บูรณะ,เขตราษฎร์บูรณะ,กรุงเทพมหานคร,Bangkok,เขตราษฎร์บูรณะ,10240000,Rat Burana,ที่ว่าการอำเภอราษฎร์บูรณะ กรุงเทพมหานคร,0,0
บางพลัด,เขตบางพลัด,กรุงเทพมหานคร,Bangkok,เขตบางพลัด,10250000,Bang Phlat,ที่ว่าการอำเภอบางพลัด กรุงเทพมหานคร,0,0
ดินแดง,เขตดินแดง,กรุงเทพมหานคร,Bangkok,เขตดินแดง,10260000,Din Daeng,ที่ว่าการอำเภอดินแดง กรุงเทพมหานคร,0,0
บึงกุ่ม,เขตบึงกุ่ม,กรุงเทพมหานคร,Bangkok,เขตบึงกุ่ม,10270000,Bung Kum,ที่ว่าการอำเภอบึงกุ่ม กรุงเทพมหานคร,0,0
สาทร,เขตสาทร,กรุงเทพมหานคร,Bangkok,เขตสาทร,10280000,Sa Thon,ที่ว่าการอำเภอสาทร กรุงเทพมหานคร,0,0
บางซื่อ,เขตบางซื่อ,กรุงเทพมหานคร,Bangkok,เขตบางซื่อ,10290000,Bang Su,ที่ว่าการอำเภอบางซื่อ กรุงเทพมหานคร,0,0
จตุจักร,เขตจตุจักร,กรุงเทพมหานคร,Bangkok,เขตจตุจักร,10300000,Chatuchak,ที่ว่าการอำเภอจตุจักร กรุงเทพมหานคร,0,0
บางคอแหลม,เขตบางคอแหลม,กรุงเทพมหานคร,Bangkok,เขตบางคอแหลม,10310000,Bang Kho Laem,ที่ว่าการอำเภอบางคอแหลม กรุงเทพมหานคร,0,0
ประเวศ,เขตประเวศ,กรุงเทพมหานคร,Bangkok,เขตประเวศ,10320000,Prawet,ที่ว่าการอำเภอประเวศ กรุงเทพมหานคร,0,0
คลองเตย,เขตคลองเตย,กรุงเทพมหานคร,Bangkok,เขตคลองเตย,10330000,Khlong Toei,ที่ว่าการอำเภอคลองเตย กรุงเทพมหานคร,13.708316681521428,100.58374911172466
สวนหลวง,เขตสวนหลวง,กรุงเทพมหานคร,Bangkok,เขตสวนหลวง,10340000,Suan Luang,ที่ว่าการอำเภอสวนหลวง กรุงเทพมหานคร,0,0
จอมทอง,เขตจอมทอง,กรุงเทพมหานคร,Bangkok,เขตจอมทอง,10350000,Chom Thong,ที่ว่าการอำเภอจอมทอง กรุงเทพมหานคร,0,0
ดอนเมือง,เขตดอนเมือง,กรุงเทพมหานคร,Bangkok,เขตดอนเมือง,10360000,Don Mueang,ที่ว่าการอำเภอดอนเมือง กรุงเทพมหานคร,0,0
ราชเทวี,เขตราชเทวี,กรุงเทพมหานคร,Bangkok,เขตราชเทวี,10370000,Rat Thewi,ที่ว่าการอำเภอราชเทวี กรุงเทพมหานคร,0,0
ลาดพร้าว,เขตลาดพร้าว,กรุงเทพมหานคร,Bangkok,เขตลาดพร้าว,10380000,Lat Phrao,ที่ว่าการอำเภอลาดพร้าว กรุงเทพมหานคร,0,0
วัฒนา,เขตวัฒนา,กรุงเทพมหานคร,Bangkok,เขตวัฒนา,10390000,Watthana,ที่ว่าการอำเภอวัฒนา กรุงเทพมหานคร,0,0
บางแค,เขตบางแค,กรุงเทพมหานคร,Bangkok,เขตบางแค,10400000,Bang Khae,ที่ว่าการอำเภอบางแค กรุงเทพมหานคร,0,0
หลักสี่,เขตหลักสี่,กรุงเทพมหานคร,Bangkok,เขตหลักสี่,10410000,Lak Si,ที่ว่าการอำเภอหลักสี่ กรุงเทพมหานคร,0,0
สายไหม,เขตสายไหม,กรุงเทพมหานคร,Bangkok,เขตสายไหม,10420000,Sai Mai,ที่ว่าการอำเภอสายไหม กรุงเทพมหานคร,0,0
คันนายาว,เขตคันนายาว,กรุงเทพมหานคร,Bangkok,เขตคันนายาว,10430000,Khanna Yao,ที่ว่าการอำเภอคันนายาว กรุงเทพมหานคร,0,0
สะพานสูง,เขตสะพานสูง,กรุงเทพมหานคร,Bangkok,เขตสะพานสูง,10440000,Saphan Sung,ที่ว่าการอำเภอสะพานสูง กรุงเทพมหานคร,0,0
วังทองหลาง,เขตวังทองหลาง,กรุงเทพมหานคร,Bangkok,เขตวังทองหลาง,10450000,Wang Thong Lang,ที่ว่าการอำเภอวังทองหลาง กรุงเทพมหานคร,0,0
คลองสามวา,เขตคลองสามวา,กรุงเทพมหานคร,Bangkok,เขตคลองสามวา,10460000,Khlong Sam Wa,ที่ว่าการอำเภอคลองสามวา กรุงเทพมหานคร,0,0
บางนา,เขตบางนา,กรุงเทพมหานคร,Bangkok,เขตบางนา,10470000,Bang Na,ที่ว่าการอำเภอบางนา กรุงเทพมหานคร,0,0
ทวีวัฒนา,เขตทวีวัฒนา,กรุงเทพมหานคร,Bangkok,เขตทวีวัฒนา,10480000,Thawi Watthana,ที่ว่าการอำเภอทวีวัฒนา กรุงเทพมหานคร,0,0
ทุ่งครุ,เขตทุ่งครุ,กรุงเทพมหานคร,Bangkok,เขตทุ่งครุ,10490000,Thung Khu,ที่ว่าการอำเภอทุ่งครุ กรุงเทพมหานคร,0,0
บางบอน,เขตบางบอน,กรุงเทพมหานคร,Bangkok,เขตบางบอน,10500000,Bang Bon,ที่ว่าการอำเภอบางบอน กรุงเทพมหานคร,0,0
เมืองสมุทรปราการ,เมืองสมุทรปราการ,สมุทรปราการ,Samut Prakan,เมืองสมุทรปราการ,11010000,Mueang Samut Prakan,ที่ว่าการอำเภอเมืองสมุทรปราการ สมุทรปราการ,0,0
บางบ่อ,บางบ่อ,สมุทรปราการ,Samut Prakan,บางบ่อ,11020000,Bang Bo,ที่ว่าการอำเภอบางบ่อ สมุทรปราการ,0,0
บางพลี,บางพลี,สมุทรปราการ,Samut Prakan,บางพลี,11030000,Bang Phli,ที่ว่าการอำเภอบางพลี สมุทรปราการ,0,0
พระประแดง,พระประแดง,สมุทรปราการ,Samut Prakan,พระประแดง,11040000,Phra Pradaeng,ที่ว่าการอำเภอพระประแดง สมุทรปราการ,0,0
พระสมุทรเจดีย์,พระสมุทรเจดีย์,สมุทรปราการ,Samut Prakan,พระสมุทรเจดีย์,11050000,Phra Samut Chedi,ที่ว่าการอำเภอพระสมุทรเจดีย์ สมุทรปราการ,0,0
บางเสาธง,บางเสาธง,สมุทรปราการ,Samut Prakan,บางเสาธง,11060000,Bang Sao Thong,ที่ว่าการอำเภอบางเสาธง สมุทรปราการ,0,0
เมืองนนทบุรี,เมืองนนทบุรี,นนทบุรี,Nonthaburi,เมืองนนทบุรี,12010000,Mueang Nonthaburi,ที่ว่าการอำเภอเมืองนนทบุรี นนทบุรี,0,0
บางกรวย,บางกรวย,นนทบุรี,Nonthaburi,บางกรวย,12020000,Bang Kruai,ที่ว่าการอำเภอบางกรวย นนทบุรี,0,0
บางใหญ่,บางใหญ่,นนทบุรี,Nonthaburi,บางใหญ่,12030000,Bang Yai,ที่ว่าการอำเภอบางใหญ่ นนทบุรี,0,0
บางบัวทอง,บางบัวทอง,นนทบุรี,Nonthaburi,บางบัวทอง,12040000,Bang Bua Thong,ที่ว่าการอำเภอบางบัวทอง นนทบุรี,0,0
ไทรน้อย,ไทรน้อย,นนทบุรี,Nonthaburi,ไทรน้อย,12050000,Sai Noi,ที่ว่าการอำเภอไทรน้อย นนทบุรี,0,0
ปากเกร็ด,ปากเกร็ด,นนทบุรี,Nonthaburi,ปากเกร็ด,12060000,Pak Kret,ที่ว่าการอำเภอปากเกร็ด นนทบุรี,0,0
เมืองปทุมธานี,เมืองปทุมธานี,ปทุมธานี,Pathum Thani,เมืองปทุมธานี,13010000,Mueang Pathum Thani,ที่ว่าการอำเภอเมืองปทุมธานี ปทุมธานี,0,0
คลองหลวง,คลองหลวง,ปทุมธานี,Pathum Thani,คลองหลวง,13020000,khlong Luang,ที่ว่าการอำเภอคลองหลวง ปทุมธานี,0,0
ธัญบุรี,ธัญบุรี,ปทุมธานี,Pathum Thani,ธัญบุรี,13030000,Thanyaburi,ที่ว่าการอำเภอธัญบุรี ปทุมธานี,0,0
หนองเสือ,หนองเสือ,ปทุมธานี,Pathum Thani,หนองเสือ,13040000,Nong Suea,ที่ว่าการอำเภอหนองเสือ ปทุมธานี,0,0
ลาดหลุมแก้ว,ลาดหลุมแก้ว,ปทุมธานี,Pathum Thani,ลาดหลุมแก้ว,13050000,Lat Lum Kaeo,ที่ว่าการอำเภอลาดหลุมแก้ว ปทุมธานี,0,0
ลำลูกกา,ลำลูกกา,ปทุมธานี,Pathum Thani,ลำลูกกา,13060000,Lam Luk Ka,ที่ว่าการอำเภอลำลูกกา ปทุมธานี,0,0
สามโคก,สามโคก,ปทุมธานี,Pathum Thani,สามโคก,13070000,Sam Khok,ที่ว่าการอำเภอสามโคก ปทุมธานี,0,0
พระนครศรีอยุธยา,พระนครศรีอยุธยา,พระนครศรีอยุธยา,Phra Nakhon Si Ayutthaya,พระนครศรีอยุธยา,14010000,Phra Nakhon Si Ayutthaya,ที่ว่าการอำเภอพระนครศรีอยุธยา พระนครศรีอยุธยา,0,0
ท่าเรือ,ท่าเรือ,พระนครศรีอยุธยา,Phra Nakhon Si Ayutthaya,ท่าเรือ,14020000,Tha Ruea,ที่ว่าการอำเภอท่าเรือ พระนครศรีอยุธยา,0,0
นครหลวง,นครหลวง,พระนครศรีอยุธยา,Phra Nakhon Si Ayutthaya,นครหลวง,14030000,Nakhon Luang,ที่ว่าการอำเภอนครหลวง พระนครศรีอยุธยา,0,0
บางไทร,บางไทร,พระนครศรีอยุธยา,Phra Nakhon Si Ayutthaya,บางไทร,14040000,Bang Sai,ที่ว่าการอำเภอบางไทร พระนครศรีอยุธยา,0,0
บางบาล,บางบาล,พระนครศรีอยุธยา,Phra Nakhon Si Ayutthaya,บางบาล,14050000,Bang Ban,ที่ว่าการอำเภอบางบาล พระนครศรีอยุธยา,0,0
บางปะอิน,บางปะอิน,พระนครศรีอยุธยา,Phra Nakhon Si Ayutthaya,บางปะอิน,14060000,Bang Pa-in,ที่ว่าการอำเภอบางปะอิน พระนครศรีอยุธยา,0,0
บางปะหัน,บางปะหัน,พระนครศรีอยุธยา,Phra Nakhon Si Ayutthaya,บางปะหัน,14070000,Bang Pahan,ที่ว่าการอำเภอบางปะหัน พระนครศรีอยุธยา,0,0
ผักไห่,ผักไห่,พระนครศรีอยุธยา,Phra Nakhon Si Ayutthaya,ผักไห่,14080000,Phak Hai,ที่ว่าการอำเภอผักไห่ พระนครศรีอยุธยา,0,0
ภาชี,ภาชี,พระนครศรีอยุธยา,Phra Nakhon Si Ayutthaya,ภาชี,14090000,Phachi,ที่ว่าการอำเภอภาชี พระนครศรีอยุธยา,0,0
ลาดบัวหลวง,ลาดบัวหลวง,พระนครศรีอยุธยา,Phra Nakhon Si Ayutthaya,ลาดบัวหลวง,14100000,Lat Bua Luang,ที่ว่าการอำเภอลาดบัวหลวง พระนครศรีอยุธยา,0,0
วังน้อย,วังน้อย,พระนครศรีอยุธยา,Phra Nakhon Si Ayutthaya,วังน้อย,14110000,Wang Noi,ที่ว่าการอำเภอวังน้อย พระนครศรีอยุธยา,0,0
เสนา,เสนา,พระนครศรีอยุธยา,Phra Nakhon Si Ayutthaya,เสนา,14120000,Sena,ที่ว่าการอำเภอเสนา พระนครศรีอยุธยา,0,0
บางซ้าย,บางซ้าย,พระนครศรีอยุธยา,Phra Nakhon Si Ayutthaya,บางซ้าย,14130000,Bang Sai,ที่ว่าการอำเภอบางซ้าย พระนครศรีอยุธยา,0,0
อุทัย,อุทัย,พระนครศรีอยุธยา,Phra Nakhon Si Ayutthaya,อุทัย,14140000,Uthai,ที่ว่าการอำเภออุทัย พระนครศรีอยุธยา,0,0
มหาราช,มหาราช,พระนครศรีอยุธยา,Phra Nakhon Si Ayutthaya,มหาราช,14150000,Maha Rat,ที่ว่าการอำเภอมหาราช พระนครศรีอยุธยา,0,0
บ้านแพรก,บ้านแพรก,พระนครศรีอยุธยา,Phra Nakhon Si Ayutthaya,บ้านแพรก,14160000,Ban Phraek,ที่ว่าการอำเภอบ้านแพรก พระนครศรีอยุธยา,0,0
เมืองอ่างทอง,เมืองอ่างทอง,อ่างทอง,Ang Thong,เมืองอ่างทอง,15010000,Mueang Ang Thong,ที่ว่าการอำเภอเมืองอ่างทอง อ่างทอง,0,0
ไชโย,ไชโย,อ่างทอง,Ang Thong,ไชโย,15020000,Chaiyo,ที่ว่าการอำเภอไชโย อ่างทอง,0,0
ป่าโมก,ป่าโมก,อ่างทอง,Ang Thong,ป่าโมก,15030000,Pa Mok,ที่ว่าการอำเภอป่าโมก อ่างทอง,0,0
โพธิ์ทอง,โพธิ์ทอง,อ่างทอง,Ang Thong,โพธิ์ทอง,15040000,Pho Thong,ที่ว่าการอำเภอโพธิ์ทอง อ่างทอง,0,0
แสวงหา,แสวงหา,อ่างทอง,Ang Thong,แสวงหา,15050000,Sawaeng Ha,ที่ว่าการอำเภอแสวงหา อ่างทอง,0,0
วิเศษชัยชาญ,วิเศษชัยชาญ,อ่างทอง,Ang Thong,วิเศษชัยชาญ,15060000,Wiset Chai Chan,ที่ว่าการอำเภอวิเศษชัยชาญ อ่างทอง,0,0
สามโก้,สามโก้,อ่างทอง,Ang Thong,สามโก้,15070000,Samko,ที่ว่าการอำเภอสามโก้ อ่างทอง,0,0
เมืองลพบุรี,เมืองลพบุรี,ลพบุรี,Lopburi,เมืองลพบุรี,16010000,Mueang Lop Buri,ที่ว่าการอำเภอเมืองลพบุรี ลพบุรี,0,0
พัฒนานิคม,พัฒนานิคม,ลพบุรี,Lopburi,พัฒนานิคม,16020000,Phatthana Nikhom,ที่ว่าการอำเภอพัฒนานิคม ลพบุรี,0,0
โคกสำโรง,โคกสำโรง,ลพบุรี,Lopburi,โคกสำโรง,16030000,Khok Samrong,ที่ว่าการอำเภอโคกสำโรง ลพบุรี,0,0
ชัยบาดาล,ชัยบาดาล,ลพบุรี,Lopburi,ชัยบาดาล,16040000,Chai Badan,ที่ว่าการอำเภอชัยบาดาล ลพบุรี,0,0
ท่าวุ้ง,ท่าวุ้ง,ลพบุรี,Lopburi,ท่าวุ้ง,16050000,Tha Wung,ที่ว่าการอำเภอท่าวุ้ง ลพบุรี,0,0
บ้านหมี่,บ้านหมี่,ลพบุรี,Lopburi,บ้านหมี่,16060000,Ban Mi,ที่ว่าการอำเภอบ้านหมี่ ลพบุรี,0,0
ท่าหลวง,ท่าหลวง,ลพบุรี,Lopburi,ท่าหลวง,16070000,Tha Luang,ที่ว่าการอำเภอท่าหลวง ลพบุรี,0,0
สระโบสถ์,สระโบสถ์,ลพบุรี,Lopburi,สระโบสถ์,16080000,Sa Bot,ที่ว่าการอำเภอสระโบสถ์ ลพบุรี,0,0
โคกเจริญ,โคกเจริญ,ลพบุรี,Lopburi,โคกเจริญ,16090000,Khok Charoen,ที่ว่าการอำเภอโคกเจริญ ลพบุรี,0,0
ลำสนธิ,ลำสนธิ,ลพบุรี,Lopburi,ลำสนธิ,16100000,Lam Sonthi,ที่ว่าการอำเภอลำสนธิ ลพบุรี,0,0
หนองม่วง,หนองม่วง,ลพบุรี,Lopburi,หนองม่วง,16110000,Nong Muang,ที่ว่าการอำเภอหนองม่วง ลพบุรี,0,0
เมืองสิงห์บุรี,เมืองสิงห์บุรี,สิงห์บุรี,Sing Buri,เมืองสิงห์บุรี,17010000,Mueang Sing Buri,ที่ว่าการอำเภอเมืองสิงห์บุรี สิงห์บุรี,0,0
บางระจัน,บางระจัน,สิงห์บุรี,Sing Buri,บางระจัน,17020000,Bang Rachan,ที่ว่าการอำเภอบางระจัน สิงห์บุรี,0,0
ค่ายบางระจัน,ค่ายบางระจัน,สิงห์บุรี,Sing Buri,ค่ายบางระจัน,17030000,Khai Bang Rachan,ที่ว่าการอำเภอค่ายบางระจัน สิงห์บุรี,0,0
พรหมบุรี,พรหมบุรี,สิงห์บุรี,Sing Buri,พรหมบุรี,17040000,Phrom Buri,ที่ว่าการอำเภอพรหมบุรี สิงห์บุรี,0,0
ท่าช้าง,ท่าช้าง,สิงห์บุรี,Sing Buri,ท่าช้าง,17050000,Tha Chang,ที่ว่าการอำเภอท่าช้าง สิงห์บุรี,0,0
อินทร์บุรี,อินทร์บุรี,สิงห์บุรี,Sing Buri,อินทร์บุรี,17060000,In Buri,ที่ว่าการอำเภออินทร์บุรี สิงห์บุรี,0,0
เมืองชัยนาท,เมืองชัยนาท,ชัยนาท,Chai Nat,เมืองชัยนาท,18010000,Mueang Chai Nat,ที่ว่าการอำเภอเมืองชัยนาท ชัยนาท,0,0
มโนรมย์,มโนรมย์,ชัยนาท,Chai Nat,มโนรมย์,18020000,Manorom,ที่ว่าการอำเภอมโนรมย์ ชัยนาท,0,0
วัดสิงห์,วัดสิงห์,ชัยนาท,Chai Nat,วัดสิงห์,18030000,Wat Sing,ที่ว่าการอำเภอวัดสิงห์ ชัยนาท,0,0
สรรพยา,สรรพยา,ชัยนาท,Chai Nat,สรรพยา,18040000,Sapphaya,ที่ว่าการอำเภอสรรพยา ชัยนาท,0,0
สรรคบุรี,สรรคบุรี,ชัยนาท,Chai Nat,สรรคบุรี,18050000,Sankhaburi,ที่ว่าการอำเภอสรรคบุรี ชัยนาท,0,0
หันคา,หันคา,ชัยนาท,Chai Nat,หันคา,18060000,Hankha,ที่ว่าการอำเภอหันคา ชัยนาท,0,0
หนองมะโมง,หนองมะโมง,ชัยนาท,Chai Nat,หนองมะโมง,18070000,Nong Mamong,ที่ว่าการอำเภอหนองมะโมง ชัยนาท,0,0
เนินขาม,เนินขาม,ชัยนาท,Chai Nat,เนินขาม,18080000,Noen Kham,ที่ว่าการอำเภอเนินขาม ชัยนาท,0,0
เมืองสระบุรี,เมืองสระบุรี,สระบุรี,Saraburi,เมืองสระบุรี,19010000,Mueang Saraburi,ที่ว่าการอำเภอเมืองสระบุรี สระบุรี,0,0
แก่งคอย,แก่งคอย,สระบุรี,Saraburi,แก่งคอย,19020000,Kaeng Khoi,ที่ว่าการอำเภอแก่งคอย สระบุรี,0,0
หนองแค,หนองแค,สระบุรี,Saraburi,หนองแค,19030000,Nong Khae,ที่ว่าการอำเภอหนองแค สระบุรี,0,0
วิหารแดง,วิหารแดง,สระบุรี,Saraburi,วิหารแดง,19040000,Wihan Daeng,ที่ว่าการอำเภอวิหารแดง สระบุรี,0,0
หนองแซง,หนองแซง,สระบุรี,Saraburi,หนองแซง,19050000,Nong Saeng,ที่ว่าการอำเภอหนองแซง สระบุรี,0,0
บ้านหมอ,บ้านหมอ,สระบุรี,Saraburi,บ้านหมอ,19060000,Ban Mo,ที่ว่าการอำเภอบ้านหมอ สระบุรี,0,0
ดอนพุด,ดอนพุด,สระบุรี,Saraburi,ดอนพุด,19070000,Don Phut,ที่ว่าการอำเภอดอนพุด สระบุรี,0,0
หนองโดน,หนองโดน,สระบุรี,Saraburi,หนองโดน,19080000,Nong Don,ที่ว่าการอำเภอหนองโดน สระบุรี,0,0
พระพุทธบาท,พระพุทธบาท,สระบุรี,Saraburi,พระพุทธบาท,19090000,Phra Phutthabat,ที่ว่าการอำเภอพระพุทธบาท สระบุรี,0,0
เสาไห้,เสาไห้,สระบุรี,Saraburi,เสาไห้,19100000,Sao Hai,ที่ว่าการอำเภอเสาไห้ สระบุรี,0,0
มวกเหล็ก,มวกเหล็ก,สระบุรี,Saraburi,มวกเหล็ก,19110000,Muak Lek,ที่ว่าการอำเภอมวกเหล็ก สระบุรี,0,0
วังม่วง,วังม่วง,สระบุรี,Saraburi,วังม่วง,19120000,Wang Muang,ที่ว่าการอำเภอวังม่วง สระบุรี,0,0
เมืองชลบุรี,เมืองชลบุรี,ชลบุรี,Chonburi,เมืองชลบุรี,20010000,Mueang Chon Buri,ที่ว่าการอำเภอเมืองชลบุรี ชลบุรี,0,0
บ้านบึง,บ้านบึง,ชลบุรี,Chonburi,บ้านบึง,20020000,Ban Bueng,ที่ว่าการอำเภอบ้านบึง ชลบุรี,0,0
หนองใหญ่,หนองใหญ่,ชลบุรี,Chonburi,หนองใหญ่,20030000,Nong Yai,ที่ว่าการอำเภอหนองใหญ่ ชลบุรี,0,0
บางละมุง,บางละมุง,ชลบุรี,Chonburi,บางละมุง,20040000,Bang Lamung,ที่ว่าการอำเภอบางละมุง ชลบุรี,0,0
พานทอง,พานทอง,ชลบุรี,Chonburi,พานทอง,20050000,Phan Thong,ที่ว่าการอำเภอพานทอง ชลบุรี,0,0
พนัสนิคม,พนัสนิคม,ชลบุรี,Chonburi,พนัสนิคม,20060000,Phanat Nikhom,ที่ว่าการอำเภอพนัสนิคม ชลบุรี,0,0
ศรีราชา,ศรีราชา,ชลบุรี,Chonburi,ศรีราชา,20070000,Si Racha,ที่ว่าการอำเภอศรีราชา ชลบุรี,0,0
เกาะสีชัง,เกาะสีชัง,ชลบุรี,Chonburi,เกาะสีชัง,20080000,Ko Sichang,ที่ว่าการอำเภอเกาะสีชัง ชลบุรี,0,0
สัตหีบ,สัตหีบ,ชลบุรี,Chonburi,สัตหีบ,20090000,Sattahip,ที่ว่าการอำเภอสัตหีบ ชลบุรี,0,0
บ่อทอง,บ่อทอง,ชลบุรี,Chonburi,บ่อทอง,20100000,Bo Thong,ที่ว่าการอำเภอบ่อทอง ชลบุรี,0,0
เกาะจันทร์,เกาะจันทร์,ชลบุรี,Chonburi,เกาะจันทร์,20110000,Ko Chan,ที่ว่าการอำเภอเกาะจันทร์ ชลบุรี,0,0
เมืองระยอง,เมืองระยอง,ระยอง,Rayong,เมืองระยอง,21010000,Mueang Rayong,ที่ว่าการอำเภอเมืองระยอง ระยอง,0,0
บ้านฉาง,บ้านฉาง,ระยอง,Rayong,บ้านฉาง,21020000,Ban Chang,ที่ว่าการอำเภอบ้านฉาง ระยอง,0,0
แกลง,แกลง,ระยอง,Rayong,แกลง,21030000,Klaeng,ที่ว่าการอำเภอแกลง ระยอง,0,0
วังจันทร์,วังจันทร์,ระยอง,Rayong,วังจันทร์,21040000,Wang Chan,ที่ว่าการอำเภอวังจันทร์ ระยอง,0,0
บ้านค่าย,บ้านค่าย,ระยอง,Rayong,บ้านค่าย,21050000,Ban Khai,ที่ว่าการอำเภอบ้านค่าย ระยอง,0,0
ปลวกแดง,ปลวกแดง,ระยอง,Rayong,ปลวกแดง,21060000,Pluak Daeng,ที่ว่าการอำเภอปลวกแดง ระยอง,0,0
เขาชะเมา,เขาชะเมา,ระยอง,Rayong,เขาชะเมา,21070000,Khao Chamao,ที่ว่าการอำเภอเขาชะเมา ระยอง,0,0
นิคมพัฒนา,นิคมพัฒนา,ระยอง,Rayong,นิคมพัฒนา,21080000,Nikhom Phatthana,ที่ว่าการอำเภอนิคมพัฒนา ระยอง,0,0
เมืองจันทบุรี,เมืองจันทบุรี,จันทบุรี,Chanthaburi,เมืองจันทบุรี,22010000,Mueang Chanthaburi,ที่ว่าการอำเภอเมืองจันทบุรี จันทบุรี,0,0
ขลุง,ขลุง,จันทบุรี,Chanthaburi,ขลุง,22020000,Khlung,ที่ว่าการอำเภอขลุง จันทบุรี,0,0
ท่าใหม่,ท่าใหม่,จันทบุรี,Chanthaburi,ท่าใหม่,22030000,Tha Mai,ที่ว่าการอำเภอท่าใหม่ จันทบุรี,0,0
โป่งน้ำร้อน,โป่งน้ำร้อน,จันทบุรี,Chanthaburi,โป่งน้ำร้อน,22040000,Pong Nam Ron,ที่ว่าการอำเภอโป่งน้ำร้อน จันทบุรี,0,0
มะขาม,มะขาม,จันทบุรี,Chanthaburi,มะขาม,22050000,Makham,ที่ว่าการอำเภอมะขาม จันทบุรี,0,0
แหลมสิงห์,แหลมสิงห์,จันทบุรี,Chanthaburi,แหลมสิงห์,22060000,Laem Sing,ที่ว่าการอำเภอแหลมสิงห์ จันทบุรี,0,0
สอยดาว,สอยดาว,จันทบุรี,Chanthaburi,สอยดาว,22070000,Soi Dao,ที่ว่าการอำเภอสอยดาว จันทบุรี,0,0
แก่งหางแมว,แก่งหางแมว,จันทบุรี,Chanthaburi,แก่งหางแมว,22080000,Kaeng Hang Maeo,ที่ว่าการอำเภอแก่งหางแมว จันทบุรี,0,0
นายายอาม,นายายอาม,จันทบุรี,Chanthaburi,นายายอาม,22090000,Na Yai Am,ที่ว่าการอำเภอนายายอาม จันทบุรี,0,0
เขาคิชฌกูฏ,เขาคิชฌกูฏ,จันทบุรี,Chanthaburi,เขาคิชฌกูฏ,22100000,Khao Khitchakut,ที่ว่าการอำเภอเขาคิชฌกูฏ จันทบุรี,0,0
เมืองตราด,เมืองตราด,ตราด,Trat,เมืองตราด,23010000,Mueang Trat,ที่ว่าการอำเภอเมืองตราด ตราด,0,0
คลองใหญ่,คลองใหญ่,ตราด,Trat,คลองใหญ่,23020000,Khlong Yai,ที่ว่าการอำเภอคลองใหญ่ ตราด,0,0
เขาสมิง,เขาสมิง,ตราด,Trat,เขาสมิง,23030000,Khao Saming,ที่ว่าการอำเภอเขาสมิง ตราด,0,0
บ่อไร่,บ่อไร่,ตราด,Trat,บ่อไร่,23040000,Bo Rai,ที่ว่าการอำเภอบ่อไร่ ตราด,0,0
แหลมงอบ,แหลมงอบ,ตราด,Trat,แหลมงอบ,23050000,Laem Ngop,ที่ว่าการอำเภอแหลมงอบ ตราด,0,0
เกาะกูด,เกาะกูด,ตราด,Trat,เกาะกูด,23060000,Ko Kut,ที่ว่าการอำเภอเกาะกูด ตราด,0,0
เกาะช้าง,เกาะช้าง,ตราด,Trat,เกาะช้าง,23070000,Ko Chang,ที่ว่าการอำเภอเกาะช้าง ตราด,0,0
เมืองฉะเชิงเทรา,เมืองฉะเชิงเทรา,ฉะเชิงเทรา,Chachoengsao,เมืองฉะเชิงเทรา,24010000,Mueang Chachoengsao,ที่ว่าการอำเภอเมืองฉะเชิงเทรา ฉะเชิงเทรา,0,0
บางคล้า,บางคล้า,ฉะเชิงเทรา,Chachoengsao,บางคล้า,24020000,Bang Khla,ที่ว่าการอำเภอบางคล้า ฉะเชิงเทรา,0,0
บางน้ำเปรี้ยว,บางน้ำเปรี้ยว,ฉะเชิงเทรา,Chachoengsao,บางน้ำเปรี้ยว,24030000,Bang Nam Priao,ที่ว่าการอำเภอบางน้ำเปรี้ยว ฉะเชิงเทรา,0,0
บางปะกง,บางปะกง,ฉะเชิงเทรา,Chachoengsao,บางปะกง,24040000,Bang Pakong,ที่ว่าการอำเภอบางปะกง ฉะเชิงเทรา,0,0
บ้านโพธิ์,บ้านโพธิ์,ฉะเชิงเทรา,Chachoengsao,บ้านโพธิ์,24050000,Ban Pho,ที่ว่าการอำเภอบ้านโพธิ์ ฉะเชิงเทรา,0,0
พนมสารคาม,พนมสารคาม,ฉะเชิงเทรา,Chachoengsao,พนมสารคาม,24060000,Phanom Sarakham,ที่ว่าการอำเภอพนมสารคาม ฉะเชิงเทรา,0,0
ราชสาส์น,ราชสาส์น,ฉะเชิงเทรา,Chachoengsao,ราชสาส์น,24070000,Ratchasan,ที่ว่าการอำเภอราชสาส์น ฉะเชิงเทรา,0,0
สนามชัยเขต,สนามชัยเขต,ฉะเชิงเทรา,Chachoengsao,สนามชัยเขต,24080000,Sanam Chai Khet,ที่ว่าการอำเภอสนามชัยเขต ฉะเชิงเทรา,0,0
แปลงยาว,แปลงยาว,ฉะเชิงเทรา,Chachoengsao,แปลงยาว,24090000,Pleang Yao,ที่ว่าการอำเภอแปลงยาว ฉะเชิงเทรา,0,0
ท่าตะเกียบ,ท่าตะเกียบ,ฉะเชิงเทรา,Chachoengsao,ท่าตะเกียบ,24100000,Tha Takiap,ที่ว่าการอำเภอท่าตะเกียบ ฉะเชิงเทรา,0,0
คลองเขื่อน,คลองเขื่อน,ฉะเชิงเทรา,Chachoengsao,คลองเขื่อน,24110000,Khlong Khuean,ที่ว่าการอำเภอคลองเขื่อน ฉะเชิงเทรา,0,0
เมืองปราจีนบุรี,เมืองปราจีนบุรี,ปราจีนบุรี,Prachin Buri,เมืองปราจีนบุรี,25010000,Mueang Prachin Buri,ที่ว่าการอำเภอเมืองปราจีนบุรี ปราจีนบุรี,0,0
กบินทร์บุรี,กบินทร์บุรี,ปราจีนบุรี,Prachin Buri,กบินทร์บุรี,25020000,Kabin Buri,ที่ว่าการอำเภอกบินทร์บุรี ปราจีนบุรี,0,0
นาดี,นาดี,ปราจีนบุรี,Prachin Buri,นาดี,25030000,Na Di,ที่ว่าการอำเภอนาดี ปราจีนบุรี,0,0
บ้านสร้าง,บ้านสร้าง,ปราจีนบุรี,Prachin Buri,บ้านสร้าง,25060000,Ban Sang,ที่ว่าการอำเภอบ้านสร้าง ปราจีนบุรี,0,0
ประจันตคาม,ประจันตคาม,ปราจีนบุรี,Prachin Buri,ประจันตคาม,25070000,Prachantakham,ที่ว่าการอำเภอประจันตคาม ปราจีนบุรี,0,0
ศรีมหาโพธิ,ศรีมหาโพธิ,ปราจีนบุรี,Prachin Buri,ศรีมหาโพธิ,25080000,Si Maha Phot,ที่ว่าการอำเภอศรีมหาโพธิ ปราจีนบุรี,0,0
ศรีมโหสถ,ศรีมโหสถ,ปราจีนบุรี,Prachin Buri,ศรีมโหสถ,25090000,Si Mahosot,ที่ว่าการอำเภอศรีมโหสถ ปราจีนบุรี,0,0
เมืองนครนายก,เมืองนครนายก,นครนายก,Nakhon Nayok,เมืองนครนายก,26010000,Mueang Nakhon Nayok,ที่ว่าการอำเภอเมืองนครนายก นครนายก,0,0
ปากพลี,ปากพลี,นครนายก,Nakhon Nayok,ปากพลี,26020000,Pak Phli,ที่ว่าการอำเภอปากพลี นครนายก,0,0
บ้านนา,บ้านนา,นครนายก,Nakhon Nayok,บ้านนา,26030000,Ban Na,ที่ว่าการอำเภอบ้านนา นครนายก,0,0
องครักษ์,องครักษ์,นครนายก,Nakhon Nayok,องครักษ์,26040000,Ongkharak,ที่ว่าการอำเภอองครักษ์ นครนายก,0,0
เมืองสระแก้ว,เมืองสระแก้ว,สระแก้ว,Sa Kaeo,เมืองสระแก้ว,27010000,Mueang Sa Kaeo,ที่ว่าการอำเภอเมืองสระแก้ว สระแก้ว,0,0
คลองหาด,คลองหาด,สระแก้ว,Sa Kaeo,คลองหาด,27020000,Khlong Hat,ที่ว่าการอำเภอคลองหาด สระแก้ว,0,0
ตาพระยา,ตาพระยา,สระแก้ว,Sa Kaeo,ตาพระยา,27030000,Ta Phraya,ที่ว่าการอำเภอตาพระยา สระแก้ว,0,0
วังน้ำเย็น,วังน้ำเย็น,สระแก้ว,Sa Kaeo,วังน้ำเย็น,27040000,Wang Nam Yen,ที่ว่าการอำเภอวังน้ำเย็น สระแก้ว,0,0
วัฒนานคร,วัฒนานคร,สระแก้ว,Sa Kaeo,วัฒนานคร,27050000,Watthana Nakhon,ที่ว่าการอำเภอวัฒนานคร สระแก้ว,0,0
อรัญประเทศ,อรัญประเทศ,สระแก้ว,Sa Kaeo,อรัญประเทศ,27060000,Aranyaprathet,ที่ว่าการอำเภออรัญประเทศ สระแก้ว,0,0
เขาฉกรรจ์,เขาฉกรรจ์,สระแก้ว,Sa Kaeo,เขาฉกรรจ์,27070000,Khao Chakan,ที่ว่าการอำเภอเขาฉกรรจ์ สระแก้ว,0,0
โคกสูง,โคกสูง,สระแก้ว,Sa Kaeo,โคกสูง,27080000,Khok Sung,ที่ว่าการอำเภอโคกสูง สระแก้ว,0,0
วังสมบูรณ์,วังสมบูรณ์,สระแก้ว,Sa Kaeo,วังสมบูรณ์,27090000,Wang Sombun,ที่ว่าการอำเภอวังสมบูรณ์ สระแก้ว,0,0
เมืองนครราชสีมา,เมืองนครราชสีมา,นครราชสีมา,Nakhon Ratchasima,เมืองนครราชสีมา,30010000,Mueang Nakhon Ratchasima,ที่ว่าการอำเภอเมืองนครราชสีมา นครราชสีมา,0,0
ครบุรี,ครบุรี,นครราชสีมา,Nakhon Ratchasima,ครบุรี,30020000,Khon Buri,ที่ว่าการอำเภอครบุรี นครราชสีมา,0,0
เสิงสาง,เสิงสาง,นครราชสีมา,Nakhon Ratchasima,เสิงสาง,30030000,Soeng Sang,ที่ว่าการอำเภอเสิงสาง นครราชสีมา,0,0
คง,คง,นครราชสีมา,Nakhon Ratchasima,คง,30040000,Khong,ที่ว่าการอำเภอคง นครราชสีมา,0,0
บ้านเหลื่อม,บ้านเหลื่อม,นครราชสีมา,Nakhon Ratchasima,บ้านเหลื่อม,30050000,Ban Lueam,ที่ว่าการอำเภอบ้านเหลื่อม นครราชสีมา,0,0
จักราช,จักราช,นครราชสีมา,Nakhon Ratchasima,จักราช,30060000,Chakkarat,ที่ว่าการอำเภอจักราช นครราชสีมา,0,0
โชคชัย,โชคชัย,นครราชสีมา,Nakhon Ratchasima,โชคชัย,30070000,Chok Chai,ที่ว่าการอำเภอโชคชัย นครราชสีมา,0,0
ด่านขุนทด,ด่านขุนทด,นครราชสีมา,Nakhon Ratchasima,ด่านขุนทด,30080000,Dan Khun Thot,ที่ว่าการอำเภอด่านขุนทด นครราชสีมา,0,0
โนนไทย,โนนไทย,นครราชสีมา,Nakhon Ratchasima,โนนไทย,30090000,Non Thai,ที่ว่าการอำเภอโนนไทย นครราชสีมา,0,0
โนนสูง,โนนสูง,นครราชสีมา,Nakhon Ratchasima,โนนสูง,30100000,Non Sung,ที่ว่าการอำเภอโนนสูง นครราชสีมา,0,0
ขามสะแกแสง,ขามสะแกแสง,นครราชสีมา,Nakhon Ratchasima,ขามสะแกแสง,30110000,Kham Sakaesaeng,ที่ว่าการอำเภอขามสะแกแสง นครราชสีมา,0,0
บัวใหญ่,บัวใหญ่,นครราชสีมา,Nakhon Ratchasima,บัวใหญ่,30120000,Bua Yai,ที่ว่าการอำเภอบัวใหญ่ นครราชสีมา,0,0
ประทาย,ประทาย,นครราชสีมา,Nakhon Ratchasima,ประทาย,30130000,Prathai,ที่ว่าการอำเภอประทาย นครราชสีมา,0,0
ปักธงชัย,ปักธงชัย,นครราชสีมา,Nakhon Ratchasima,ปักธงชัย,30140000,Pak Thong Chai,ที่ว่าการอำเภอปักธงชัย นครราชสีมา,0,0
พิมาย,พิมาย,นครราชสีมา,Nakhon Ratchasima,พิมาย,30150000,Phimai,ที่ว่าการอำเภอพิมาย นครราชสีมา,0,0
ห้วยแถลง,ห้วยแถลง,นครราชสีมา,Nakhon Ratchasima,ห้วยแถลง,30160000,Huai Thalaeng,ที่ว่าการอำเภอห้วยแถลง นครราชสีมา,0,0
ชุมพวง,ชุมพวง,นครราชสีมา,Nakhon Ratchasima,ชุมพวง,30170000,Chum Phuang,ที่ว่าการอำเภอชุมพวง นครราชสีมา,0,0
สูงเนิน,สูงเนิน,นครราชสีมา,Nakhon Ratchasima,สูงเนิน,30180000,Sung Noen,ที่ว่าการอำเภอสูงเนิน นครราชสีมา,0,0
ขามทะเลสอ,ขามทะเลสอ,นครราชสีมา,Nakhon Ratchasima,ขามทะเลสอ,30190000,Kham Thale So,ที่ว่าการอำเภอขามทะเลสอ นครราชสีมา,0,0
สีคิ้ว,สีคิ้ว,นครราชสีมา,Nakhon Ratchasima,สีคิ้ว,30200000,Si Khio,ที่ว่าการอำเภอสีคิ้ว นครราชสีมา,0,0
ปากช่อง,ปากช่อง,นครราชสีมา,Nakhon Ratchasima,ปากช่อง,30210000,Pak Chong,ที่ว่าการอำเภอปากช่อง นครราชสีมา,0,0
หนองบุญมาก,หนองบุญมาก,นครราชสีมา,Nakhon Ratchasima,หนองบุญมาก,30220000,Nong Bunmak,ที่ว่าการอำเภอหนองบุญมาก นครราชสีมา,0,0
แก้งสนามนาง,แก้งสนามนาง,นครราชสีมา,Nakhon Ratchasima,แก้งสนามนาง,30230000,Kaeng Sanam Nang,ที่ว่าการอำเภอแก้งสนามนาง นครราชสีมา,0,0
โนนแดง,โนนแดง,นครราชสีมา,Nakhon Ratchasima,โนนแดง,30240000,Non Daeng,ที่ว่าการอำเภอโนนแดง นครราชสีมา,0,0
วังน้ำเขียว,วังน้ำเขียว,นครราชสีมา,Nakhon Ratchasima,วังน้ำเขียว,30250000,Wang Nam Khiao,ที่ว่าการอำเภอวังน้ำเขียว นครราชสีมา,0,0
เทพารักษ์,เทพารักษ์,นครราชสีมา,Nakhon Ratchasima,เทพารักษ์,30260000,Thepharak,ที่ว่าการอำเภอเทพารักษ์ นครราชสีมา,0,0
เมืองยาง,เมืองยาง,นครราชสีมา,Nakhon Ratchasima,เมืองยาง,30270000,Mueang Yang,ที่ว่าการอำเภอเมืองยาง นครราชสีมา,0,0
พระทองคำ,พระทองคำ,นครราชสีมา,Nakhon Ratchasima,พระทองคำ,30280000,Phra Thong Kham,ที่ว่าการอำเภอพระทองคำ นครราชสีมา,0,0
ลำทะเมนชัย,ลำทะเมนชัย,นครราชสีมา,Nakhon Ratchasima,ลำทะเมนชัย,30290000,Lamtaman Chai,ที่ว่าการอำเภอลำทะเมนชัย นครราชสีมา,0,0
บัวลาย,บัวลาย,นครราชสีมา,Nakhon Ratchasima,บัวลาย,30300000,Bua Lai,ที่ว่าการอำเภอบัวลาย นครราชสีมา,0,0
สีดา,สีดา,นครราชสีมา,Nakhon Ratchasima,สีดา,30310000,Sida,ที่ว่าการอำเภอสีดา นครราชสีมา,0,0
เมืองบุรีรัมย์,เมืองบุรีรัมย์,บุรีรัมย์,Buri Ram,เมืองบุรีรัมย์,31010000,Mueang Buri Ram,ที่ว่าการอำเภอเมืองบุรีรัมย์ บุรีรัมย์,0,0
คูเมือง,คูเมือง,บุรีรัมย์,Buri Ram,คูเมือง,31020000,Khu Mueang,ที่ว่าการอำเภอคูเมือง บุรีรัมย์,0,0
กระสัง,กระสัง,บุรีรัมย์,Buri Ram,กระสัง,31030000,Krasang,ที่ว่าการอำเภอกระสัง บุรีรัมย์,0,0
นางรอง,นางรอง,บุรีรัมย์,Buri Ram,นางรอง,31040000,Nang Rong,ที่ว่าการอำเภอนางรอง บุรีรัมย์,0,0
หนองกี่,หนองกี่,บุรีรัมย์,Buri Ram,หนองกี่,31050000,Nong Ki,ที่ว่าการอำเภอหนองกี่ บุรีรัมย์,0,0
ละหานทราย,ละหานทราย,บุรีรัมย์,Buri Ram,ละหานทราย,31060000,Lahan Sai,ที่ว่าการอำเภอละหานทราย บุรีรัมย์,0,0
ประโคนชัย,ประโคนชัย,บุรีรัมย์,Buri Ram,ประโคนชัย,31070000,Prakhon Chai,ที่ว่าการอำเภอประโคนชัย บุรีรัมย์,0,0
บ้านกรวด,บ้านกรวด,บุรีรัมย์,Buri Ram,บ้านกรวด,31080000,Ban Kruat,ที่ว่าการอำเภอบ้านกรวด บุรีรัมย์,0,0
พุทไธสง,พุทไธสง,บุรีรัมย์,Buri Ram,พุทไธสง,31090000,Phutthaisong,ที่ว่าการอำเภอพุทไธสง บุรีรัมย์,0,0
ลำปลายมาศ,ลำปลายมาศ,บุรีรัมย์,Buri Ram,ลำปลายมาศ,31100000,Lam Plai Mat,ที่ว่าการอำเภอลำปลายมาศ บุรีรัมย์,0,0
สตึก,สตึก,บุรีรัมย์,Buri Ram,สตึก,31110000,Satuek,ที่ว่าการอำเภอสตึก บุรีรัมย์,0,0
ปะคำ,ปะคำ,บุรีรัมย์,Buri Ram,ปะคำ,31120000,Pakham,ที่ว่าการอำเภอปะคำ บุรีรัมย์,0,0
นาโพธิ์,นาโพธิ์,บุรีรัมย์,Buri Ram,นาโพธิ์,31130000,Na Pho,ที่ว่าการอำเภอนาโพธิ์ บุรีรัมย์,0,0
หนองหงส์,หนองหงส์,บุรีรัมย์,Buri Ram,หนองหงส์,31140000,Nong Hong,ที่ว่าการอำเภอหนองหงส์ บุรีรัมย์,0,0
พลับพลาชัย,พลับพลาชัย,บุรีรัมย์,Buri Ram,พลับพลาชัย,31150000,Phlapphla Chai,ที่ว่าการอำเภอพลับพลาชัย บุรีรัมย์,0,0
ห้วยราช,ห้วยราช,บุรีรัมย์,Buri Ram,ห้วยราช,31160000,Huai Rat,ที่ว่าการอำเภอห้วยราช บุรีรัมย์,0,0
โนนสุวรรณ,โนนสุวรรณ,บุรีรัมย์,Buri Ram,โนนสุวรรณ,31170000,Non Din Daeng,ที่ว่าการอำเภอโนนสุวรรณ บุรีรัมย์,0,0
ชำนิ,ชำนิ,บุรีรัมย์,Buri Ram,ชำนิ,31180000,Chamni,ที่ว่าการอำเภอชำนิ บุรีรัมย์,0,0
บ้านใหม่ไชยพจน์,บ้านใหม่ไชยพจน์,บุรีรัมย์,Buri Ram,บ้านใหม่ไชยพจน์,31190000,Ban Mai Chaiyaphot,ที่ว่าการอำเภอบ้านใหม่ไชยพจน์ บุรีรัมย์,0,0
โนนดินแดง,โนนดินแดง,บุรีรัมย์,Buri Ram,โนนดินแดง,31200000,Non Din Daeng,ที่ว่าการอำเภอโนนดินแดง บุรีรัมย์,0,0
บ้านด่าน,บ้านด่าน,บุรีรัมย์,Buri Ram,บ้านด่าน,31210000,Ban Dan,ที่ว่าการอำเภอบ้านด่าน บุรีรัมย์,0,0
แคนดง,แคนดง,บุรีรัมย์,Buri Ram,แคนดง,31220000,Khaen Dong,ที่ว่าการอำเภอแคนดง บุรีรัมย์,0,0
เฉลิมพระเกียรติ,เฉลิมพระเกียรติ,นครราชสีมา,Nakhon Ratchasima,เฉลิมพระเกียรติ,31230000,Chaloem Phra Kiet,ที่ว่าการอำเภอเฉลิมพระเกียรติ นครราชสีมา,0,0
เฉลิมพระเกียรติ,เฉลิมพระเกียรติ,นครศรีธรรมราช,Nakhon Si Thammarat,เฉลิมพระเกียรติ,31230000,Chaloem Phra Kiet,ที่ว่าการอำเภอเฉลิมพระเกียรติ นครศรีธรรมราช,0,0
เฉลิมพระเกียรติ,เฉลิมพระเกียรติ,น่าน,Nan,เฉลิมพระเกียรติ,31230000,Chaloem Phra Kiet,ที่ว่าการอำเภอเฉลิมพระเกียรติ น่าน,0,0
เฉลิมพระเกียรติ,เฉลิมพระเกียรติ,บุรีรัมย์,Buri Ram,เฉลิมพระเกียรติ,31230000,Chaloem Phra Kiet,ที่ว่าการอำเภอเฉลิมพระเกียรติ บุรีรัมย์,0,0
เฉลิมพระเกียรติ,เฉลิมพระเกียรติ,สระบุรี,Saraburi,เฉลิมพระเกียรติ,31230000,Chaloem Phra Kiet,ที่ว่าการอำเภอเฉลิมพระเกียรติ สระบุรี,0,0
เมืองสุรินทร์,เมืองสุรินทร์,สุรินทร์,Surin,เมืองสุรินทร์,32010000,Mueang Surin,ที่ว่าการอำเภอเมืองสุรินทร์ สุรินทร์,0,0
ชุมพลบุรี,ชุมพลบุรี,สุรินทร์,Surin,ชุมพลบุรี,32020000,Chumphon Buri,ที่ว่าการอำเภอชุมพลบุรี สุรินทร์,0,0
ท่าตูม,ท่าตูม,สุรินทร์,Surin,ท่าตูม,32030000,Tha Tum,ที่ว่าการอำเภอท่าตูม สุรินทร์,0,0
จอมพระ,จอมพระ,สุรินทร์,Surin,จอมพระ,32040000,Chom Phra,ที่ว่าการอำเภอจอมพระ สุรินทร์,0,0
ปราสาท,ปราสาท,สุรินทร์,Surin,ปราสาท,32050000,Prasat,ที่ว่าการอำเภอปราสาท สุรินทร์,0,0
กาบเชิง,กาบเชิง,สุรินทร์,Surin,กาบเชิง,32060000,Kap Choeng,ที่ว่าการอำเภอกาบเชิง สุรินทร์,0,0
รัตนบุรี,รัตนบุรี,สุรินทร์,Surin,รัตนบุรี,32070000,Rattanaburi,ที่ว่าการอำเภอรัตนบุรี สุรินทร์,0,0
สนม,สนม,สุรินทร์,Surin,สนม,32080000,Sanom,ที่ว่าการอำเภอสนม สุรินทร์,0,0
ศีขรภูมิ,ศีขรภูมิ,สุรินทร์,Surin,ศีขรภูมิ,32090000,Sikhoraphum,ที่ว่าการอำเภอศีขรภูมิ สุรินทร์,0,0
สังขะ,สังขะ,สุรินทร์,Surin,สังขะ,32100000,Sangkha,ที่ว่าการอำเภอสังขะ สุรินทร์,0,0
ลำดวน,ลำดวน,สุรินทร์,Surin,ลำดวน,32110000,Lamduan,ที่ว่าการอำเภอลำดวน สุรินทร์,0,0
สำโรงทาบ,สำโรงทาบ,สุรินทร์,Surin,สำโรงทาบ,32120000,Samrong Thap,ที่ว่าการอำเภอสำโรงทาบ สุรินทร์,0,0
บัวเชด,บัวเชด,สุรินทร์,Surin,บัวเชด,32130000,Buachet,ที่ว่าการอำเภอบัวเชด สุรินทร์,0,0
พนมดงรัก,พนมดงรัก,สุรินทร์,Surin,พนมดงรัก,32140000,Phanom Dong Rak,ที่ว่าการอำเภอพนมดงรัก สุรินทร์,0,0
ศรีณรงค์,ศรีณรงค์,สุรินทร์,Surin,ศรีณรงค์,32150000,Si Narong,ที่ว่าการอำเภอศรีณรงค์ สุรินทร์,0,0
เขวาสินรินทร์,เขวาสินรินทร์,สุรินทร์,Surin,เขวาสินรินทร์,32160000,Khwao Sinarin,ที่ว่าการอำเภอเขวาสินรินทร์ สุรินทร์,0,0
โนนนารายณ์,โนนนารายณ์,สุรินทร์,Surin,โนนนารายณ์,32170000,Non Narai,ที่ว่าการอำเภอโนนนารายณ์ สุรินทร์,0,0
เมืองศรีสะเกษ,เมืองศรีสะเกษ,ศรีสะเกษ,Si Sa Ket,เมืองศรีสะเกษ,33010000,Mueang Si Sa Ket,ที่ว่าการอำเภอเมืองศรีสะเกษ ศรีสะเกษ,0,0
ยางชุมน้อย,ยางชุมน้อย,ศรีสะเกษ,Si Sa Ket,ยางชุมน้อย,33020000,Yang Chum Noi,ที่ว่าการอำเภอยางชุมน้อย ศรีสะเกษ,0,0
กันทรารมย์,กันทรารมย์,ศรีสะเกษ,Si Sa Ket,กันทรารมย์,33030000,Kanthararom,ที่ว่าการอำเภอกันทรารมย์ ศรีสะเกษ,0,0
กันทรลักษ์,กันทรลักษ์,ศรีสะเกษ,Si Sa Ket,กันทรลักษ์,33040000,Kantharalak,ที่ว่าการอำเภอกันทรลักษ์ ศรีสะเกษ,0,0
ขุขันธ์,ขุขันธ์,ศรีสะเกษ,Si Sa Ket,ขุขันธ์,33050000,Khukhan,ที่ว่าการอำเภอขุขันธ์ ศรีสะเกษ,0,0
ไพรบึง,ไพรบึง,ศรีสะเกษ,Si Sa Ket,ไพรบึง,33060000,Phrai Bueng,ที่ว่าการอำเภอไพรบึง ศรีสะเกษ,0,0
ปรางค์กู่,ปรางค์กู่,ศรีสะเกษ,Si Sa Ket,ปรางค์กู่,33070000,Prang Ku,ที่ว่าการอำเภอปรางค์กู่ ศรีสะเกษ,0,0
ขุนหาญ,ขุนหาญ,ศรีสะเกษ,Si Sa Ket,ขุนหาญ,33080000,Khun Han,ที่ว่าการอำเภอขุนหาญ ศรีสะเกษ,0,0
ราษีไศล,ราษีไศล,ศรีสะเกษ,Si Sa Ket,ราษีไศล,33090000,Rasi Salai,ที่ว่าการอำเภอราษีไศล ศรีสะเกษ,0,0
อุทุมพรพิสัย,อุทุมพรพิสัย,ศรีสะเกษ,Si Sa Ket,อุทุมพรพิสัย,33100000,Uthumphon Phisai,ที่ว่าการอำเภออุทุมพรพิสัย ศรีสะเกษ,0,0
บึงบูรพ์,บึงบูรพ์,ศรีสะเกษ,Si Sa Ket,บึงบูรพ์,33110000,Bueng Bun,ที่ว่าการอำเภอบึงบูรพ์ ศรีสะเกษ,0,0
ห้วยทับทัน,ห้วยทับทัน,ศรีสะเกษ,Si Sa Ket,ห้วยทับทัน,33120000,Huai Thap Than,ที่ว่าการอำเภอห้วยทับทัน ศรีสะเกษ,0,0
โนนคูณ,โนนคูณ,ศรีสะเกษ,Si Sa Ket,โนนคูณ,33130000,Non Khun,ที่ว่าการอำเภอโนนคูณ ศรีสะเกษ,0,0
ศรีรัตนะ,ศรีรัตนะ,ศรีสะเกษ,Si Sa Ket,ศรีรัตนะ,33140000,Si Rattana,ที่ว่าการอำเภอศรีรัตนะ ศรีสะเกษ,0,0
น้ำเกลี้ยง,น้ำเกลี้ยง,ศรีสะเกษ,Si Sa Ket,น้ำเกลี้ยง,33150000,Nam Kliang,ที่ว่าการอำเภอน้ำเกลี้ยง ศรีสะเกษ,0,0
วังหิน,วังหิน,ศรีสะเกษ,Si Sa Ket,วังหิน,33160000,Wang Hin,ที่ว่าการอำเภอวังหิน ศรีสะเกษ,0,0
ภูสิงห์,ภูสิงห์,ศรีสะเกษ,Si Sa Ket,ภูสิงห์,33170000,Phu Sing,ที่ว่าการอำเภอภูสิงห์ ศรีสะเกษ,0,0
เมืองจันทร์,เมืองจันทร์,ศรีสะเกษ,Si Sa Ket,เมืองจันทร์,33180000,Mueang Chan,ที่ว่าการอำเภอเมืองจันทร์ ศรีสะเกษ,0,0
เบญจลักษ์,เบญจลักษ์,ศรีสะเกษ,Si Sa Ket,เบญจลักษ์,33190000,Benchalak,ที่ว่าการอำเภอเบญจลักษ์ ศรีสะเกษ,0,0
พยุห์,พยุห์,ศรีสะเกษ,Si Sa Ket,พยุห์,33200000,Phayu,ที่ว่าการอำเภอพยุห์ ศรีสะเกษ,0,0
โพธิ์ศรีสุวรรณ,โพธิ์ศรีสุวรรณ,ศรีสะเกษ,Si Sa Ket,โพธิ์ศรีสุวรรณ,33210000,Pho Si Suwan,ที่ว่าการอำเภอโพธิ์ศรีสุวรรณ ศรีสะเกษ,0,0
ศิลาลาด,ศิลาลาด,ศรีสะเกษ,Si Sa Ket,ศิลาลาด,33220000,Sila Lat,ที่ว่าการอำเภอศิลาลาด ศรีสะเกษ,0,0
เมืองอุบลราชธานี,เมืองอุบลราชธานี,อุบลราชธานี,Ubon Ratchathani,เมืองอุบลราชธานี,34010000,Mueang Ubon Ratchathani,ที่ว่าการอำเภอเมืองอุบลราชธานี อุบลราชธานี,0,0
ศรีเมืองใหม่,ศรีเมืองใหม่,อุบลราชธานี,Ubon Ratchathani,ศรีเมืองใหม่,34020000,Si Mueang Mai,ที่ว่าการอำเภอศรีเมืองใหม่ อุบลราชธานี,0,0
โขงเจียม,โขงเจียม,อุบลราชธานี,Ubon Ratchathani,โขงเจียม,34030000,Khong Chiam,ที่ว่าการอำเภอโขงเจียม อุบลราชธานี,0,0
เขื่องใน,เขื่องใน,อุบลราชธานี,Ubon Ratchathani,เขื่องใน,34040000,Khueang Nai,ที่ว่าการอำเภอเขื่องใน อุบลราชธานี,0,0
เขมราฐ,เขมราฐ,อุบลราชธานี,Ubon Ratchathani,เขมราฐ,34050000,Khemarat,ที่ว่าการอำเภอเขมราฐ อุบลราชธานี,0,0
เดชอุดม,เดชอุดม,อุบลราชธานี,Ubon Ratchathani,เดชอุดม,34070000,Det Udom,ที่ว่าการอำเภอเดชอุดม อุบลราชธานี,0,0
นาจะหลวย,นาจะหลวย,อุบลราชธานี,Ubon Ratchathani,นาจะหลวย,34080000,Na Chaluai,ที่ว่าการอำเภอนาจะหลวย อุบลราชธานี,0,0
น้ำยืน,น้ำยืน,อุบลราชธานี,Ubon Ratchathani,น้ำยืน,34090000,Nam Yuen,ที่ว่าการอำเภอน้ำยืน อุบลราชธานี,0,0
บุณฑริก,บุณฑริก,อุบลราชธานี,Ubon Ratchathani,บุณฑริก,34100000,Boontharik,ที่ว่าการอำเภอบุณฑริก อุบลราชธานี,0,0
ตระการพืชผล,ตระการพืชผล,อุบลราชธานี,Ubon Ratchathani,ตระการพืชผล,34110000,Trakan Phuet Phon,ที่ว่าการอำเภอตระการพืชผล อุบลราชธานี,0,0
กุดข้าวปุ้น,กุดข้าวปุ้น,อุบลราชธานี,Ubon Ratchathani,กุดข้าวปุ้น,34120000,Kut Khaopun,ที่ว่าการอำเภอกุดข้าวปุ้น อุบลราชธานี,0,0
ม่วงสามสิบ,ม่วงสามสิบ,อุบลราชธานี,Ubon Ratchathani,ม่วงสามสิบ,34140000,Muang Sam Sip,ที่ว่าการอำเภอม่วงสามสิบ อุบลราชธานี,0,0
วารินชำราบ,วารินชำราบ,อุบลราชธานี,Ubon Ratchathani,วารินชำราบ,34150000,Warin Chamrap,ที่ว่าการอำเภอวารินชำราบ อุบลราชธานี,0,0
พิบูลมังสาหาร,พิบูลมังสาหาร,อุบลราชธานี,Ubon Ratchathani,พิบูลมังสาหาร,34190000,Phibun Mangsahan,ที่ว่าการอำเภอพิบูลมังสาหาร อุบลราชธานี,0,0
ตาลสุม,ตาลสุม,อุบลราชธานี,Ubon Ratchathani,ตาลสุม,34200000,Tan Sum,ที่ว่าการอำเภอตาลสุม อุบลราชธานี,0,0
โพธิ์ไทร,โพธิ์ไทร,อุบลราชธานี,Ubon Ratchathani,โพธิ์ไทร,34210000,Pho Sai,ที่ว่าการอำเภอโพธิ์ไทร อุบลราชธานี,0,0
สำโรง,สำโรง,อุบลราชธานี,Ubon Ratchathani,สำโรง,34220000,Samrong,ที่ว่าการอำเภอสำโรง อุบลราชธานี,0,0
ดอนมดแดง,ดอนมดแดง,อุบลราชธานี,Ubon Ratchathani,ดอนมดแดง,34240000,Don Mot Daeng,ที่ว่าการอำเภอดอนมดแดง อุบลราชธานี,0,0
สิรินธร,สิรินธร,อุบลราชธานี,Ubon Ratchathani,สิรินธร,34250000,Sirindhorn,ที่ว่าการอำเภอสิรินธร อุบลราชธานี,0,0
ทุ่งศรีอุดม,ทุ่งศรีอุดม,อุบลราชธานี,Ubon Ratchathani,ทุ่งศรีอุดม,34260000,Thung Si Udom,ที่ว่าการอำเภอทุ่งศรีอุดม อุบลราชธานี,0,0
นาเยีย,นาเยีย,อุบลราชธานี,Ubon Ratchathani,นาเยีย,34290000,Na Yia,ที่ว่าการอำเภอนาเยีย อุบลราชธานี,0,0
นาตาล,นาตาล,อุบลราชธานี,Ubon Ratchathani,นาตาล,34300000,Na Tan,ที่ว่าการอำเภอนาตาล อุบลราชธานี,0,0
เหล่าเสือโก้ก,เหล่าเสือโก้ก,อุบลราชธานี,Ubon Ratchathani,เหล่าเสือโก้ก,34310000,Lao Suea Kok,ที่ว่าการอำเภอเหล่าเสือโก้ก อุบลราชธานี,0,0
สว่างวีระวงศ์,สว่างวีระวงศ์,อุบลราชธานี,Ubon Ratchathani,สว่างวีระวงศ์,34320000,Sawang Wirawong,ที่ว่าการอำเภอสว่างวีระวงศ์ อุบลราชธานี,0,0
น้ำขุ่น,น้ำขุ่น,อุบลราชธานี,Ubon Ratchathani,น้ำขุ่น,34330000,Nam Khun,ที่ว่าการอำเภอน้ำขุ่น อุบลราชธานี,0,0
เมืองยโสธร,เมืองยโสธร,ยโสธร,Yasothon,เมืองยโสธร,35010000,Mueang Yasothon,ที่ว่าการอำเภอเมืองยโสธร ยโสธร,0,0
ทรายมูล,ทรายมูล,ยโสธร,Yasothon,ทรายมูล,35020000,Sai Mun,ที่ว่าการอำเภอทรายมูล ยโสธร,0,0
กุดชุม,กุดชุม,ยโสธร,Yasothon,กุดชุม,35030000,Kut Chum,ที่ว่าการอำเภอกุดชุม ยโสธร,0,0
คำเขื่อนแก้ว,คำเขื่อนแก้ว,ยโสธร,Yasothon,คำเขื่อนแก้ว,35040000,Kham Khuean Kaeo,ที่ว่าการอำเภอคำเขื่อนแก้ว ยโสธร,0,0
ป่าติ้ว,ป่าติ้ว,ยโสธร,Yasothon,ป่าติ้ว,35050000,Pa Tio,ที่ว่าการอำเภอป่าติ้ว ยโสธร,0,0
มหาชนะชัย,มหาชนะชัย,ยโสธร,Yasothon,มหาชนะชัย,35060000,Maha Chana Chai,ที่ว่าการอำเภอมหาชนะชัย ยโสธร,0,0
ค้อวัง,ค้อวัง,ยโสธร,Yasothon,ค้อวัง,35070000,Kho Wang,ที่ว่าการอำเภอค้อวัง ยโสธร,0,0
เลิงนกทา,เลิงนกทา,ยโสธร,Yasothon,เลิงนกทา,35080000,Loeng Nok Tha,ที่ว่าการอำเภอเลิงนกทา ยโสธร,0,0
ไทยเจริญ,ไทยเจริญ,ยโสธร,Yasothon,ไทยเจริญ,35090000,Thai Charoen,ที่ว่าการอำเภอไทยเจริญ ยโสธร,0,0
เมืองชัยภูมิ,เมืองชัยภูมิ,ชัยภูมิ,Chaiyaphum,เมืองชัยภูมิ,36010000,Mueang Chaiyaphum,ที่ว่าการอำเภอเมืองชัยภูมิ ชัยภูมิ,0,0
บ้านเขว้า,บ้านเขว้า,ชัยภูมิ,Chaiyaphum,บ้านเขว้า,36020000,Ban Khwao,ที่ว่าการอำเภอบ้านเขว้า ชัยภูมิ,0,0
คอนสวรรค์,คอนสวรรค์,ชัยภูมิ,Chaiyaphum,คอนสวรรค์,36030000,Khon Sawan,ที่ว่าการอำเภอคอนสวรรค์ ชัยภูมิ,0,0
เกษตรสมบูรณ์,เกษตรสมบูรณ์,ชัยภูมิ,Chaiyaphum,เกษตรสมบูรณ์,36040000,Kaset Sombun,ที่ว่าการอำเภอเกษตรสมบูรณ์ ชัยภูมิ,0,0
หนองบัวแดง,หนองบัวแดง,ชัยภูมิ,Chaiyaphum,หนองบัวแดง,36050000,Nong Bua Daeng,ที่ว่าการอำเภอหนองบัวแดง ชัยภูมิ,0,0
จัตุรัส,จัตุรัส,ชัยภูมิ,Chaiyaphum,จัตุรัส,36060000,Chatturat,ที่ว่าการอำเภอจัตุรัส ชัยภูมิ,0,0
บำเหน็จณรงค์,บำเหน็จณรงค์,ชัยภูมิ,Chaiyaphum,บำเหน็จณรงค์,36070000,Bamnet Narong,ที่ว่าการอำเภอบำเหน็จณรงค์ ชัยภูมิ,0,0
หนองบัวระเหว,หนองบัวระเหว,ชัยภูมิ,Chaiyaphum,หนองบัวระเหว,36080000,Nong Bua Rawe,ที่ว่าการอำเภอหนองบัวระเหว ชัยภูมิ,0,0
เทพสถิต,เทพสถิต,ชัยภูมิ,Chaiyaphum,เทพสถิต,36090000,Thep Sathit,ที่ว่าการอำเภอเทพสถิต ชัยภูมิ,0,0
ภูเขียว,ภูเขียว,ชัยภูมิ,Chaiyaphum,ภูเขียว,36100000,Phu Khiao,ที่ว่าการอำเภอภูเขียว ชัยภูมิ,0,0
บ้านแท่น,บ้านแท่น,ชัยภูมิ,Chaiyaphum,บ้านแท่น,36110000,Ban Thaen,ที่ว่าการอำเภอบ้านแท่น ชัยภูมิ,0,0
แก้งคร้อ,แก้งคร้อ,ชัยภูมิ,Chaiyaphum,แก้งคร้อ,36120000,Kaeng Khro,ที่ว่าการอำเภอแก้งคร้อ ชัยภูมิ,0,0
คอนสาร,คอนสาร,ชัยภูมิ,Chaiyaphum,คอนสาร,36130000,Khon San,ที่ว่าการอำเภอคอนสาร ชัยภูมิ,0,0
ภักดีชุมพล,ภักดีชุมพล,ชัยภูมิ,Chaiyaphum,ภักดีชุมพล,36140000,Phakdi Chumphon,ที่ว่าการอำเภอภักดีชุมพล ชัยภูมิ,0,0
เนินสง่า,เนินสง่า,ชัยภูมิ,Chaiyaphum,เนินสง่า,36150000,Noen Sa-nga,ที่ว่าการอำเภอเนินสง่า ชัยภูมิ,0,0
ซับใหญ่,ซับใหญ่,ชัยภูมิ,Chaiyaphum,ซับใหญ่,36160000,Sap Yai,ที่ว่าการอำเภอซับใหญ่ ชัยภูมิ,0,0
เมืองอำนาจเจริญ,เมืองอำนาจเจริญ,อำนาจเจริญ,Amnat Charoen,เมืองอำนาจเจริญ,37010000,Mueang Amnat Charoen,ที่ว่าการอำเภอเมืองอำนาจเจริญ อำนาจเจริญ,0,0
ชานุมาน,ชานุมาน,อำนาจเจริญ,Amnat Charoen,ชานุมาน,37020000,Chanuman,ที่ว่าการอำเภอชานุมาน อำนาจเจริญ,0,0
ปทุมราชวงศา,ปทุมราชวงศา,อำนาจเจริญ,Amnat Charoen,ปทุมราชวงศา,37030000,Pathum Ratchawongsa,ที่ว่าการอำเภอปทุมราชวงศา อำนาจเจริญ,0,0
พนา,พนา,อำนาจเจริญ,Amnat Charoen,พนา,37040000,Phana,ที่ว่าการอำเภอพนา อำนาจเจริญ,0,0
เสนางคนิคม,เสนางคนิคม,อำนาจเจริญ,Amnat Charoen,เสนางคนิคม,37050000,Senangkhanikhom,ที่ว่าการอำเภอเสนางคนิคม อำนาจเจริญ,0,0
หัวตะพาน,หัวตะพาน,อำนาจเจริญ,Amnat Charoen,หัวตะพาน,37060000,Hua Taphan,ที่ว่าการอำเภอหัวตะพาน อำนาจเจริญ,0,0
ลืออำนาจ,ลืออำนาจ,อำนาจเจริญ,Amnat Charoen,ลืออำนาจ,37070000,Lue Amnat,ที่ว่าการอำเภอลืออำนาจ อำนาจเจริญ,0,0
บึงกาฬ,เมืองบึงกาฬ,บึงกาฬ,Bueng Kan,เมืองบึงกาฬ,38010000,Bueng Kan,ที่ว่าการอำเภอบึงกาฬ บึงกาฬ,0,0
พรเจริญ,พรเจริญ,บึงกาฬ,Bueng Kan,พรเจริญ,38020000,Phon Charoen,ที่ว่าการอำเภอพรเจริญ บึงกาฬ,0,0
โซ่พิสัย,โซ่พิสัย,บึงกาฬ,Bueng Kan,โซ่พิสัย,38030000,So Phisai,ที่ว่าการอำเภอโซ่พิสัย บึงกาฬ,0,0
เซกา,เซกา,บึงกาฬ,Bueng Kan,เซกา,38040000,Seka,ที่ว่าการอำเภอเซกา บึงกาฬ,0,0
ปากคาด,ปากคาด,บึงกาฬ,Bueng Kan,ปากคาด,38050000,Pak Khat,ที่ว่าการอำเภอปากคาด บึงกาฬ,0,0
บึงโขงหลง,บึงโขงหลง,บึงกาฬ,Bueng Kan,บึงโขงหลง,38060000,Bueng Khong Long,ที่ว่าการอำเภอบึงโขงหลง บึงกาฬ,0,0
ศรีวิไล,ศรีวิไล,บึงกาฬ,Bueng Kan,ศรีวิไล,38070000,Si Wilai,ที่ว่าการอำเภอศรีวิไล บึงกาฬ,0,0
บุ่งคล้า,บุ่งคล้า,บึงกาฬ,Bueng Kan,บุ่งคล้า,38080000,Bung Khla,ที่ว่าการอำเภอบุ่งคล้า บึงกาฬ,0,0
เมืองหนองบัวลำภู,เมืองหนองบัวลำภู,หนองบัวลำภู,Nong Bua Lamphu,เมืองหนองบัวลำภู,39010000,Mueang Nong Bua Lam Phu,ที่ว่าการอำเภอเมืองหนองบัวลำภู หนองบัวลำภู,0,0
นากลาง,นากลาง,หนองบัวลำภู,Nong Bua Lamphu,นากลาง,39020000,Na Klang,ที่ว่าการอำเภอนากลาง หนองบัวลำภู,0,0
โนนสัง,โนนสัง,หนองบัวลำภู,Nong Bua Lamphu,โนนสัง,39030000,Non Sang,ที่ว่าการอำเภอโนนสัง หนองบัวลำภู,0,0
ศรีบุญเรือง,ศรีบุญเรือง,หนองบัวลำภู,Nong Bua Lamphu,ศรีบุญเรือง,39040000,Si Bun Rueang,ที่ว่าการอำเภอศรีบุญเรือง หนองบัวลำภู,0,0
สุวรรณคูหา,สุวรรณคูหา,หนองบัวลำภู,Nong Bua Lamphu,สุวรรณคูหา,39050000,Suwannakhuha,ที่ว่าการอำเภอสุวรรณคูหา หนองบัวลำภู,0,0
นาวัง,นาวัง,หนองบัวลำภู,Nong Bua Lamphu,นาวัง,39060000,Na Wang,ที่ว่าการอำเภอนาวัง หนองบัวลำภู,0,0
เมืองขอนแก่น,เมืองขอนแก่น,ขอนแก่น,Khon Kaen,เมืองขอนแก่น,40010000,Mueang Khon Kaen,ที่ว่าการอำเภอเมืองขอนแก่น ขอนแก่น,0,0
บ้านฝาง,บ้านฝาง,ขอนแก่น,Khon Kaen,บ้านฝาง,40020000,Ban Fang,ที่ว่าการอำเภอบ้านฝาง ขอนแก่น,0,0
พระยืน,พระยืน,ขอนแก่น,Khon Kaen,พระยืน,40030000,Phra Yuen,ที่ว่าการอำเภอพระยืน ขอนแก่น,0,0
หนองเรือ,หนองเรือ,ขอนแก่น,Khon Kaen,หนองเรือ,40040000,Nong Ruea,ที่ว่าการอำเภอหนองเรือ ขอนแก่น,0,0
ชุมแพ,ชุมแพ,ขอนแก่น,Khon Kaen,ชุมแพ,40050000,Chum Phae,ที่ว่าการอำเภอชุมแพ ขอนแก่น,0,0
สีชมพู,สีชมพู,ขอนแก่น,Khon Kaen,สีชมพู,40060000,Si Chomphu,ที่ว่าการอำเภอสีชมพู ขอนแก่น,0,0
น้ำพอง,น้ำพอง,ขอนแก่น,Khon Kaen,น้ำพอง,40070000,Nam Phong,ที่ว่าการอำเภอน้ำพอง ขอนแก่น,0,0
อุบลรัตน์,อุบลรัตน์,ขอนแก่น,Khon Kaen,อุบลรัตน์,40080000,Ubolratana,ที่ว่าการอำเภออุบลรัตน์ ขอนแก่น,0,0
กระนวน,กระนวน,ขอนแก่น,Khon Kaen,กระนวน,40090000,Kranuan,ที่ว่าการอำเภอกระนวน ขอนแก่น,0,0
บ้านไผ่,บ้านไผ่,ขอนแก่น,Khon Kaen,บ้านไผ่,40100000,Ban Phai,ที่ว่าการอำเภอบ้านไผ่ ขอนแก่น,0,0
เปือยน้อย,เปือยน้อย,ขอนแก่น,Khon Kaen,เปือยน้อย,40110000,Pueai Noi,ที่ว่าการอำเภอเปือยน้อย ขอนแก่น,0,0
พล,พล,ขอนแก่น,Khon Kaen,พล,40120000,Phon,ที่ว่าการอำเภอพล ขอนแก่น,0,0
แวงใหญ่,แวงใหญ่,ขอนแก่น,Khon Kaen,แวงใหญ่,40130000,Waeng Yai,ที่ว่าการอำเภอแวงใหญ่ ขอนแก่น,0,0
แวงน้อย,แวงน้อย,ขอนแก่น,Khon Kaen,แวงน้อย,40140000,Waeng Noi,ที่ว่าการอำเภอแวงน้อย ขอนแก่น,0,0
หนองสองห้อง,หนองสองห้อง,ขอนแก่น,Khon Kaen,หนองสองห้อง,40150000,Nong Song Hong,ที่ว่าการอำเภอหนองสองห้อง ขอนแก่น,0,0
ภูเวียง,ภูเวียง,ขอนแก่น,Khon Kaen,ภูเวียง,40160000,Phu Wiang,ที่ว่าการอำเภอภูเวียง ขอนแก่น,0,0
มัญจาคีรี,มัญจาคีรี,ขอนแก่น,Khon Kaen,มัญจาคีรี,40170000,Mancha Khiri,ที่ว่าการอำเภอมัญจาคีรี ขอนแก่น,0,0
ชนบท,ชนบท,ขอนแก่น,Khon Kaen,ชนบท,40180000,Chonnabot,ที่ว่าการอำเภอชนบท ขอนแก่น,0,0
เขาสวนกวาง,เขาสวนกวาง,ขอนแก่น,Khon Kaen,เขาสวนกวาง,40190000,Khao Suan Kwang,ที่ว่าการอำเภอเขาสวนกวาง ขอนแก่น,0,0
ภูผาม่าน,ภูผาม่าน,ขอนแก่น,Khon Kaen,ภูผาม่าน,40200000,Phu Phaman,ที่ว่าการอำเภอภูผาม่าน ขอนแก่น,0,0
ซำสูง,ซำสูง,ขอนแก่น,Khon Kaen,ซำสูง,40210000,Sam Sung,ที่ว่าการอำเภอซำสูง ขอนแก่น,0,0
โคกโพธิ์ไชย,โคกโพธิ์ไชย,ขอนแก่น,Khon Kaen,โคกโพธิ์ไชย,40220000,Khok Pho Chai,ที่ว่าการอำเภอโคกโพธิ์ไชย ขอนแก่น,0,0
หนองนาคำ,หนองนาคำ,ขอนแก่น,Khon Kaen,หนองนาคำ,40230000,Nong Na Kham,ที่ว่าการอำเภอหนองนาคำ ขอนแก่น,0,0
บ้านแฮด,บ้านแฮด,ขอนแก่น,Khon Kaen,บ้านแฮด,40240000,Ban Haet,ที่ว่าการอำเภอบ้านแฮด ขอนแก่น,0,0
โนนศิลา,โนนศิลา,ขอนแก่น,Khon Kaen,โนนศิลา,40250000,Non Sila,ที่ว่าการอำเภอโนนศิลา ขอนแก่น,0,0
เวียงเก่า,เวียงเก่า,ขอนแก่น,Khon Kaen,เวียงเก่า,40290000,Wiang Kao,ที่ว่าการอำเภอเวียงเก่า ขอนแก่น,0,0
เมืองอุดรธานี,เมืองอุดรธานี,อุดรธานี,Udon Thani,เมืองอุดรธานี,41010000,Mueang Udon Thani,ที่ว่าการอำเภอเมืองอุดรธานี อุดรธานี,0,0
กุดจับ,กุดจับ,อุดรธานี,Udon Thani,กุดจับ,41020000,Kut Chap,ที่ว่าการอำเภอกุดจับ อุดรธานี,0,0
หนองวัวซอ,หนองวัวซอ,อุดรธานี,Udon Thani,หนองวัวซอ,41030000,Nong Wua So,ที่ว่าการอำเภอหนองวัวซอ อุดรธานี,0,0
กุมภวาปี,กุมภวาปี,อุดรธานี,Udon Thani,กุมภวาปี,41040000,Kumphawapi,ที่ว่าการอำเภอกุมภวาปี อุดรธานี,0,0
โนนสะอาด,โนนสะอาด,อุดรธานี,Udon Thani,โนนสะอาด,41050000,Non Sa-at,ที่ว่าการอำเภอโนนสะอาด อุดรธานี,0,0
หนองหาน,หนองหาน,อุดรธานี,Udon Thani,หนองหาน,41060000,Nong Saeng,ที่ว่าการอำเภอหนองหาน อุดรธานี,0,0
ทุ่งฝน,ทุ่งฝน,อุดรธานี,Udon Thani,ทุ่งฝน,41070000,Thung Fon,ที่ว่าการอำเภอทุ่งฝน อุดรธานี,0,0
ไชยวาน,ไชยวาน,อุดรธานี,Udon Thani,ไชยวาน,41080000,Chai Wan,ที่ว่าการอำเภอไชยวาน อุดรธานี,0,0
ศรีธาตุ,ศรีธาตุ,อุดรธานี,Udon Thani,ศรีธาตุ,41090000,Si That,ที่ว่าการอำเภอศรีธาตุ อุดรธานี,0,0
วังสามหมอ,วังสามหมอ,อุดรธานี,Udon Thani,วังสามหมอ,41100000,Wang Sam Mo,ที่ว่าการอำเภอวังสามหมอ อุดรธานี,0,0
บ้านดุง,บ้านดุง,อุดรธานี,Udon Thani,บ้านดุง,41110000,Ban Dung,ที่ว่าการอำเภอบ้านดุง อุดรธานี,0,0
บ้านผือ,บ้านผือ,อุดรธานี,Udon Thani,บ้านผือ,41170000,Ban Phue,ที่ว่าการอำเภอบ้านผือ อุดรธานี,0,0
น้ำโสม,น้ำโสม,อุดรธานี,Udon Thani,น้ำโสม,41180000,Nam Som,ที่ว่าการอำเภอน้ำโสม อุดรธานี,0,0
เพ็ญ,เพ็ญ,อุดรธานี,Udon Thani,เพ็ญ,41190000,Phen,ที่ว่าการอำเภอเพ็ญ อุดรธานี,0,0
สร้างคอม,สร้างคอม,อุดรธานี,Udon Thani,สร้างคอม,41200000,Sang Khom,ที่ว่าการอำเภอสร้างคอม อุดรธานี,0,0
หนองแสง,หนองแสง,อุดรธานี,Udon Thani,หนองแสง,41210000,Nong Saeng,ที่ว่าการอำเภอหนองแสง อุดรธานี,0,0
นายูง,นายูง,อุดรธานี,Udon Thani,นายูง,41220000,Na Yung,ที่ว่าการอำเภอนายูง อุดรธานี,0,0
พิบูลย์รักษ์,พิบูลย์รักษ์,อุดรธานี,Udon Thani,พิบูลย์รักษ์,41230000,Phibun Rak,ที่ว่าการอำเภอพิบูลย์รักษ์ อุดรธานี,0,0
กู่แก้ว,กู่แก้ว,อุดรธานี,Udon Thani,กู่แก้ว,41240000,Ku Kaeo,ที่ว่าการอำเภอกู่แก้ว อุดรธานี,0,0
ประจักษ์ศิลปาคม,ประจักษ์ศิลปาคม,อุดรธานี,Udon Thani,ประจักษ์ศิลปาคม,41250000,Prachaksinlapakhom,ที่ว่าการอำเภอประจักษ์ศิลปาคม อุดรธานี,0,0
เมืองเลย,เมืองเลย,เลย,Loei,เมืองเลย,42010000,Mueang Loei,ที่ว่าการอำเภอเมืองเลย เลย,0,0
นาด้วง,นาด้วง,เลย,Loei,นาด้วง,42020000,Na Duang,ที่ว่าการอำเภอนาด้วง เลย,0,0
เชียงคาน,เชียงคาน,เลย,Loei,เชียงคาน,42030000,Chiang Khan,ที่ว่าการอำเภอเชียงคาน เลย,0,0
ปากชม,ปากชม,เลย,Loei,ปากชม,42040000,Pak Chom,ที่ว่าการอำเภอปากชม เลย,0,0
ด่านซ้าย,ด่านซ้าย,เลย,Loei,ด่านซ้าย,42050000,Dan Sai,ที่ว่าการอำเภอด่านซ้าย เลย,0,0
นาแห้ว,นาแห้ว,เลย,Loei,นาแห้ว,42060000,Na Haeo,ที่ว่าการอำเภอนาแห้ว เลย,0,0
ภูเรือ,ภูเรือ,เลย,Loei,ภูเรือ,42070000,Phu Ruea,ที่ว่าการอำเภอภูเรือ เลย,0,0
ท่าลี่,ท่าลี่,เลย,Loei,ท่าลี่,42080000,Tha Li,ที่ว่าการอำเภอท่าลี่ เลย,0,0
วังสะพุง,วังสะพุง,เลย,Loei,วังสะพุง,42090000,Wang Saphung,ที่ว่าการอำเภอวังสะพุง เลย,0,0
ภูกระดึง,ภูกระดึง,เลย,Loei,ภูกระดึง,42100000,Phu Kradueng,ที่ว่าการอำเภอภูกระดึง เลย,0,0
ภูหลวง,ภูหลวง,เลย,Loei,ภูหลวง,42110000,Phu Luang,ที่ว่าการอำเภอภูหลวง เลย,0,0
ผาขาว,ผาขาว,เลย,Loei,ผาขาว,42120000,Pha  Khao,ที่ว่าการอำเภอผาขาว เลย,0,0
เอราวัณ,เอราวัณ,เลย,Loei,เอราวัณ,42130000,Erawan,ที่ว่าการอำเภอเอราวัณ เลย,0,0
หนองหิน,หนองหิน,เลย,Loei,หนองหิน,42140000,Nong Hin,ที่ว่าการอำเภอหนองหิน เลย,0,0
เมืองหนองคาย,เมืองหนองคาย,หนองคาย,Nong Khai,เมืองหนองคาย,43010000,Mueang Nong Khai,ที่ว่าการอำเภอเมืองหนองคาย หนองคาย,0,0
ท่าบ่อ,ท่าบ่อ,หนองคาย,Nong Khai,ท่าบ่อ,43020000,Tha Bo,ที่ว่าการอำเภอท่าบ่อ หนองคาย,0,0
โพนพิสัย,โพนพิสัย,หนองคาย,Nong Khai,โพนพิสัย,43050000,Phon Phisai,ที่ว่าการอำเภอโพนพิสัย หนองคาย,0,0
ศรีเชียงใหม่,ศรีเชียงใหม่,หนองคาย,Nong Khai,ศรีเชียงใหม่,43070000,Si Chiang Mai,ที่ว่าการอำเภอศรีเชียงใหม่ หนองคาย,0,0
สังคม,สังคม,หนองคาย,Nong Khai,สังคม,43080000,Sangkhom,ที่ว่าการอำเภอสังคม หนองคาย,0,0
สระใคร,สระใคร,หนองคาย,Nong Khai,สระใคร,43140000,Sakhrai,ที่ว่าการอำเภอสระใคร หนองคาย,0,0
เฝ้าไร่,เฝ้าไร่,หนองคาย,Nong Khai,เฝ้าไร่,43150000,Fao Rai,ที่ว่าการอำเภอเฝ้าไร่ หนองคาย,0,0
รัตนวาปี,รัตนวาปี,หนองคาย,Nong Khai,รัตนวาปี,43160000,Rattanawapi,ที่ว่าการอำเภอรัตนวาปี หนองคาย,0,0
โพธิ์ตาก,โพธิ์ตาก,หนองคาย,Nong Khai,โพธิ์ตาก,43170000,Pho Tak,ที่ว่าการอำเภอโพธิ์ตาก หนองคาย,0,0
เมืองมหาสารคาม,เมืองมหาสารคาม,มหาสารคาม,Maha Sarakham,เมืองมหาสารคาม,44010000,Mueang Maha Sarakham,ที่ว่าการอำเภอเมืองมหาสารคาม มหาสารคาม,0,0
แกดำ,แกดำ,มหาสารคาม,Maha Sarakham,แกดำ,44020000,Kae Dam,ที่ว่าการอำเภอแกดำ มหาสารคาม,0,0
โกสุมพิสัย,โกสุมพิสัย,มหาสารคาม,Maha Sarakham,โกสุมพิสัย,44030000,Kosum Phisai,ที่ว่าการอำเภอโกสุมพิสัย มหาสารคาม,0,0
กันทรวิชัย,กันทรวิชัย,มหาสารคาม,Maha Sarakham,กันทรวิชัย,44040000,Kantharawichai,ที่ว่าการอำเภอกันทรวิชัย มหาสารคาม,0,0
เชียงยืน,เชียงยืน,มหาสารคาม,Maha Sarakham,เชียงยืน,44050000,Chiang Yuen,ที่ว่าการอำเภอเชียงยืน มหาสารคาม,0,0
บรบือ,บรบือ,มหาสารคาม,Maha Sarakham,บรบือ,44060000,Borabue,ที่ว่าการอำเภอบรบือ มหาสารคาม,0,0
นาเชือก,นาเชือก,มหาสารคาม,Maha Sarakham,นาเชือก,44070000,Na Chueak,ที่ว่าการอำเภอนาเชือก มหาสารคาม,0,0
พยัคฆภูมิพิสัย,พยัคฆภูมิพิสัย,มหาสารคาม,Maha Sarakham,พยัคฆภูมิพิสัย,44080000,Phayakkhaphum Phisai,ที่ว่าการอำเภอพยัคฆภูมิพิสัย มหาสารคาม,0,0
วาปีปทุม,วาปีปทุม,มหาสารคาม,Maha Sarakham,วาปีปทุม,44090000,Wapi Pathum,ที่ว่าการอำเภอวาปีปทุม มหาสารคาม,0,0
นาดูน,นาดูน,มหาสารคาม,Maha Sarakham,นาดูน,44100000,Na Dun,ที่ว่าการอำเภอนาดูน มหาสารคาม,0,0
ยางสีสุราช,ยางสีสุราช,มหาสารคาม,Maha Sarakham,ยางสีสุราช,44110000,Yang Sisurat,ที่ว่าการอำเภอยางสีสุราช มหาสารคาม,0,0
กุดรัง,กุดรัง,มหาสารคาม,Maha Sarakham,กุดรัง,44120000,Kut Rang,ที่ว่าการอำเภอกุดรัง มหาสารคาม,0,0
ชื่นชม,ชื่นชม,มหาสารคาม,Maha Sarakham,ชื่นชม,44130000,Chuen Chom,ที่ว่าการอำเภอชื่นชม มหาสารคาม,0,0
เมืองร้อยเอ็ด,เมืองร้อยเอ็ด,ร้อยเอ็ด,Roi Et,เมืองร้อยเอ็ด,45010000,Mueang Roi Et,ที่ว่าการอำเภอเมืองร้อยเอ็ด ร้อยเอ็ด,0,0
เกษตรวิสัย,เกษตรวิสัย,ร้อยเอ็ด,Roi Et,เกษตรวิสัย,45020000,Kaset Wisai,ที่ว่าการอำเภอเกษตรวิสัย ร้อยเอ็ด,0,0
ปทุมรัตต์,ปทุมรัตต์,ร้อยเอ็ด,Roi Et,ปทุมรัตต์,45030000,Pathum Rat,ที่ว่าการอำเภอปทุมรัตต์ ร้อยเอ็ด,0,0
จตุรพักตรพิมาน,จตุรพักตรพิมาน,ร้อยเอ็ด,Roi Et,จตุรพักตรพิมาน,45040000,Chaturaphak Phiman,ที่ว่าการอำเภอจตุรพักตรพิมาน ร้อยเอ็ด,0,0
ธวัชบุรี,ธวัชบุรี,ร้อยเอ็ด,Roi Et,ธวัชบุรี,45050000,Thawat Buri,ที่ว่าการอำเภอธวัชบุรี ร้อยเอ็ด,0,0
พนมไพร,พนมไพร,ร้อยเอ็ด,Roi Et,พนมไพร,45060000,Phanom Phrai,ที่ว่าการอำเภอพนมไพร ร้อยเอ็ด,0,0
โพนทอง,โพนทอง,ร้อยเอ็ด,Roi Et,โพนทอง,45070000,Phon Thong,ที่ว่าการอำเภอโพนทอง ร้อยเอ็ด,0,0
โพธิ์ชัย,โพธิ์ชัย,ร้อยเอ็ด,Roi Et,โพธิ์ชัย,45080000,Pho Chai,ที่ว่าการอำเภอโพธิ์ชัย ร้อยเอ็ด,0,0
หนองพอก,หนองพอก,ร้อยเอ็ด,Roi Et,หนองพอก,45090000,Nong Phok,ที่ว่าการอำเภอหนองพอก ร้อยเอ็ด,0,0
เสลภูมิ,เสลภูมิ,ร้อยเอ็ด,Roi Et,เสลภูมิ,45100000,Selaphum,ที่ว่าการอำเภอเสลภูมิ ร้อยเอ็ด,0,0
สุวรรณภูมิ,สุวรรณภูมิ,ร้อยเอ็ด,Roi Et,สุวรรณภูมิ,45110000,Suwannaphum,ที่ว่าการอำเภอสุวรรณภูมิ ร้อยเอ็ด,0,0
เมืองสรวง,เมืองสรวง,ร้อยเอ็ด,Roi Et,เมืองสรวง,45120000,Mueang Suang,ที่ว่าการอำเภอเมืองสรวง ร้อยเอ็ด,0,0
โพนทราย,โพนทราย,ร้อยเอ็ด,Roi Et,โพนทราย,45130000,Phon Sai,ที่ว่าการอำเภอโพนทราย ร้อยเอ็ด,0,0
อาจสามารถ,อาจสามารถ,ร้อยเอ็ด,Roi Et,อาจสามารถ,45140000,At Samat,ที่ว่าการอำเภออาจสามารถ ร้อยเอ็ด,0,0
เมยวดี,เมยวดี,ร้อยเอ็ด,Roi Et,เมยวดี,45150000,Moei Wadi,ที่ว่าการอำเภอเมยวดี ร้อยเอ็ด,0,0
ศรีสมเด็จ,ศรีสมเด็จ,ร้อยเอ็ด,Roi Et,ศรีสมเด็จ,45160000,Si Somdet,ที่ว่าการอำเภอศรีสมเด็จ ร้อยเอ็ด,0,0
จังหาร,จังหาร,ร้อยเอ็ด,Roi Et,จังหาร,45170000,Changhan,ที่ว่าการอำเภอจังหาร ร้อยเอ็ด,0,0
เชียงขวัญ,เชียงขวัญ,ร้อยเอ็ด,Roi Et,เชียงขวัญ,45180000,Chiang Khwan,ที่ว่าการอำเภอเชียงขวัญ ร้อยเอ็ด,0,0
หนองฮี,หนองฮี,ร้อยเอ็ด,Roi Et,หนองฮี,45190000,Nong Hi,ที่ว่าการอำเภอหนองฮี ร้อยเอ็ด,0,0
ทุ่งเขาหลวง,ทุ่งเขาหลวง,ร้อยเอ็ด,Roi Et,ทุ่งเขาหลวง,45200000,Thung Khao Luang,ที่ว่าการอำเภอทุ่งเขาหลวง ร้อยเอ็ด,0,0
เมืองกาฬสินธุ์,เมืองกาฬสินธุ์,กาฬสินธุ์,Kalasin,เมืองกาฬสินธุ์,46010000,Mueang Kalasin,ที่ว่าการอำเภอเมืองกาฬสินธุ์ กาฬสินธุ์,0,0
นามน,นามน,กาฬสินธุ์,Kalasin,นามน,46020000,Na Mon,ที่ว่าการอำเภอนามน กาฬสินธุ์,0,0
กมลาไสย,กมลาไสย,กาฬสินธุ์,Kalasin,กมลาไสย,46030000,Kamalasai,ที่ว่าการอำเภอกมลาไสย กาฬสินธุ์,0,0
ร่องคำ,ร่องคำ,กาฬสินธุ์,Kalasin,ร่องคำ,46040000,Rong Kham,ที่ว่าการอำเภอร่องคำ กาฬสินธุ์,0,0
กุฉินารายณ์,กุฉินารายณ์,กาฬสินธุ์,Kalasin,กุฉินารายณ์,46050000,Kuchinarai,ที่ว่าการอำเภอกุฉินารายณ์ กาฬสินธุ์,0,0
เขาวง,เขาวง,กาฬสินธุ์,Kalasin,เขาวง,46060000,Khao Wong,ที่ว่าการอำเภอเขาวง กาฬสินธุ์,0,0
ยางตลาด,ยางตลาด,กาฬสินธุ์,Kalasin,ยางตลาด,46070000,Yang Talat,ที่ว่าการอำเภอยางตลาด กาฬสินธุ์,0,0
ห้วยเม็ก,ห้วยเม็ก,กาฬสินธุ์,Kalasin,ห้วยเม็ก,46080000,Huai Mek,ที่ว่าการอำเภอห้วยเม็ก กาฬสินธุ์,0,0
สหัสขันธ์,สหัสขันธ์,กาฬสินธุ์,Kalasin,สหัสขันธ์,46090000,Sahatsakhan,ที่ว่าการอำเภอสหัสขันธ์ กาฬสินธุ์,0,0
คำม่วง,คำม่วง,กาฬสินธุ์,Kalasin,คำม่วง,46100000,Kham Muang,ที่ว่าการอำเภอคำม่วง กาฬสินธุ์,0,0
ท่าคันโท,ท่าคันโท,กาฬสินธุ์,Kalasin,ท่าคันโท,46110000,Tha Khantho,ที่ว่าการอำเภอท่าคันโท กาฬสินธุ์,0,0
หนองกุงศรี,หนองกุงศรี,กาฬสินธุ์,Kalasin,หนองกุงศรี,46120000,Nong Kung Si,ที่ว่าการอำเภอหนองกุงศรี กาฬสินธุ์,0,0
สมเด็จ,สมเด็จ,กาฬสินธุ์,Kalasin,สมเด็จ,46130000,Somdet,ที่ว่าการอำเภอสมเด็จ กาฬสินธุ์,0,0
ห้วยผึ้ง,ห้วยผึ้ง,กาฬสินธุ์,Kalasin,ห้วยผึ้ง,46140000,Huai Phueng,ที่ว่าการอำเภอห้วยผึ้ง กาฬสินธุ์,0,0
สามชัย,สามชัย,กาฬสินธุ์,Kalasin,สามชัย,46150000,Sam Chai,ที่ว่าการอำเภอสามชัย กาฬสินธุ์,0,0
นาคู,นาคู,กาฬสินธุ์,Kalasin,นาคู,46160000,Na Khu,ที่ว่าการอำเภอนาคู กาฬสินธุ์,0,0
ดอนจาน,ดอนจาน,กาฬสินธุ์,Kalasin,ดอนจาน,46170000,Don Chan,ที่ว่าการอำเภอดอนจาน กาฬสินธุ์,0,0
ฆ้องชัย,ฆ้องชัย,กาฬสินธุ์,Kalasin,ฆ้องชัย,46180000,Khong Chai,ที่ว่าการอำเภอฆ้องชัย กาฬสินธุ์,0,0
เมืองสกลนคร,เมืองสกลนคร,สกลนคร,Sakon Nakhon,เมืองสกลนคร,47010000,Mueang Sakon Nakhon,ที่ว่าการอำเภอเมืองสกลนคร สกลนคร,0,0
กุสุมาลย์,กุสุมาลย์,สกลนคร,Sakon Nakhon,กุสุมาลย์,47020000,Kusuman,ที่ว่าการอำเภอกุสุมาลย์ สกลนคร,0,0
กุดบาก,กุดบาก,สกลนคร,Sakon Nakhon,กุดบาก,47030000,Kut Bak,ที่ว่าการอำเภอกุดบาก สกลนคร,0,0
พรรณานิคม,พรรณานิคม,สกลนคร,Sakon Nakhon,พรรณานิคม,47040000,Phanna Nikhom,ที่ว่าการอำเภอพรรณานิคม สกลนคร,0,0
พังโคน,พังโคน,สกลนคร,Sakon Nakhon,พังโคน,47050000,Phanh khon,ที่ว่าการอำเภอพังโคน สกลนคร,0,0
วาริชภูมิ,วาริชภูมิ,สกลนคร,Sakon Nakhon,วาริชภูมิ,47060000,Waritchaphum,ที่ว่าการอำเภอวาริชภูมิ สกลนคร,0,0
นิคมน้ำอูน,นิคมน้ำอูน,สกลนคร,Sakon Nakhon,นิคมน้ำอูน,47070000,Nikhom Nam un,ที่ว่าการอำเภอนิคมน้ำอูน สกลนคร,0,0
วานรนิวาส,วานรนิวาส,สกลนคร,Sakon Nakhon,วานรนิวาส,47080000,Wanon Niwat,ที่ว่าการอำเภอวานรนิวาส สกลนคร,0,0
คำตากล้า,คำตากล้า,สกลนคร,Sakon Nakhon,คำตากล้า,47090000,Kham Ta Kla,ที่ว่าการอำเภอคำตากล้า สกลนคร,0,0
บ้านม่วง,บ้านม่วง,สกลนคร,Sakon Nakhon,บ้านม่วง,47100000,Ban Muang,ที่ว่าการอำเภอบ้านม่วง สกลนคร,0,0
อากาศอำนวย,อากาศอำนวย,สกลนคร,Sakon Nakhon,อากาศอำนวย,47110000,Akat Amnuai,ที่ว่าการอำเภออากาศอำนวย สกลนคร,0,0
สว่างแดนดิน,สว่างแดนดิน,สกลนคร,Sakon Nakhon,สว่างแดนดิน,47120000,Sawang Daen Din,ที่ว่าการอำเภอสว่างแดนดิน สกลนคร,0,0
ส่องดาว,ส่องดาว,สกลนคร,Sakon Nakhon,ส่องดาว,47130000,Song Dao,ที่ว่าการอำเภอส่องดาว สกลนคร,0,0
เต่างอย,เต่างอย,สกลนคร,Sakon Nakhon,เต่างอย,47140000,Tao Ngoi,ที่ว่าการอำเภอเต่างอย สกลนคร,0,0
โคกศรีสุพรรณ,โคกศรีสุพรรณ,สกลนคร,Sakon Nakhon,โคกศรีสุพรรณ,47150000,Khok Si Suphan,ที่ว่าการอำเภอโคกศรีสุพรรณ สกลนคร,0,0
เจริญศิลป์,เจริญศิลป์,สกลนคร,Sakon Nakhon,เจริญศิลป์,47160000,Charoen Sin,ที่ว่าการอำเภอเจริญศิลป์ สกลนคร,0,0
โพนนาแก้ว,โพนนาแก้ว,สกลนคร,Sakon Nakhon,โพนนาแก้ว,47170000,Phon Na Kaeo,ที่ว่าการอำเภอโพนนาแก้ว สกลนคร,0,0
ภูพาน,ภูพาน,สกลนคร,Sakon Nakhon,ภูพาน,47180000,Phu Phan,ที่ว่าการอำเภอภูพาน สกลนคร,0,0
เมืองนครพนม,เมืองนครพนม,นครพนม,Nakhon Phanom,เมืองนครพนม,48010000,Mueang Nakhon Phanom,ที่ว่าการอำเภอเมืองนครพนม นครพนม,0,0
ปลาปาก,ปลาปาก,นครพนม,Nakhon Phanom,ปลาปาก,48020000,Pla Pak,ที่ว่าการอำเภอปลาปาก นครพนม,0,0
ท่าอุเทน,ท่าอุเทน,นครพนม,Nakhon Phanom,ท่าอุเทน,48030000,Tha Uthen,ที่ว่าการอำเภอท่าอุเทน นครพนม,0,0
บ้านแพง,บ้านแพง,นครพนม,Nakhon Phanom,บ้านแพง,48040000,Ban Phaeng,ที่ว่าการอำเภอบ้านแพง นครพนม,0,0
ธาตุพนม,ธาตุพนม,นครพนม,Nakhon Phanom,ธาตุพนม,48050000,That Phanom,ที่ว่าการอำเภอธาตุพนม นครพนม,0,0
เรณูนคร,เรณูนคร,นครพนม,Nakhon Phanom,เรณูนคร,48060000,Renu Nakhon,ที่ว่าการอำเภอเรณูนคร นครพนม,0,0
นาแก,นาแก,นครพนม,Nakhon Phanom,นาแก,48070000,Na Kae,ที่ว่าการอำเภอนาแก นครพนม,0,0
ศรีสงคราม,ศรีสงคราม,นครพนม,Nakhon Phanom,ศรีสงคราม,48080000,Si Songkhram,ที่ว่าการอำเภอศรีสงคราม นครพนม,0,0
นาหว้า,นาหว้า,นครพนม,Nakhon Phanom,นาหว้า,48090000,Na Wa,ที่ว่าการอำเภอนาหว้า นครพนม,0,0
โพนสวรรค์,โพนสวรรค์,นครพนม,Nakhon Phanom,โพนสวรรค์,48100000,Phon Sawan,ที่ว่าการอำเภอโพนสวรรค์ นครพนม,0,0
นาทม,นาทม,นครพนม,Nakhon Phanom,นาทม,48110000,Na Thom,ที่ว่าการอำเภอนาทม นครพนม,0,0
วังยาง,วังยาง,นครพนม,Nakhon Phanom,วังยาง,48120000,Wang Yang,ที่ว่าการอำเภอวังยาง นครพนม,0,0
เมืองมุกดาหาร,เมืองมุกดาหาร,มุกดาหาร,Mukdahan,เมืองมุกดาหาร,49010000,Mueang Mukdahan,ที่ว่าการอำเภอเมืองมุกดาหาร มุกดาหาร,0,0
นิคมคำสร้อย,นิคมคำสร้อย,มุกดาหาร,Mukdahan,นิคมคำสร้อย,49020000,Nikhom Kham Soi,ที่ว่าการอำเภอนิคมคำสร้อย มุกดาหาร,0,0
ดอนตาล,ดอนตาล,มุกดาหาร,Mukdahan,ดอนตาล,49030000,Don Tan,ที่ว่าการอำเภอดอนตาล มุกดาหาร,0,0
ดงหลวง,ดงหลวง,มุกดาหาร,Mukdahan,ดงหลวง,49040000,Don Tan,ที่ว่าการอำเภอดงหลวง มุกดาหาร,0,0
คำชะอี,คำชะอี,มุกดาหาร,Mukdahan,คำชะอี,49050000,Khamcha-i,ที่ว่าการอำเภอคำชะอี มุกดาหาร,0,0
ว่านใหญ่,หว้านใหญ่,มุกดาหาร,Mukdahan,หว้านใหญ่,49060000,Wan Yai,ที่ว่าการอำเภอว่านใหญ่ มุกดาหาร,0,0
หนองสูง,หนองสูง,มุกดาหาร,Mukdahan,หนองสูง,49070000,Nong Sung,ที่ว่าการอำเภอหนองสูง มุกดาหาร,0,0
เมืองเชียงใหม่,เมืองเชียงใหม่,เชียงใหม่,Chiang Mai,เมืองเชียงใหม่,50010000,Mueang Chiang Mai,ที่ว่าการอำเภอเมืองเชียงใหม่ เชียงใหม่,0,0
จอมทอง,จอมทอง,เชียงใหม่,Chiang Mai,จอมทอง,50020000,Chom Thong,ที่ว่าการอำเภอจอมทอง เชียงใหม่,0,0
แม่แจ่ม,แม่แจ่ม,เชียงใหม่,Chiang Mai,แม่แจ่ม,50030000,Mae Chaem,ที่ว่าการอำเภอแม่แจ่ม เชียงใหม่,0,0
เชียงดาว,เชียงดาว,เชียงใหม่,Chiang Mai,เชียงดาว,50040000,Chiang Dao,ที่ว่าการอำเภอเชียงดาว เชียงใหม่,0,0
ดอยสะเก็ด,ดอยสะเก็ด,เชียงใหม่,Chiang Mai,ดอยสะเก็ด,50050000,Doi Saket,ที่ว่าการอำเภอดอยสะเก็ด เชียงใหม่,0,0
แม่แตง,แม่แตง,เชียงใหม่,Chiang Mai,แม่แตง,50060000,Mae Taeng,ที่ว่าการอำเภอแม่แตง เชียงใหม่,0,0
แม่ริม,แม่ริม,เชียงใหม่,Chiang Mai,แม่ริม,50070000,Mae Rim,ที่ว่าการอำเภอแม่ริม เชียงใหม่,0,0
สะเมิง,สะเมิง,เชียงใหม่,Chiang Mai,สะเมิง,50080000,Samoeng,ที่ว่าการอำเภอสะเมิง เชียงใหม่,0,0
ฝาง,ฝาง,เชียงใหม่,Chiang Mai,ฝาง,50090000,Fang,ที่ว่าการอำเภอฝาง เชียงใหม่,0,0
แม่อาย,แม่อาย,เชียงใหม่,Chiang Mai,แม่อาย,50100000,Mae Ai,ที่ว่าการอำเภอแม่อาย เชียงใหม่,0,0
พร้าว,พร้าว,เชียงใหม่,Chiang Mai,พร้าว,50110000,Phrao,ที่ว่าการอำเภอพร้าว เชียงใหม่,0,0
สันป่าตอง,สันป่าตอง,เชียงใหม่,Chiang Mai,สันป่าตอง,50120000,San Pa Tong,ที่ว่าการอำเภอสันป่าตอง เชียงใหม่,0,0
สันกำแพง,สันกำแพง,เชียงใหม่,Chiang Mai,สันกำแพง,50130000,San Kamphaeng,ที่ว่าการอำเภอสันกำแพง เชียงใหม่,0,0
สันทราย,สันทราย,เชียงใหม่,Chiang Mai,สันทราย,50140000,San Sai,ที่ว่าการอำเภอสันทราย เชียงใหม่,0,0
หางดง,หางดง,เชียงใหม่,Chiang Mai,หางดง,50150000,Hang Dong,ที่ว่าการอำเภอหางดง เชียงใหม่,0,0
ฮอด,ฮอด,เชียงใหม่,Chiang Mai,ฮอด,50160000,Hot,ที่ว่าการอำเภอฮอด เชียงใหม่,0,0
ดอยเต่า,ดอยเต่า,เชียงใหม่,Chiang Mai,ดอยเต่า,50170000,Doi Tao,ที่ว่าการอำเภอดอยเต่า เชียงใหม่,0,0
อมก๋อย,อมก๋อย,เชียงใหม่,Chiang Mai,อมก๋อย,50180000,Omkoi,ที่ว่าการอำเภออมก๋อย เชียงใหม่,0,0
สารภี,สารภี,เชียงใหม่,Chiang Mai,สารภี,50190000,Saraphi,ที่ว่าการอำเภอสารภี เชียงใหม่,0,0
เวียงแหง,เวียงแหง,เชียงใหม่,Chiang Mai,เวียงแหง,50200000,Wiang Haeng,ที่ว่าการอำเภอเวียงแหง เชียงใหม่,0,0
ไชยปราการ,ไชยปราการ,เชียงใหม่,Chiang Mai,ไชยปราการ,50210000,Chai Prakan,ที่ว่าการอำเภอไชยปราการ เชียงใหม่,0,0
แม่วาง,แม่วาง,เชียงใหม่,Chiang Mai,แม่วาง,50220000,Mae Wang,ที่ว่าการอำเภอแม่วาง เชียงใหม่,0,0
แม่ออน,แม่ออน,เชียงใหม่,Chiang Mai,แม่ออน,50230000,Mae On,ที่ว่าการอำเภอแม่ออน เชียงใหม่,0,0
ดอยหล่อ,ดอยหล่อ,เชียงใหม่,Chiang Mai,ดอยหล่อ,50240000,Doi Lo,ที่ว่าการอำเภอดอยหล่อ เชียงใหม่,0,0
กัลยาณิวัฒนา,กัลยาณิวัฒนา,เชียงใหม่,Chiang Mai,กัลยาณิวัฒนา,50250000,Kanlayaniwatthana,ที่ว่าการอำเภอกัลยาณิวัฒนา เชียงใหม่,0,0
เมืองลำพูน,เมืองลำพูน,ลำพูน,Lamphun,เมืองลำพูน,51010000,Mueang Lamphun,ที่ว่าการอำเภอเมืองลำพูน ลำพูน,0,0
แม่ทา,แม่ทา,ลำพูน,Lamphun,แม่ทา,51020000,Mae Tha,ที่ว่าการอำเภอแม่ทา ลำพูน,0,0
บ้านโฮ่ง,บ้านโฮ่ง,ลำพูน,Lamphun,บ้านโฮ่ง,51030000,Ban Hong,ที่ว่าการอำเภอบ้านโฮ่ง ลำพูน,0,0
ลี้,ลี้,ลำพูน,Lamphun,ลี้,51040000,Li,ที่ว่าการอำเภอลี้ ลำพูน,0,0
ทุ่งหัวช้าง,ทุ่งหัวช้าง,ลำพูน,Lamphun,ทุ่งหัวช้าง,51050000,Thung Hua Chang,ที่ว่าการอำเภอทุ่งหัวช้าง ลำพูน,0,0
ป่าซาง,ป่าซาง,ลำพูน,Lamphun,ป่าซาง,51060000,Pa Sang,ที่ว่าการอำเภอป่าซาง ลำพูน,0,0
บ้านธิ,บ้านธิ,ลำพูน,Lamphun,บ้านธิ,51070000,Ban Thi,ที่ว่าการอำเภอบ้านธิ ลำพูน,0,0
เวียงหนองล่อง,เวียงหนองล่อง,ลำพูน,Lamphun,เวียงหนองล่อง,51080000,Wiang Nong Long,ที่ว่าการอำเภอเวียงหนองล่อง ลำพูน,0,0
เมืองลำปาง,เมืองลำปาง,ลำปาง,Lampang,เมืองลำปาง,52010000,Mueang Lampang,ที่ว่าการอำเภอเมืองลำปาง ลำปาง,0,0
แม่เมาะ,แม่เมาะ,ลำปาง,Lampang,แม่เมาะ,52020000,Mae Mo,ที่ว่าการอำเภอแม่เมาะ ลำปาง,0,0
เกาะคา,เกาะคา,ลำปาง,Lampang,เกาะคา,52030000,Ko kha,ที่ว่าการอำเภอเกาะคา ลำปาง,0,0
เสริมงาม,เสริมงาม,ลำปาง,Lampang,เสริมงาม,52040000,Soem Ngam,ที่ว่าการอำเภอเสริมงาม ลำปาง,0,0
งาว,งาว,ลำปาง,Lampang,งาว,52050000,Ngao,ที่ว่าการอำเภองาว ลำปาง,0,0
แจ้ห่ม,แจ้ห่ม,ลำปาง,Lampang,แจ้ห่ม,52060000,Chae Hom,ที่ว่าการอำเภอแจ้ห่ม ลำปาง,0,0
วังเหนือ,วังเหนือ,ลำปาง,Lampang,วังเหนือ,52070000,Wang Nuea,ที่ว่าการอำเภอวังเหนือ ลำปาง,0,0
เถิน,เถิน,ลำปาง,Lampang,เถิน,52080000,Thoen,ที่ว่าการอำเภอเถิน ลำปาง,0,0
แม่พริก,แม่พริก,ลำปาง,Lampang,แม่พริก,52090000,Mae Phrik,ที่ว่าการอำเภอแม่พริก ลำปาง,0,0
แม่ทะ,แม่ทะ,ลำปาง,Lampang,แม่ทะ,52100000,Mae Tha,ที่ว่าการอำเภอแม่ทะ ลำปาง,0,0
สบปราบ,สบปราบ,ลำปาง,Lampang,สบปราบ,52110000,Sop Prap,ที่ว่าการอำเภอสบปราบ ลำปาง,0,0
ห้างฉัตร,ห้างฉัตร,ลำปาง,Lampang,ห้างฉัตร,52120000,Hang Chat,ที่ว่าการอำเภอห้างฉัตร ลำปาง,0,0
เมืองปาน,เมืองปาน,ลำปาง,Lampang,เมืองปาน,52130000,Mueang Pan,ที่ว่าการอำเภอเมืองปาน ลำปาง,0,0
เมืองอุตรดิตถ์,เมืองอุตรดิตถ์,อุตรดิตถ์,Uttaradit,เมืองอุตรดิตถ์,53010000,Mueang Uttaradit,ที่ว่าการอำเภอเมืองอุตรดิตถ์ อุตรดิตถ์,0,0
ตรอน,ตรอน,อุตรดิตถ์,Uttaradit,ตรอน,53020000,Tron,ที่ว่าการอำเภอตรอน อุตรดิตถ์,0,0
ท่าปลา,ท่าปลา,อุตรดิตถ์,Uttaradit,ท่าปลา,53030000,Tha Pla,ที่ว่าการอำเภอท่าปลา อุตรดิตถ์,0,0
น้ำปาด,น้ำปาด,อุตรดิตถ์,Uttaradit,น้ำปาด,53040000,Nam Pat,ที่ว่าการอำเภอน้ำปาด อุตรดิตถ์,0,0
ฟากท่า,ฟากท่า,อุตรดิตถ์,Uttaradit,ฟากท่า,53050000,Fak Tha,ที่ว่าการอำเภอฟากท่า อุตรดิตถ์,0,0
บ้านโคก,บ้านโคก,อุตรดิตถ์,Uttaradit,บ้านโคก,53060000,Ban Khok,ที่ว่าการอำเภอบ้านโคก อุตรดิตถ์,0,0
พิชัย,พิชัย,อุตรดิตถ์,Uttaradit,พิชัย,53070000,Phichai,ที่ว่าการอำเภอพิชัย อุตรดิตถ์,0,0
ลับแล,ลับแล,อุตรดิตถ์,Uttaradit,ลับแล,53080000,Laplae,ที่ว่าการอำเภอลับแล อุตรดิตถ์,0,0
ทองแสนขัน,ทองแสนขัน,อุตรดิตถ์,Uttaradit,ทองแสนขัน,53090000,Thong Saen Khan,ที่ว่าการอำเภอทองแสนขัน อุตรดิตถ์,0,0
เมืองแพร่,เมืองแพร่,แพร่,Phrae,เมืองแพร่,54010000,Mueang Phrae,ที่ว่าการอำเภอเมืองแพร่ แพร่,0,0
ร้องกวาง,ร้องกวาง,แพร่,Phrae,ร้องกวาง,54020000,Mueang Phrae,ที่ว่าการอำเภอร้องกวาง แพร่,0,0
ลอง,ลอง,แพร่,Phrae,ลอง,54030000,Long,ที่ว่าการอำเภอลอง แพร่,0,0
สูงเม่น,สูงเม่น,แพร่,Phrae,สูงเม่น,54040000,Sung Men,ที่ว่าการอำเภอสูงเม่น แพร่,0,0
เด่นชัย,เด่นชัย,แพร่,Phrae,เด่นชัย,54050000,Den Chai,ที่ว่าการอำเภอเด่นชัย แพร่,0,0
สอง,สอง,แพร่,Phrae,สอง,54060000,Song,ที่ว่าการอำเภอสอง แพร่,0,0
วังชิ้น,วังชิ้น,แพร่,Phrae,วังชิ้น,54070000,Wang Chin,ที่ว่าการอำเภอวังชิ้น แพร่,0,0
หนองม่วงไข่,หนองม่วงไข่,แพร่,Phrae,หนองม่วงไข่,54080000,Nong Muang Khai,ที่ว่าการอำเภอหนองม่วงไข่ แพร่,0,0
เมืองน่าน,เมืองน่าน,น่าน,Nan,เมืองน่าน,55010000,Mueang Nan,ที่ว่าการอำเภอเมืองน่าน น่าน,0,0
แม่จริม,แม่จริม,น่าน,Nan,แม่จริม,55020000,Mae Charim,ที่ว่าการอำเภอแม่จริม น่าน,0,0
บ้านหลวง,บ้านหลวง,น่าน,Nan,บ้านหลวง,55030000,Ban Luang,ที่ว่าการอำเภอบ้านหลวง น่าน,0,0
นาน้อย,นาน้อย,น่าน,Nan,นาน้อย,55040000,Na Noi,ที่ว่าการอำเภอนาน้อย น่าน,0,0
ปัว,ปัว,น่าน,Nan,ปัว,55050000,Pua,ที่ว่าการอำเภอปัว น่าน,0,0
ท่าวังผา,ท่าวังผา,น่าน,Nan,ท่าวังผา,55060000,Tha Wang Pha,ที่ว่าการอำเภอท่าวังผา น่าน,0,0
เวียงสา,เวียงสา,น่าน,Nan,เวียงสา,55070000,Wiang Sa,ที่ว่าการอำเภอเวียงสา น่าน,0,0
ทุ่งช้าง,ทุ่งช้าง,น่าน,Nan,ทุ่งช้าง,55080000,Thung Chang,ที่ว่าการอำเภอทุ่งช้าง น่าน,0,0
เชียงกลาง,เชียงกลาง,น่าน,Nan,เชียงกลาง,55090000,Chiang Klang,ที่ว่าการอำเภอเชียงกลาง น่าน,0,0
นาหมื่น,นาหมื่น,น่าน,Nan,นาหมื่น,55100000,Na Muen,ที่ว่าการอำเภอนาหมื่น น่าน,0,0
สันติสุข,สันติสุข,น่าน,Nan,สันติสุข,55110000,Santi Suk,ที่ว่าการอำเภอสันติสุข น่าน,0,0
บ่อเกลือ,บ่อเกลือ,น่าน,Nan,บ่อเกลือ,55120000,Bo Kluea,ที่ว่าการอำเภอบ่อเกลือ น่าน,0,0
สองแคว,สองแคว,น่าน,Nan,สองแคว,55130000,Song Khwae,ที่ว่าการอำเภอสองแคว น่าน,0,0
ภูเพียง,ภูเพียง,น่าน,Nan,ภูเพียง,55140000,Phu Phiang,ที่ว่าการอำเภอภูเพียง น่าน,0,0
เมืองพะเยา,เมืองพะเยา,พะเยา,Phayao,เมืองพะเยา,56010000,Mueang Phayao,ที่ว่าการอำเภอเมืองพะเยา พะเยา,0,0
จุน,จุน,พะเยา,Phayao,จุน,56020000,Mueang Phayao,ที่ว่าการอำเภอจุน พะเยา,0,0
เชียงคำ,เชียงคำ,พะเยา,Phayao,เชียงคำ,56030000,Mueang Phayao,ที่ว่าการอำเภอเชียงคำ พะเยา,0,0
เชียงม่วน,เชียงม่วน,พะเยา,Phayao,เชียงม่วน,56040000,Mueang Phayao,ที่ว่าการอำเภอเชียงม่วน พะเยา,0,0
ดอกคำใต้,ดอกคำใต้,พะเยา,Phayao,ดอกคำใต้,56050000,Mueang Phayao,ที่ว่าการอำเภอดอกคำใต้ พะเยา,0,0
ปง,ปง,พะเยา,Phayao,ปง,56060000,Mueang Phayao,ที่ว่าการอำเภอปง พะเยา,0,0
แม่ใจ,แม่ใจ,พะเยา,Phayao,แม่ใจ,56070000,Mueang Phayao,ที่ว่าการอำเภอแม่ใจ พะเยา,0,0
ภูซาง,ภูซาง,พะเยา,Phayao,ภูซาง,56080000,Mueang Phayao,ที่ว่าการอำเภอภูซาง พะเยา,0,0
ภูกามยาว,ภูกามยาว,พะเยา,Phayao,ภูกามยาว,56090000,Mueang Phayao,ที่ว่าการอำเภอภูกามยาว พะเยา,0,0
เมืองเชียงราย,เมืองเชียงราย,เชียงราย,Chiang Rai,เมืองเชียงราย,57010000,Mueang Chiang Rai,ที่ว่าการอำเภอเมืองเชียงราย เชียงราย,0,0
เวียงชัย,เวียงชัย,เชียงราย,Chiang Rai,เวียงชัย,57020000,Wiang Chai,ที่ว่าการอำเภอเวียงชัย เชียงราย,0,0
เชียงของ,เชียงของ,เชียงราย,Chiang Rai,เชียงของ,57030000,Chiang Khong,ที่ว่าการอำเภอเชียงของ เชียงราย,0,0
เทิง,เทิง,เชียงราย,Chiang Rai,เทิง,57040000,Thoeng,ที่ว่าการอำเภอเทิง เชียงราย,0,0
พาน,พาน,เชียงราย,Chiang Rai,พาน,57050000,Phan,ที่ว่าการอำเภอพาน เชียงราย,0,0
ป่าแดด,ป่าแดด,เชียงราย,Chiang Rai,ป่าแดด,57060000,Pa Daet,ที่ว่าการอำเภอป่าแดด เชียงราย,0,0
แม่จัน,แม่จัน,เชียงราย,Chiang Rai,แม่จัน,57070000,Mae Chan,ที่ว่าการอำเภอแม่จัน เชียงราย,0,0
เชียงแสน,เชียงแสน,เชียงราย,Chiang Rai,เชียงแสน,57080000,Chiang Saen,ที่ว่าการอำเภอเชียงแสน เชียงราย,0,0
แม่สาย,แม่สาย,เชียงราย,Chiang Rai,แม่สาย,57090000,Mae Sai,ที่ว่าการอำเภอแม่สาย เชียงราย,0,0
แม่สรวย,แม่สรวย,เชียงราย,Chiang Rai,แม่สรวย,57100000,Mae Suai,ที่ว่าการอำเภอแม่สรวย เชียงราย,0,0
เวียงป่าเป้า,เวียงป่าเป้า,เชียงราย,Chiang Rai,เวียงป่าเป้า,57110000,Wiang Pa Pao,ที่ว่าการอำเภอเวียงป่าเป้า เชียงราย,0,0
พญาเม็งราย,พญาเม็งราย,เชียงราย,Chiang Rai,พญาเม็งราย,57120000,Phaya Mengrai,ที่ว่าการอำเภอพญาเม็งราย เชียงราย,0,0
เวียงแก่น,เวียงแก่น,เชียงราย,Chiang Rai,เวียงแก่น,57130000,Wiang Kaen,ที่ว่าการอำเภอเวียงแก่น เชียงราย,0,0
ขุนตาล,ขุนตาล,เชียงราย,Chiang Rai,ขุนตาล,57140000,Khun Tan,ที่ว่าการอำเภอขุนตาล เชียงราย,0,0
แม่ฟ้าหลวง,แม่ฟ้าหลวง,เชียงราย,Chiang Rai,แม่ฟ้าหลวง,57150000,Mae Fa Luang,ที่ว่าการอำเภอแม่ฟ้าหลวง เชียงราย,0,0
แม่ลาว,แม่ลาว,เชียงราย,Chiang Rai,แม่ลาว,57160000,Mae Lao,ที่ว่าการอำเภอแม่ลาว เชียงราย,0,0
เวียงเชียงรุ้ง,เวียงเชียงรุ้ง,เชียงราย,Chiang Rai,เวียงเชียงรุ้ง,57170000,Wiang Chiang Rung,ที่ว่าการอำเภอเวียงเชียงรุ้ง เชียงราย,0,0
ดอยหลวง,ดอยหลวง,เชียงราย,Chiang Rai,ดอยหลวง,57180000,Doi Luang,ที่ว่าการอำเภอดอยหลวง เชียงราย,0,0
เมืองแม่ฮ่องสอน,เมืองแม่ฮ่องสอน,แม่ฮ่องสอน,Mae Hong Son,เมืองแม่ฮ่องสอน,58010000,Mueang Mae Hong Son,ที่ว่าการอำเภอเมืองแม่ฮ่องสอน แม่ฮ่องสอน,0,0
ขุนยวม,ขุนยวม,แม่ฮ่องสอน,Mae Hong Son,ขุนยวม,58020000,Khun Yuam,ที่ว่าการอำเภอขุนยวม แม่ฮ่องสอน,0,0
ปาย,ปาย,แม่ฮ่องสอน,Mae Hong Son,ปาย,58030000,Pai,ที่ว่าการอำเภอปาย แม่ฮ่องสอน,0,0
แม่สะเรียง,แม่สะเรียง,แม่ฮ่องสอน,Mae Hong Son,แม่สะเรียง,58040000,Mae Sariang,ที่ว่าการอำเภอแม่สะเรียง แม่ฮ่องสอน,0,0
แม่ลาน้อย,แม่ลาน้อย,แม่ฮ่องสอน,Mae Hong Son,แม่ลาน้อย,58050000,Mae La Noi,ที่ว่าการอำเภอแม่ลาน้อย แม่ฮ่องสอน,0,0
สบเมย,สบเมย,แม่ฮ่องสอน,Mae Hong Son,สบเมย,58060000,Sop Moei,ที่ว่าการอำเภอสบเมย แม่ฮ่องสอน,0,0
ปางมะผ้า,ปางมะผ้า,แม่ฮ่องสอน,Mae Hong Son,ปางมะผ้า,58070000,Pang Mapha,ที่ว่าการอำเภอปางมะผ้า แม่ฮ่องสอน,0,0
เมืองนครสวรรค์,เมืองนครสวรรค์,นครสวรรค์,Nakhon Sawan,เมืองนครสวรรค์,60010000,Mueang Nakhon Sawan,ที่ว่าการอำเภอเมืองนครสวรรค์ นครสวรรค์,0,0
โกรกพระ,โกรกพระ,นครสวรรค์,Nakhon Sawan,โกรกพระ,60020000,Krok Phra,ที่ว่าการอำเภอโกรกพระ นครสวรรค์,0,0
ชุมแสง,ชุมแสง,นครสวรรค์,Nakhon Sawan,ชุมแสง,60030000,Chum Saeng,ที่ว่าการอำเภอชุมแสง นครสวรรค์,0,0
หนองบัว,หนองบัว,นครสวรรค์,Nakhon Sawan,หนองบัว,60040000,Nong Bua,ที่ว่าการอำเภอหนองบัว นครสวรรค์,0,0
บรรพตพิสัย,บรรพตพิสัย,นครสวรรค์,Nakhon Sawan,บรรพตพิสัย,60050000,Banphot Phisai,ที่ว่าการอำเภอบรรพตพิสัย นครสวรรค์,0,0
เก้าเลี้ยว,เก้าเลี้ยว,นครสวรรค์,Nakhon Sawan,เก้าเลี้ยว,60060000,Kao Liao,ที่ว่าการอำเภอเก้าเลี้ยว นครสวรรค์,0,0
ตาคลี,ตาคลี,นครสวรรค์,Nakhon Sawan,ตาคลี,60070000,Takhli,ที่ว่าการอำเภอตาคลี นครสวรรค์,0,0
ท่าตะโก,ท่าตะโก,นครสวรรค์,Nakhon Sawan,ท่าตะโก,60080000,Tha Tako,ที่ว่าการอำเภอท่าตะโก นครสวรรค์,0,0
ไพศาลี,ไพศาลี,นครสวรรค์,Nakhon Sawan,ไพศาลี,60090000,Phaisali,ที่ว่าการอำเภอไพศาลี นครสวรรค์,0,0
พยุหะคีรี,พยุหะคีรี,นครสวรรค์,Nakhon Sawan,พยุหะคีรี,60100000,Phayuha Hkiri,ที่ว่าการอำเภอพยุหะคีรี นครสวรรค์,0,0
ลาดยาว,ลาดยาว,นครสวรรค์,Nakhon Sawan,ลาดยาว,60110000,Lat Yao,ที่ว่าการอำเภอลาดยาว นครสวรรค์,0,0
ตากฟ้า,ตากฟ้า,นครสวรรค์,Nakhon Sawan,ตากฟ้า,60120000,Tak Fa,ที่ว่าการอำเภอตากฟ้า นครสวรรค์,0,0
แม่วงก์,แม่วงก์,นครสวรรค์,Nakhon Sawan,แม่วงก์,60130000,Mae Wong,ที่ว่าการอำเภอแม่วงก์ นครสวรรค์,0,0
แม่เปิน,แม่เปิน,นครสวรรค์,Nakhon Sawan,แม่เปิน,60140000,Mae Pern,ที่ว่าการอำเภอแม่เปิน นครสวรรค์,0,0
ชุมตาบง,ชุมตาบง,นครสวรรค์,Nakhon Sawan,ชุมตาบง,60150000,Chum Ta Bong,ที่ว่าการอำเภอชุมตาบง นครสวรรค์,0,0
เมืองอุทัยธานี,เมืองอุทัยธานี,อุทัยธานี,Uthai Thani,เมืองอุทัยธานี,61010000,Mueang Uthai Thani,ที่ว่าการอำเภอเมืองอุทัยธานี อุทัยธานี,0,0
ทัพทัน,ทัพทัน,อุทัยธานี,Uthai Thani,ทัพทัน,61020000,Thap Than,ที่ว่าการอำเภอทัพทัน อุทัยธานี,0,0
สว่างอารมณ์,สว่างอารมณ์,อุทัยธานี,Uthai Thani,สว่างอารมณ์,61030000,Sawang Arom,ที่ว่าการอำเภอสว่างอารมณ์ อุทัยธานี,0,0
หนองฉาง,หนองฉาง,อุทัยธานี,Uthai Thani,หนองฉาง,61040000,Nong Chang,ที่ว่าการอำเภอหนองฉาง อุทัยธานี,0,0
หนองขาหย่าง,หนองขาหย่าง,อุทัยธานี,Uthai Thani,หนองขาหย่าง,61050000,Nong Khayang,ที่ว่าการอำเภอหนองขาหย่าง อุทัยธานี,0,0
บ้านไร่,บ้านไร่,อุทัยธานี,Uthai Thani,บ้านไร่,61060000,Ban Rai,ที่ว่าการอำเภอบ้านไร่ อุทัยธานี,0,0
ลานสัก,ลานสัก,อุทัยธานี,Uthai Thani,ลานสัก,61070000,Lan Sak,ที่ว่าการอำเภอลานสัก อุทัยธานี,0,0
ห้วยคต,ห้วยคต,อุทัยธานี,Uthai Thani,ห้วยคต,61080000,Huai Khot,ที่ว่าการอำเภอห้วยคต อุทัยธานี,0,0
เมืองกำแพงเพชร,เมืองกำแพงเพชร,กำแพงเพชร,Kamphaeng Phet,เมืองกำแพงเพชร,62010000,Mueang Kamphaeng Phet,ที่ว่าการอำเภอเมืองกำแพงเพชร กำแพงเพชร,0,0
ไทรงาม,ไทรงาม,กำแพงเพชร,Kamphaeng Phet,ไทรงาม,62020000,Sai Ngam,ที่ว่าการอำเภอไทรงาม กำแพงเพชร,0,0
คลองลาน,คลองลาน,กำแพงเพชร,Kamphaeng Phet,คลองลาน,62030000,Khlong Lan,ที่ว่าการอำเภอคลองลาน กำแพงเพชร,0,0
ขาณุวรลักษบุรี,ขาณุวรลักษบุรี,กำแพงเพชร,Kamphaeng Phet,ขาณุวรลักษบุรี,62040000,Khanu Woralaksaburi,ที่ว่าการอำเภอขาณุวรลักษบุรี กำแพงเพชร,0,0
คลองขลุง,คลองขลุง,กำแพงเพชร,Kamphaeng Phet,คลองขลุง,62050000,Khlong Khlung,ที่ว่าการอำเภอคลองขลุง กำแพงเพชร,0,0
พรานกระต่าย,พรานกระต่าย,กำแพงเพชร,Kamphaeng Phet,พรานกระต่าย,62060000,Phran Kratai,ที่ว่าการอำเภอพรานกระต่าย กำแพงเพชร,0,0
ลานกระบือ,ลานกระบือ,กำแพงเพชร,Kamphaeng Phet,ลานกระบือ,62070000,Lan Krabue,ที่ว่าการอำเภอลานกระบือ กำแพงเพชร,0,0
ทรายทองวัฒนา,ทรายทองวัฒนา,กำแพงเพชร,Kamphaeng Phet,ทรายทองวัฒนา,62080000,Sai Thong Watthana,ที่ว่าการอำเภอทรายทองวัฒนา กำแพงเพชร,0,0
ปางศิลาทอง,ปางศิลาทอง,กำแพงเพชร,Kamphaeng Phet,ปางศิลาทอง,62090000,Pang Sila Thong,ที่ว่าการอำเภอปางศิลาทอง กำแพงเพชร,0,0
บึงสามัคคี,บึงสามัคคี,กำแพงเพชร,Kamphaeng Phet,บึงสามัคคี,62100000,Bueng Samakkhi,ที่ว่าการอำเภอบึงสามัคคี กำแพงเพชร,0,0
โกสัมพีนคร,โกสัมพีนคร,กำแพงเพชร,Kamphaeng Phet,โกสัมพีนคร,62110000,Kosamphi Nakhon,ที่ว่าการอำเภอโกสัมพีนคร กำแพงเพชร,0,0
เมืองตาก,เมืองตาก,ตาก,Tak,เมืองตาก,63010000,Mueang Tak,ที่ว่าการอำเภอเมืองตาก ตาก,0,0
บ้านตาก,บ้านตาก,ตาก,Tak,บ้านตาก,63020000,Ban Tak,ที่ว่าการอำเภอบ้านตาก ตาก,0,0
สามเงา,สามเงา,ตาก,Tak,สามเงา,63030000,Sam Ngao,ที่ว่าการอำเภอสามเงา ตาก,0,0
แม่ระมาด,แม่ระมาด,ตาก,Tak,แม่ระมาด,63040000,Mae Ramat,ที่ว่าการอำเภอแม่ระมาด ตาก,0,0
ท่าสองยาง,ท่าสองยาง,ตาก,Tak,ท่าสองยาง,63050000,Tha Song Yang,ที่ว่าการอำเภอท่าสองยาง ตาก,0,0
แม่สอด,แม่สอด,ตาก,Tak,แม่สอด,63060000,Mae Sot,ที่ว่าการอำเภอแม่สอด ตาก,0,0
พบพระ,พบพระ,ตาก,Tak,พบพระ,63070000,Phop Phra,ที่ว่าการอำเภอพบพระ ตาก,0,0
อุ้มผาง,อุ้มผาง,ตาก,Tak,อุ้มผาง,63080000,Um Phang,ที่ว่าการอำเภออุ้มผาง ตาก,0,0
วังเจ้า,วังเจ้า,ตาก,Tak,วังเจ้า,63090000,Wang Chao,ที่ว่าการอำเภอวังเจ้า ตาก,0,0
เมืองสุโขทัย,เมืองสุโขทัย,สุโขทัย,Sukhothai,เมืองสุโขทัย,64010000,Mueang Sukhothai,ที่ว่าการอำเภอเมืองสุโขทัย สุโขทัย,0,0
บ้านด่านลานหอย,บ้านด่านลานหอย,สุโขทัย,Sukhothai,บ้านด่านลานหอย,64020000,Ban Dan Lan Hoi,ที่ว่าการอำเภอบ้านด่านลานหอย สุโขทัย,0,0
คีรีมาศ,คีรีมาศ,สุโขทัย,Sukhothai,คีรีมาศ,64030000,Khiri Mat,ที่ว่าการอำเภอคีรีมาศ สุโขทัย,0,0
กงไกรลาศ,กงไกรลาศ,สุโขทัย,Sukhothai,กงไกรลาศ,64040000,Kong Krailat,ที่ว่าการอำเภอกงไกรลาศ สุโขทัย,0,0
ศรีสัชนาลัย,ศรีสัชนาลัย,สุโขทัย,Sukhothai,ศรีสัชนาลัย,64050000,Si Satchanalai,ที่ว่าการอำเภอศรีสัชนาลัย สุโขทัย,0,0
ศรีสำโรง,ศรีสำโรง,สุโขทัย,Sukhothai,ศรีสำโรง,64060000,Si Samrong,ที่ว่าการอำเภอศรีสำโรง สุโขทัย,0,0
สวรรคโลก,สวรรคโลก,สุโขทัย,Sukhothai,สวรรคโลก,64070000,Sawankhalok,ที่ว่าการอำเภอสวรรคโลก สุโขทัย,0,0
ศรีนคร,ศรีนคร,สุโขทัย,Sukhothai,ศรีนคร,64080000,Si Nakhon,ที่ว่าการอำเภอศรีนคร สุโขทัย,0,0
ทุ่งเสลี่ยม,ทุ่งเสลี่ยม,สุโขทัย,Sukhothai,ทุ่งเสลี่ยม,64090000,Thung Saliam,ที่ว่าการอำเภอทุ่งเสลี่ยม สุโขทัย,0,0
เมืองพิษณุโลก,เมืองพิษณุโลก,พิษณุโลก,Phitsanulok,เมืองพิษณุโลก,65010000,Mueang Phitsanulok,ที่ว่าการอำเภอเมืองพิษณุโลก พิษณุโลก,0,0
นครไทย,นครไทย,พิษณุโลก,Phitsanulok,นครไทย,65020000,Nakhon Thai,ที่ว่าการอำเภอนครไทย พิษณุโลก,0,0
ชาติตระการ,ชาติตระการ,พิษณุโลก,Phitsanulok,ชาติตระการ,65030000,Chat Trakan,ที่ว่าการอำเภอชาติตระการ พิษณุโลก,0,0
บางระกำ,บางระกำ,พิษณุโลก,Phitsanulok,บางระกำ,65040000,Bang Rakam,ที่ว่าการอำเภอบางระกำ พิษณุโลก,0,0
บางกระทุ่ม,บางกระทุ่ม,พิษณุโลก,Phitsanulok,บางกระทุ่ม,65050000,Bang Krathum,ที่ว่าการอำเภอบางกระทุ่ม พิษณุโลก,0,0
พรหมพิราม,พรหมพิราม,พิษณุโลก,Phitsanulok,พรหมพิราม,65060000,Phrom Phiram,ที่ว่าการอำเภอพรหมพิราม พิษณุโลก,0,0
วัดโบสถ์,วัดโบสถ์,พิษณุโลก,Phitsanulok,วัดโบสถ์,65070000,Wat Bot,ที่ว่าการอำเภอวัดโบสถ์ พิษณุโลก,0,0
วังทอง,วังทอง,พิษณุโลก,Phitsanulok,วังทอง,65080000,Wang Thong,ที่ว่าการอำเภอวังทอง พิษณุโลก,0,0
เนินมะปราง,เนินมะปราง,พิษณุโลก,Phitsanulok,เนินมะปราง,65090000,Noen Maprang,ที่ว่าการอำเภอเนินมะปราง พิษณุโลก,0,0
เมืองพิจิตร,เมืองพิจิตร,พิจิตร,Phichit,เมืองพิจิตร,66010000,Mueang Phichit,ที่ว่าการอำเภอเมืองพิจิตร พิจิตร,0,0
วังทรายพูน,วังทรายพูน,พิจิตร,Phichit,วังทรายพูน,66020000,Wang Sai Phun,ที่ว่าการอำเภอวังทรายพูน พิจิตร,0,0
โพธิ์ประทับช้าง,โพธิ์ประทับช้าง,พิจิตร,Phichit,โพธิ์ประทับช้าง,66030000,Pho Prathap Chang,ที่ว่าการอำเภอโพธิ์ประทับช้าง พิจิตร,0,0
ตะพานหิน,ตะพานหิน,พิจิตร,Phichit,ตะพานหิน,66040000,Taphan Hin,ที่ว่าการอำเภอตะพานหิน พิจิตร,0,0
บางมูลนาก,บางมูลนาก,พิจิตร,Phichit,บางมูลนาก,66050000,Bang Mun Nak,ที่ว่าการอำเภอบางมูลนาก พิจิตร,0,0
โพทะเล,โพทะเล,พิจิตร,Phichit,โพทะเล,66060000,Pho Thale,ที่ว่าการอำเภอโพทะเล พิจิตร,0,0
สามง่าม,สามง่าม,พิจิตร,Phichit,สามง่าม,66070000,Sam Ngam,ที่ว่าการอำเภอสามง่าม พิจิตร,0,0
ทับคล้อ,ทับคล้อ,พิจิตร,Phichit,ทับคล้อ,66080000,Tap Khlo,ที่ว่าการอำเภอทับคล้อ พิจิตร,0,0
สากเหล็ก,สากเหล็ก,พิจิตร,Phichit,สากเหล็ก,66090000,Sak Lek,ที่ว่าการอำเภอสากเหล็ก พิจิตร,0,0
บึงนาราง,บึงนาราง,พิจิตร,Phichit,บึงนาราง,66100000,Bueng Na Rang,ที่ว่าการอำเภอบึงนาราง พิจิตร,0,0
ดงเจริญ,ดงเจริญ,พิจิตร,Phichit,ดงเจริญ,66110000,Dong Charoen,ที่ว่าการอำเภอดงเจริญ พิจิตร,0,0
วชิรบารมี,วชิรบารมี,พิจิตร,Phichit,วชิรบารมี,66120000,Wachirabarami,ที่ว่าการอำเภอวชิรบารมี พิจิตร,0,0
เมืองเพชรบูรณ์,เมืองเพชรบูรณ์,เพชรบูรณ์,Phetchabun,เมืองเพชรบูรณ์,67010000,Mueang Phetchabun,ที่ว่าการอำเภอเมืองเพชรบูรณ์ เพชรบูรณ์,0,0
ชนแดน,ชนแดน,เพชรบูรณ์,Phetchabun,ชนแดน,67020000,Chon Daen,ที่ว่าการอำเภอชนแดน เพชรบูรณ์,0,0
หล่มสัก,หล่มสัก,เพชรบูรณ์,Phetchabun,หล่มสัก,67030000,Lom Sak,ที่ว่าการอำเภอหล่มสัก เพชรบูรณ์,0,0
หล่มเก่า,หล่มเก่า,เพชรบูรณ์,Phetchabun,หล่มเก่า,67040000,Lom Kao,ที่ว่าการอำเภอหล่มเก่า เพชรบูรณ์,0,0
วิเชียรบุรี,วิเชียรบุรี,เพชรบูรณ์,Phetchabun,วิเชียรบุรี,67050000,Wichian Buri,ที่ว่าการอำเภอวิเชียรบุรี เพชรบูรณ์,0,0
ศรีเทพ,ศรีเทพ,เพชรบูรณ์,Phetchabun,ศรีเทพ,67060000,Si Thep,ที่ว่าการอำเภอศรีเทพ เพชรบูรณ์,0,0
หนองไผ่,หนองไผ่,เพชรบูรณ์,Phetchabun,หนองไผ่,67070000,Nong Phai,ที่ว่าการอำเภอหนองไผ่ เพชรบูรณ์,0,0
บึงสามพัน,บึงสามพัน,เพชรบูรณ์,Phetchabun,บึงสามพัน,67080000,Bueng Sam Phan,ที่ว่าการอำเภอบึงสามพัน เพชรบูรณ์,0,0
น้ำหนาว,น้ำหนาว,เพชรบูรณ์,Phetchabun,น้ำหนาว,67090000,Nam Nao,ที่ว่าการอำเภอน้ำหนาว เพชรบูรณ์,0,0
วังโป่ง,วังโป่ง,เพชรบูรณ์,Phetchabun,วังโป่ง,67100000,Wang Pong,ที่ว่าการอำเภอวังโป่ง เพชรบูรณ์,0,0
เขาค้อ,เขาค้อ,เพชรบูรณ์,Phetchabun,เขาค้อ,67110000,Khao kho,ที่ว่าการอำเภอเขาค้อ เพชรบูรณ์,0,0
เมืองราชบุรี,เมืองราชบุรี,ราชบุรี,Ratchaburi,เมืองราชบุรี,70010000,Mueang Ratchaburi,ที่ว่าการอำเภอเมืองราชบุรี ราชบุรี,0,0
จอมบึง,จอมบึง,ราชบุรี,Ratchaburi,จอมบึง,70020000,Chom Bueng,ที่ว่าการอำเภอจอมบึง ราชบุรี,0,0
สวนผึ้ง,สวนผึ้ง,ราชบุรี,Ratchaburi,สวนผึ้ง,70030000,Suan Phueng,ที่ว่าการอำเภอสวนผึ้ง ราชบุรี,0,0
ดำเนินสะดวก,ดำเนินสะดวก,ราชบุรี,Ratchaburi,ดำเนินสะดวก,70040000,Damnoen Saduak,ที่ว่าการอำเภอดำเนินสะดวก ราชบุรี,0,0
บ้านโป่ง,บ้านโป่ง,ราชบุรี,Ratchaburi,บ้านโป่ง,70050000,Ban Pong,ที่ว่าการอำเภอบ้านโป่ง ราชบุรี,0,0
บางแพ,บางแพ,ราชบุรี,Ratchaburi,บางแพ,70060000,Bang Phae,ที่ว่าการอำเภอบางแพ ราชบุรี,0,0
โพธาราม,โพธาราม,ราชบุรี,Ratchaburi,โพธาราม,70070000,Photharam,ที่ว่าการอำเภอโพธาราม ราชบุรี,0,0
ปากท่อ,ปากท่อ,ราชบุรี,Ratchaburi,ปากท่อ,70080000,Pak Tho,ที่ว่าการอำเภอปากท่อ ราชบุรี,0,0
วัดเพลง,วัดเพลง,ราชบุรี,Ratchaburi,วัดเพลง,70090000,Wat Phleng,ที่ว่าการอำเภอวัดเพลง ราชบุรี,0,0
บ้านคา,บ้านคา,ราชบุรี,Ratchaburi,บ้านคา,70100000,Ban Kha,ที่ว่าการอำเภอบ้านคา ราชบุรี,0,0
เมืองกาญจนบุรี,เมืองกาญจนบุรี,กาญจนบุรี,Kanchanaburi,เมืองกาญจนบุรี,71010000,Mueang Kanchanaburi,ที่ว่าการอำเภอเมืองกาญจนบุรี กาญจนบุรี,0,0
ไทรโยค,ไทรโยค,กาญจนบุรี,Kanchanaburi,ไทรโยค,71020000,Sai Yok,ที่ว่าการอำเภอไทรโยค กาญจนบุรี,0,0
บ่อพลอย,บ่อพลอย,กาญจนบุรี,Kanchanaburi,บ่อพลอย,71030000,Bo Phloi,ที่ว่าการอำเภอบ่อพลอย กาญจนบุรี,0,0
ศรีสวัสดิ์,ศรีสวัสดิ์,กาญจนบุรี,Kanchanaburi,ศรีสวัสดิ์,71040000,Si Sawat,ที่ว่าการอำเภอศรีสวัสดิ์ กาญจนบุรี,0,0
ท่ามะกา,ท่ามะกา,กาญจนบุรี,Kanchanaburi,ท่ามะกา,71050000,Tha Maka,ที่ว่าการอำเภอท่ามะกา กาญจนบุรี,0,0
ท่าม่วง,ท่าม่วง,กาญจนบุรี,Kanchanaburi,ท่าม่วง,71060000,Tha Muang,ที่ว่าการอำเภอท่าม่วง กาญจนบุรี,0,0
ทองผาภูมิ,ทองผาภูมิ,กาญจนบุรี,Kanchanaburi,ทองผาภูมิ,71070000,Thong Pha Phum,ที่ว่าการอำเภอทองผาภูมิ กาญจนบุรี,0,0
สังขละบุรี,สังขละบุรี,กาญจนบุรี,Kanchanaburi,สังขละบุรี,71080000,Sangkhla Buri,ที่ว่าการอำเภอสังขละบุรี กาญจนบุรี,0,0
พนมทวน,พนมทวน,กาญจนบุรี,Kanchanaburi,พนมทวน,71090000,Phanom Thuan,ที่ว่าการอำเภอพนมทวน กาญจนบุรี,0,0
เลาขวัญ,เลาขวัญ,กาญจนบุรี,Kanchanaburi,เลาขวัญ,71100000,Lao Khwan,ที่ว่าการอำเภอเลาขวัญ กาญจนบุรี,0,0
ด่านมะขามเตี้ย,ด่านมะขามเตี้ย,กาญจนบุรี,Kanchanaburi,ด่านมะขามเตี้ย,71110000,Dan Makham Tia,ที่ว่าการอำเภอด่านมะขามเตี้ย กาญจนบุรี,0,0
หนองปรือ,หนองปรือ,กาญจนบุรี,Kanchanaburi,หนองปรือ,71120000,Nong Prue,ที่ว่าการอำเภอหนองปรือ กาญจนบุรี,0,0
ห้วยกระเจา,ห้วยกระเจา,กาญจนบุรี,Kanchanaburi,ห้วยกระเจา,71130000,Huai Krachao,ที่ว่าการอำเภอห้วยกระเจา กาญจนบุรี,0,0
เมืองสุพรรณบุรี,เมืองสุพรรณบุรี,สุพรรณบุรี,Suphan Buri,เมืองสุพรรณบุรี,72010000,Mueang Saphan Buri,ที่ว่าการอำเภอเมืองสุพรรณบุรี สุพรรณบุรี,0,0
เดิมบางนางบวช,เดิมบางนางบวช,สุพรรณบุรี,Suphan Buri,เดิมบางนางบวช,72020000,Doem Bang Nang Buat,ที่ว่าการอำเภอเดิมบางนางบวช สุพรรณบุรี,0,0
ด่านช้าง,ด่านช้าง,สุพรรณบุรี,Suphan Buri,ด่านช้าง,72030000,Dan Chang,ที่ว่าการอำเภอด่านช้าง สุพรรณบุรี,0,0
บางปลาม้า,บางปลาม้า,สุพรรณบุรี,Suphan Buri,บางปลาม้า,72040000,Bang Pla Ma,ที่ว่าการอำเภอบางปลาม้า สุพรรณบุรี,0,0
ศรีประจันต์,ศรีประจันต์,สุพรรณบุรี,Suphan Buri,ศรีประจันต์,72050000,Si Prachan,ที่ว่าการอำเภอศรีประจันต์ สุพรรณบุรี,0,0
ดอนเจดีย์,ดอนเจดีย์,สุพรรณบุรี,Suphan Buri,ดอนเจดีย์,72060000,Don Chedi,ที่ว่าการอำเภอดอนเจดีย์ สุพรรณบุรี,0,0
สองพี่น้อง,สองพี่น้อง,สุพรรณบุรี,Suphan Buri,สองพี่น้อง,72070000,Song Phi Nong,ที่ว่าการอำเภอสองพี่น้อง สุพรรณบุรี,0,0
สามชุก,สามชุก,สุพรรณบุรี,Suphan Buri,สามชุก,72080000,Sam Chuk,ที่ว่าการอำเภอสามชุก สุพรรณบุรี,0,0
อู่ทอง,อู่ทอง,สุพรรณบุรี,Suphan Buri,อู่ทอง,72090000,U Thong,ที่ว่าการอำเภออู่ทอง สุพรรณบุรี,0,0
หนองหญ้าไซ,หนองหญ้าไซ,สุพรรณบุรี,Suphan Buri,หนองหญ้าไซ,72100000,Nong Ya Sai,ที่ว่าการอำเภอหนองหญ้าไซ สุพรรณบุรี,0,0
เมืองนครปฐม,เมืองนครปฐม,นครปฐม,Nakhon Pathom,เมืองนครปฐม,73010000,mueang Nakhon Pathom,ที่ว่าการอำเภอเมืองนครปฐม นครปฐม,0,0
กำแพงแสน,กำแพงแสน,นครปฐม,Nakhon Pathom,กำแพงแสน,73020000,Kamphaeng Saen,ที่ว่าการอำเภอกำแพงแสน นครปฐม,0,0
นครชัยศรี,นครชัยศรี,นครปฐม,Nakhon Pathom,นครชัยศรี,73030000,Nakhon Chai Si,ที่ว่าการอำเภอนครชัยศรี นครปฐม,0,0
ดอนตูม,ดอนตูม,นครปฐม,Nakhon Pathom,ดอนตูม,73040000,Don Tum,ที่ว่าการอำเภอดอนตูม นครปฐม,0,0
บางเลน,บางเลน,นครปฐม,Nakhon Pathom,บางเลน,73050000,Bang Len,ที่ว่าการอำเภอบางเลน นครปฐม,0,0
สามพราน,สามพราน,นครปฐม,Nakhon Pathom,สามพราน,73060000,Sam Phran,ที่ว่าการอำเภอสามพราน นครปฐม,0,0
พุทธมณฑล,พุทธมณฑล,นครปฐม,Nakhon Pathom,พุทธมณฑล,73070000,Phutthamonthon,ที่ว่าการอำเภอพุทธมณฑล นครปฐม,0,0
เมืองสมุทรสาคร,เมืองสมุทรสาคร,สมุทรสาคร,Samut Sakhon,เมืองสมุทรสาคร,74010000,Mueang Samut Sakhon,ที่ว่าการอำเภอเมืองสมุทรสาคร สมุทรสาคร,0,0
กระทุ่มแบน,กระทุ่มแบน,สมุทรสาคร,Samut Sakhon,กระทุ่มแบน,74020000,Krathum Baen,ที่ว่าการอำเภอกระทุ่มแบน สมุทรสาคร,0,0
บ้านแพ้ว,บ้านแพ้ว,สมุทรสาคร,Samut Sakhon,บ้านแพ้ว,74030000,Ban Phaeo,ที่ว่าการอำเภอบ้านแพ้ว สมุทรสาคร,0,0
เมืองสมุทรสงคราม,เมืองสมุทรสงคราม,สมุทรสงคราม,Samut Songkhram,เมืองสมุทรสงคราม,75010000,Mueang Samut Songkhram,ที่ว่าการอำเภอเมืองสมุทรสงคราม สมุทรสงคราม,0,0
บางคนที,บางคนที,สมุทรสงคราม,Samut Songkhram,บางคนที,75020000,Bang Khonthi,ที่ว่าการอำเภอบางคนที สมุทรสงคราม,0,0
อัมพวา,อัมพวา,สมุทรสงคราม,Samut Songkhram,อัมพวา,75030000,Amphawa,ที่ว่าการอำเภออัมพวา สมุทรสงคราม,0,0
เมืองเพชรบุรี,เมืองเพชรบุรี,เพชรบุรี,Phetchaburi,เมืองเพชรบุรี,76010000,Mueang Phetchaburi,ที่ว่าการอำเภอเมืองเพชรบุรี เพชรบุรี,0,0
เขาย้อย,เขาย้อย,เพชรบุรี,Phetchaburi,เขาย้อย,76020000,Khao Yoi,ที่ว่าการอำเภอเขาย้อย เพชรบุรี,0,0
หนองหญ้าปล้อง,หนองหญ้าปล้อง,เพชรบุรี,Phetchaburi,หนองหญ้าปล้อง,76030000,Nong Ya Plong,ที่ว่าการอำเภอหนองหญ้าปล้อง เพชรบุรี,0,0
ชะอำ,ชะอำ,เพชรบุรี,Phetchaburi,ชะอำ,76040000,Cha-am,ที่ว่าการอำเภอชะอำ เพชรบุรี,0,0
ท่ายาง,ท่ายาง,เพชรบุรี,Phetchaburi,ท่ายาง,76050000,Tha Yang,ที่ว่าการอำเภอท่ายาง เพชรบุรี,0,0
บ้านลาด,บ้านลาด,เพชรบุรี,Phetchaburi,บ้านลาด,76060000,Ban Lat,ที่ว่าการอำเภอบ้านลาด เพชรบุรี,0,0
บ้านแหลม,บ้านแหลม,เพชรบุรี,Phetchaburi,บ้านแหลม,76070000,Ban Laem,ที่ว่าการอำเภอบ้านแหลม เพชรบุรี,0,0
แก่งกระจาน,แก่งกระจาน,เพชรบุรี,Phetchaburi,แก่งกระจาน,76080000,Kaeng Krachan,ที่ว่าการอำเภอแก่งกระจาน เพชรบุรี,0,0
เมืองประจวบคีรีขันธ์,เมืองประจวบคีรีขันธ์,ประจวบคีรีขันธ์,Prachuap Khiri Khan,เมืองประจวบคีรีขันธ์,77010000,Mueang Prachuap Khiri Khan,ที่ว่าการอำเภอเมืองประจวบคีรีขันธ์ ประจวบคีรีขันธ์,0,0
กุยบุรี,กุยบุรี,ประจวบคีรีขันธ์,Prachuap Khiri Khan,กุยบุรี,77020000,Kui Buri,ที่ว่าการอำเภอกุยบุรี ประจวบคีรีขันธ์,0,0
ทับสะแก,ทับสะแก,ประจวบคีรีขันธ์,Prachuap Khiri Khan,ทับสะแก,77030000,Thap Sakae,ที่ว่าการอำเภอทับสะแก ประจวบคีรีขันธ์,0,0
บางสะพาน,บางสะพาน,ประจวบคีรีขันธ์,Prachuap Khiri Khan,บางสะพาน,77040000,Bang Saphan,ที่ว่าการอำเภอบางสะพาน ประจวบคีรีขันธ์,0,0
บางสะพานน้อย,บางสะพานน้อย,ประจวบคีรีขันธ์,Prachuap Khiri Khan,บางสะพานน้อย,77050000,Bang Saphan Noi,ที่ว่าการอำเภอบางสะพานน้อย ประจวบคีรีขันธ์,0,0
ปราณบุรี,ปราณบุรี,ประจวบคีรีขันธ์,Prachuap Khiri Khan,ปราณบุรี,77060000,Pran Buri,ที่ว่าการอำเภอปราณบุรี ประจวบคีรีขันธ์,0,0
หัวหิน,หัวหิน,ประจวบคีรีขันธ์,Prachuap Khiri Khan,หัวหิน,77070000,Hua Hin,ที่ว่าการอำเภอหัวหิน ประจวบคีรีขันธ์,0,0
สามร้อยยอด,สามร้อยยอด,ประจวบคีรีขันธ์,Prachuap Khiri Khan,สามร้อยยอด,77080000,Sam Roi Yot,ที่ว่าการอำเภอสามร้อยยอด ประจวบคีรีขันธ์,0,0
เมืองนครศรีธรรมราช,เมืองนครศรีธรรมราช,นครศรีธรรมราช,Nakhon Si Thammarat,เมืองนครศรีธรรมราช,80010000,Mueang Nakhon Si Thammarat,ที่ว่าการอำเภอเมืองนครศรีธรรมราช นครศรีธรรมราช,0,0
พรหมคีรี,พรหมคีรี,นครศรีธรรมราช,Nakhon Si Thammarat,พรหมคีรี,80020000,Phrom Khiri,ที่ว่าการอำเภอพรหมคีรี นครศรีธรรมราช,0,0
ลานสกา,ลานสกา,นครศรีธรรมราช,Nakhon Si Thammarat,ลานสกา,80030000,Lan Saka,ที่ว่าการอำเภอลานสกา นครศรีธรรมราช,0,0
ฉวาง,ฉวาง,นครศรีธรรมราช,Nakhon Si Thammarat,ฉวาง,80040000,Chawang,ที่ว่าการอำเภอฉวาง นครศรีธรรมราช,0,0
พิปูน,พิปูน,นครศรีธรรมราช,Nakhon Si Thammarat,พิปูน,80050000,Phipun,ที่ว่าการอำเภอพิปูน นครศรีธรรมราช,0,0
เชียรใหญ่,เชียรใหญ่,นครศรีธรรมราช,Nakhon Si Thammarat,เชียรใหญ่,80060000,Chian Yai,ที่ว่าการอำเภอเชียรใหญ่ นครศรีธรรมราช,0,0
ชะอวด,ชะอวด,นครศรีธรรมราช,Nakhon Si Thammarat,ชะอวด,80070000,Cha-uat,ที่ว่าการอำเภอชะอวด นครศรีธรรมราช,0,0
ท่าศาลา,ท่าศาลา,นครศรีธรรมราช,Nakhon Si Thammarat,ท่าศาลา,80080000,Tha Sala,ที่ว่าการอำเภอท่าศาลา นครศรีธรรมราช,0,0
ทุ่งสง,ทุ่งสง,นครศรีธรรมราช,Nakhon Si Thammarat,ทุ่งสง,80090000,Thung Song,ที่ว่าการอำเภอทุ่งสง นครศรีธรรมราช,0,0
นาบอน,นาบอน,นครศรีธรรมราช,Nakhon Si Thammarat,นาบอน,80100000,Na Bon,ที่ว่าการอำเภอนาบอน นครศรีธรรมราช,0,0
ทุ่งใหญ่,ทุ่งใหญ่,นครศรีธรรมราช,Nakhon Si Thammarat,ทุ่งใหญ่,80110000,Thung Yai,ที่ว่าการอำเภอทุ่งใหญ่ นครศรีธรรมราช,0,0
ปากพนัง,ปากพนัง,นครศรีธรรมราช,Nakhon Si Thammarat,ปากพนัง,80120000,Pak Phanang,ที่ว่าการอำเภอปากพนัง นครศรีธรรมราช,0,0
ร่อนพิบูลย์,ร่อนพิบูลย์,นครศรีธรรมราช,Nakhon Si Thammarat,ร่อนพิบูลย์,80130000,Ron Phibun,ที่ว่าการอำเภอร่อนพิบูลย์ นครศรีธรรมราช,0,0
สิชล,สิชล,นครศรีธรรมราช,Nakhon Si Thammarat,สิชล,80140000,Sichon,ที่ว่าการอำเภอสิชล นครศรีธรรมราช,0,0
ขนอม,ขนอม,นครศรีธรรมราช,Nakhon Si Thammarat,ขนอม,80150000,Khanom,ที่ว่าการอำเภอขนอม นครศรีธรรมราช,0,0
หัวไทร,หัวไทร,นครศรีธรรมราช,Nakhon Si Thammarat,หัวไทร,80160000,Hua Sai,ที่ว่าการอำเภอหัวไทร นครศรีธรรมราช,0,0
บางขัน,บางขัน,นครศรีธรรมราช,Nakhon Si Thammarat,บางขัน,80170000,Bang Khan,ที่ว่าการอำเภอบางขัน นครศรีธรรมราช,0,0
ถ้ำพรรณรา,ถ้ำพรรณรา,นครศรีธรรมราช,Nakhon Si Thammarat,ถ้ำพรรณรา,80180000,Tham Phannara,ที่ว่าการอำเภอถ้ำพรรณรา นครศรีธรรมราช,0,0
จุฬาภรณ์,จุฬาภรณ์,นครศรีธรรมราช,Nakhon Si Thammarat,จุฬาภรณ์,80190000,Chulabhorn,ที่ว่าการอำเภอจุฬาภรณ์ นครศรีธรรมราช,0,0
พระพรหม,พระพรหม,นครศรีธรรมราช,Nakhon Si Thammarat,พระพรหม,80200000,Phra Phrom,ที่ว่าการอำเภอพระพรหม นครศรีธรรมราช,0,0
นบพิตำ,นบพิตำ,นครศรีธรรมราช,Nakhon Si Thammarat,นบพิตำ,80210000,Nopphitam,ที่ว่าการอำเภอนบพิตำ นครศรีธรรมราช,0,0
ช้างกลาง,ช้างกลาง,นครศรีธรรมราช,Nakhon Si Thammarat,ช้างกลาง,80220000,Chang Klang,ที่ว่าการอำเภอช้างกลาง นครศรีธรรมราช,0,0
เมืองกระบี่,เมืองกระบี่,กระบี่,Krabi,เมืองกระบี่,81010000,Mueang Krabi,ที่ว่าการอำเภอเมืองกระบี่ กระบี่,8.061763150872709,98.91857211721937
เขาพนม,เขาพนม,กระบี่,Krabi,เขาพนม,81020000,Khao Phanom,ที่ว่าการอำเภอเขาพนม กระบี่,8.264923005122508,99.04963943438898
เกาะลันตา,เกาะลันตา,กระบี่,Krabi,เกาะลันตา,81030000,Ko Lanta,ที่ว่าการอำเภอเกาะลันตา กระบี่,7.655484457684147,99.04171480554669
คลองท่อม,คลองท่อม,กระบี่,Krabi,คลองท่อม,81040000,Khlong Thom,ที่ว่าการอำเภอคลองท่อม กระบี่,7.95423580685739,99.14489509762547
อ่าวลึก,อ่าวลึก,กระบี่,Krabi,อ่าวลึก,81050000,Ao Luek,ที่ว่าการอำเภออ่าวลึก กระบี่,8.37794399292716,98.72216047857258
ปลายพระยา,ปลายพระยา,กระบี่,Krabi,ปลายพระยา,81060000,Plai Phraya,ที่ว่าการอำเภอปลายพระยา กระบี่,8.533183092941565,98.86447316433053
ลำทับ,ลำทับ,กระบี่,Krabi,ลำทับ,81070000,Lam Thap,ที่ว่าการอำเภอลำทับ กระบี่,8.072378697520255,99.29234917671407
เหนือคลอง,เหนือคลอง,กระบี่,Krabi,เหนือคลอง,81080000,Nuea Khlong,ที่ว่าการอำเภอเหนือคลอง กระบี่,8.074737684045544,99.00413052275218
เมืองพังงา,เมืองพังงา,พังงา,Phang Nga,เมืองพังงา,82010000,Mueang Phang-nga,ที่ว่าการอำเภอเมืองพังงา พังงา,0,0
เกาะยาว,เกาะยาว,พังงา,Phang Nga,เกาะยาว,82020000,Ko Yao,ที่ว่าการอำเภอเกาะยาว พังงา,0,0
กะปง,กะปง,พังงา,Phang Nga,กะปง,82030000,Kapong,ที่ว่าการอำเภอกะปง พังงา,0,0
ตะกั่วทุ่ง,ตะกั่วทุ่ง,พังงา,Phang Nga,ตะกั่วทุ่ง,82040000,Takua Thung,ที่ว่าการอำเภอตะกั่วทุ่ง พังงา,0,0
ตะกั่วป่า,ตะกั่วป่า,พังงา,Phang Nga,ตะกั่วป่า,82050000,Takua Pa,ที่ว่าการอำเภอตะกั่วป่า พังงา,0,0
คุระบุรี,คุระบุรี,พังงา,Phang Nga,คุระบุรี,82060000,Khura Buri,ที่ว่าการอำเภอคุระบุรี พังงา,0,0
ทับปุด,ทับปุด,พังงา,Phang Nga,ทับปุด,82070000,Thap Put,ที่ว่าการอำเภอทับปุด พังงา,0,0
ท้ายเหมือง,ท้ายเหมือง,พังงา,Phang Nga,ท้ายเหมือง,82080000,Thai Mueang,ที่ว่าการอำเภอท้ายเหมือง พังงา,0,0
เมืองภูเก็ต,เมืองภูเก็ต,ภูเก็ต,Phuket,เมืองภูเก็ต,83010000,Mueang Phuket,ที่ว่าการอำเภอเมืองภูเก็ต ภูเก็ต,0,0
กะทู้,กะทู้,ภูเก็ต,Phuket,กะทู้,83020000,Kathu,ที่ว่าการอำเภอกะทู้ ภูเก็ต,0,0
ถลาง,ถลาง,ภูเก็ต,Phuket,ถลาง,83030000,Thalang,ที่ว่าการอำเภอถลาง ภูเก็ต,0,0
เมืองสุราษฎร์ธานี,เมืองสุราษฎร์ธานี,สุราษฎร์ธานี,Surat Thani,เมืองสุราษฎร์ธานี,84010000,Mueang Surat Thani,ที่ว่าการอำเภอเมืองสุราษฎร์ธานี สุราษฎร์ธานี,0,0
กาญจนดิษฐ์,กาญจนดิษฐ์,สุราษฎร์ธานี,Surat Thani,กาญจนดิษฐ์,84020000,Kanchanadit,ที่ว่าการอำเภอกาญจนดิษฐ์ สุราษฎร์ธานี,0,0
ดอนสัก,ดอนสัก,สุราษฎร์ธานี,Surat Thani,ดอนสัก,84030000,Don Sak,ที่ว่าการอำเภอดอนสัก สุราษฎร์ธานี,0,0
เกาะสมุย,เกาะสมุย,สุราษฎร์ธานี,Surat Thani,เกาะสมุย,84040000,Ko Samui,ที่ว่าการอำเภอเกาะสมุย สุราษฎร์ธานี,0,0
เกาะพะงัน,เกาะพะงัน,สุราษฎร์ธานี,Surat Thani,เกาะพะงัน,84050000,Ko Pha-ngan,ที่ว่าการอำเภอเกาะพะงัน สุราษฎร์ธานี,0,0
ไชยา,ไชยา,สุราษฎร์ธานี,Surat Thani,ไชยา,84060000,Chaiya,ที่ว่าการอำเภอไชยา สุราษฎร์ธานี,0,0
ท่าชนะ,ท่าชนะ,สุราษฎร์ธานี,Surat Thani,ท่าชนะ,84070000,Tha Chana,ที่ว่าการอำเภอท่าชนะ สุราษฎร์ธานี,0,0
คีรีรัฐนิคม,คีรีรัฐนิคม,สุราษฎร์ธานี,Surat Thani,คีรีรัฐนิคม,84080000,Khiri Rat Nikhom,ที่ว่าการอำเภอคีรีรัฐนิคม สุราษฎร์ธานี,0,0
บ้านตาขุน,บ้านตาขุน,สุราษฎร์ธานี,Surat Thani,บ้านตาขุน,84090000,Ban Ta Khun,ที่ว่าการอำเภอบ้านตาขุน สุราษฎร์ธานี,0,0
พนม,พนม,สุราษฎร์ธานี,Surat Thani,พนม,84100000,Phanom,ที่ว่าการอำเภอพนม สุราษฎร์ธานี,0,0
ท่าฉาง,ท่าฉาง,สุราษฎร์ธานี,Surat Thani,ท่าฉาง,84110000,Tha Chang,ที่ว่าการอำเภอท่าฉาง สุราษฎร์ธานี,0,0
บ้านนาสาร,บ้านนาสาร,สุราษฎร์ธานี,Surat Thani,บ้านนาสาร,84120000,Ban Na San,ที่ว่าการอำเภอบ้านนาสาร สุราษฎร์ธานี,0,0
บ้านนาเดิม,บ้านนาเดิม,สุราษฎร์ธานี,Surat Thani,บ้านนาเดิม,84130000,Ban Na Doem,ที่ว่าการอำเภอบ้านนาเดิม สุราษฎร์ธานี,0,0
เคียนซา,เคียนซา,สุราษฎร์ธานี,Surat Thani,เคียนซา,84140000,Khian Sa,ที่ว่าการอำเภอเคียนซา สุราษฎร์ธานี,0,0
เวียงสระ,เวียงสระ,สุราษฎร์ธานี,Surat Thani,เวียงสระ,84150000,Wiang Sa,ที่ว่าการอำเภอเวียงสระ สุราษฎร์ธานี,0,0
พระแสง,พระแสง,สุราษฎร์ธานี,Surat Thani,พระแสง,84160000,Phrasaeng,ที่ว่าการอำเภอพระแสง สุราษฎร์ธานี,0,0
พุนพิน,พุนพิน,สุราษฎร์ธานี,Surat Thani,พุนพิน,84170000,Phunphin,ที่ว่าการอำเภอพุนพิน สุราษฎร์ธานี,0,0
ชัยบุรี,ชัยบุรี,สุราษฎร์ธานี,Surat Thani,ชัยบุรี,84180000,Chai Buri,ที่ว่าการอำเภอชัยบุรี สุราษฎร์ธานี,0,0
วิภาวดี,วิภาวดี,สุราษฎร์ธานี,Surat Thani,วิภาวดี,84190000,Chai Buri,ที่ว่าการอำเภอวิภาวดี สุราษฎร์ธานี,0,0
เมืองระนอง,เมืองระนอง,ระนอง,Ranong,เมืองระนอง,85010000,Mueang Ranong,ที่ว่าการอำเภอเมืองระนอง ระนอง,0,0
ละอุ่น,ละอุ่น,ระนอง,Ranong,ละอุ่น,85020000,La-un,ที่ว่าการอำเภอละอุ่น ระนอง,0,0
กะเปอร์,กะเปอร์,ระนอง,Ranong,กะเปอร์,85030000,Papoe,ที่ว่าการอำเภอกะเปอร์ ระนอง,0,0
กระบุรี,กระบุรี,ระนอง,Ranong,กระบุรี,85040000,Kra Buri,ที่ว่าการอำเภอกระบุรี ระนอง,0,0
สุขสำราญ,สุขสำราญ,ระนอง,Ranong,สุขสำราญ,85050000,Suk Samran,ที่ว่าการอำเภอสุขสำราญ ระนอง,0,0
เมืองชุมพร,เมืองชุมพร,ชุมพร,Chumphon,เมืองชุมพร,86010000,Mueang Chumphon,ที่ว่าการอำเภอเมืองชุมพร ชุมพร,0,0
ท่าแซะ,ท่าแซะ,ชุมพร,Chumphon,ท่าแซะ,86020000,Tha Sae,ที่ว่าการอำเภอท่าแซะ ชุมพร,0,0
ปะทิว,ปะทิว,ชุมพร,Chumphon,ปะทิว,86030000,Pathio,ที่ว่าการอำเภอปะทิว ชุมพร,0,0
หลังสวน,หลังสวน,ชุมพร,Chumphon,หลังสวน,86040000,Lang Suan,ที่ว่าการอำเภอหลังสวน ชุมพร,0,0
ละแม,ละแม,ชุมพร,Chumphon,ละแม,86050000,Lamae,ที่ว่าการอำเภอละแม ชุมพร,0,0
พะโต๊ะ,พะโต๊ะ,ชุมพร,Chumphon,พะโต๊ะ,86060000,Phato,ที่ว่าการอำเภอพะโต๊ะ ชุมพร,0,0
สวี,สวี,ชุมพร,Chumphon,สวี,86070000,Sawi,ที่ว่าการอำเภอสวี ชุมพร,0,0
ทุ่งตะโก,ทุ่งตะโก,ชุมพร,Chumphon,ทุ่งตะโก,86080000,Thung Tako,ที่ว่าการอำเภอทุ่งตะโก ชุมพร,0,0
เมืองสงขลา,เมืองสงขลา,สงขลา,Songkhla,เมืองสงขลา,90010000,Muaeng Songkhla,ที่ว่าการอำเภอเมืองสงขลา สงขลา,0,0
สทิงพระ,สทิงพระ,สงขลา,Songkhla,สทิงพระ,90020000,Sathing Phra,ที่ว่าการอำเภอสทิงพระ สงขลา,0,0
จะนะ,จะนะ,สงขลา,Songkhla,จะนะ,90030000,Chana,ที่ว่าการอำเภอจะนะ สงขลา,0,0
นาทวี,นาทวี,สงขลา,Songkhla,นาทวี,90040000,Na Thawi,ที่ว่าการอำเภอนาทวี สงขลา,0,0
เทพา,เทพา,สงขลา,Songkhla,เทพา,90050000,Thepha,ที่ว่าการอำเภอเทพา สงขลา,0,0
สะบ้าย้อย,สะบ้าย้อย,สงขลา,Songkhla,สะบ้าย้อย,90060000,Saba Yoi,ที่ว่าการอำเภอสะบ้าย้อย สงขลา,0,0
ระโนด,ระโนด,สงขลา,Songkhla,ระโนด,90070000,Ranot,ที่ว่าการอำเภอระโนด สงขลา,0,0
กระแสสินธุ์,กระแสสินธุ์,สงขลา,Songkhla,กระแสสินธุ์,90080000,Krasae Sin,ที่ว่าการอำเภอกระแสสินธุ์ สงขลา,0,0
รัตภูมิ,รัตภูมิ,สงขลา,Songkhla,รัตภูมิ,90090000,Rattaphum,ที่ว่าการอำเภอรัตภูมิ สงขลา,0,0
สะเดา,สะเดา,สงขลา,Songkhla,สะเดา,90100000,Sadao,ที่ว่าการอำเภอสะเดา สงขลา,0,0
หาดใหญ่,หาดใหญ่,สงขลา,Songkhla,หาดใหญ่,90110000,Hat Yai,ที่ว่าการอำเภอหาดใหญ่ สงขลา,0,0
นาหม่อม,นาหม่อม,สงขลา,Songkhla,นาหม่อม,90120000,Na Mom,ที่ว่าการอำเภอนาหม่อม สงขลา,0,0
ควนเนียง,ควนเนียง,สงขลา,Songkhla,ควนเนียง,90130000,Khuan Niang,ที่ว่าการอำเภอควนเนียง สงขลา,0,0
บางกล่ำ,บางกล่ำ,สงขลา,Songkhla,บางกล่ำ,90140000,Bang Klam,ที่ว่าการอำเภอบางกล่ำ สงขลา,0,0
สิงหนคร,สิงหนคร,สงขลา,Songkhla,สิงหนคร,90150000,Singhanakhon,ที่ว่าการอำเภอสิงหนคร สงขลา,0,0
คลองหอยโข่ง,คลองหอยโข่ง,สงขลา,Songkhla,คลองหอยโข่ง,90160000,Khlong Hoi Khong,ที่ว่าการอำเภอคลองหอยโข่ง สงขลา,0,0
เมืองสตูล,เมืองสตูล,สตูล,Satun,เมืองสตูล,91010000,Mueang Satun,ที่ว่าการอำเภอเมืองสตูล สตูล,0,0
ควนโดน,ควนโดน,สตูล,Satun,ควนโดน,91020000,Khuan Don,ที่ว่าการอำเภอควนโดน สตูล,0,0
ควนกาหลง,ควนกาหลง,สตูล,Satun,ควนกาหลง,91030000,Khuan Kalong,ที่ว่าการอำเภอควนกาหลง สตูล,0,0
ท่าแพ,ท่าแพ,สตูล,Satun,ท่าแพ,91040000,Tha Phae,ที่ว่าการอำเภอท่าแพ สตูล,0,0
ละงู,ละงู,สตูล,Satun,ละงู,91050000,La-ngu,ที่ว่าการอำเภอละงู สตูล,0,0
ทุ่งหว้า,ทุ่งหว้า,สตูล,Satun,ทุ่งหว้า,91060000,Thung  Wa,ที่ว่าการอำเภอทุ่งหว้า สตูล,0,0
มะนัง,มะนัง,สตูล,Satun,มะนัง,91070000,Manang,ที่ว่าการอำเภอมะนัง สตูล,0,0
เมืองตรัง,เมืองตรัง,ตรัง,Trang,เมืองตรัง,92010000,Mueang Trang,ที่ว่าการอำเภอเมืองตรัง ตรัง,0,0
กันตัง,กันตัง,ตรัง,Trang,กันตัง,92020000,Kantang,ที่ว่าการอำเภอกันตัง ตรัง,0,0
ย่านตาขาว,ย่านตาขาว,ตรัง,Trang,ย่านตาขาว,92030000,Yan Ta Khao,ที่ว่าการอำเภอย่านตาขาว ตรัง,0,0
ปะเหลียน,ปะเหลียน,ตรัง,Trang,ปะเหลียน,92040000,Palian,ที่ว่าการอำเภอปะเหลียน ตรัง,0,0
สิเกา,สิเกา,ตรัง,Trang,สิเกา,92050000,Sikao,ที่ว่าการอำเภอสิเกา ตรัง,0,0
ห้วยยอด,ห้วยยอด,ตรัง,Trang,ห้วยยอด,92060000,Huai Yot,ที่ว่าการอำเภอห้วยยอด ตรัง,0,0
วังวิเศษ,วังวิเศษ,ตรัง,Trang,วังวิเศษ,92070000,Wang Wiset,ที่ว่าการอำเภอวังวิเศษ ตรัง,0,0
นาโยง,นาโยง,ตรัง,Trang,นาโยง,92080000,Na Yong,ที่ว่าการอำเภอนาโยง ตรัง,0,0
รัษฎา,รัษฎา,ตรัง,Trang,รัษฎา,92090000,Ratsada,ที่ว่าการอำเภอรัษฎา ตรัง,0,0
หาดสำราญ,หาดสำราญ,ตรัง,Trang,หาดสำราญ,92100000,Hat Samran,ที่ว่าการอำเภอหาดสำราญ ตรัง,0,0
เมืองพัทลุง,เมืองพัทลุง,พัทลุง,Phatthalung,เมืองพัทลุง,93010000,Mueang Phatthalung,ที่ว่าการอำเภอเมืองพัทลุง พัทลุง,0,0
กงหรา,กงหรา,พัทลุง,Phatthalung,กงหรา,93020000,Kong Ra,ที่ว่าการอำเภอกงหรา พัทลุง,0,0
เขาชัยสน,เขาชัยสน,พัทลุง,Phatthalung,เขาชัยสน,93030000,Khao Chaison,ที่ว่าการอำเภอเขาชัยสน พัทลุง,0,0
ตะโหมด,ตะโหมด,พัทลุง,Phatthalung,ตะโหมด,93040000,Tamot,ที่ว่าการอำเภอตะโหมด พัทลุง,0,0
ควนขนุน,ควนขนุน,พัทลุง,Phatthalung,ควนขนุน,93050000,Khuan Khanun,ที่ว่าการอำเภอควนขนุน พัทลุง,0,0
ปากพะยูน,ปากพะยูน,พัทลุง,Phatthalung,ปากพะยูน,93060000,Pak Phayun,ที่ว่าการอำเภอปากพะยูน พัทลุง,0,0
ศรีบรรพต,ศรีบรรพต,พัทลุง,Phatthalung,ศรีบรรพต,93070000,Si Banphot,ที่ว่าการอำเภอศรีบรรพต พัทลุง,0,0
ป่าบอน,ป่าบอน,พัทลุง,Phatthalung,ป่าบอน,93080000,Pa Bon,ที่ว่าการอำเภอป่าบอน พัทลุง,0,0
บางแก้ว,บางแก้ว,พัทลุง,Phatthalung,บางแก้ว,93090000,Bang Kaeo,ที่ว่าการอำเภอบางแก้ว พัทลุง,0,0
ป่าพยอม,ป่าพะยอม,พัทลุง,Phatthalung,ป่าพะยอม,93100000,Pa Phayom,ที่ว่าการอำเภอป่าพยอม พัทลุง,0,0
ศรีนครินทร์,ศรีนครินทร์,พัทลุง,Phatthalung,ศรีนครินทร์,93110000,Srinagarindra,ที่ว่าการอำเภอศรีนครินทร์ พัทลุง,0,0
เมืองปัตตานี,เมืองปัตตานี,ปัตตานี,Pattani,เมืองปัตตานี,94010000,Mueang Pattani,ที่ว่าการอำเภอเมืองปัตตานี ปัตตานี,0,0
โคกโพธิ์,โคกโพธิ์,ปัตตานี,Pattani,โคกโพธิ์,94020000,Khok Pho,ที่ว่าการอำเภอโคกโพธิ์ ปัตตานี,0,0
หนองจิก,หนองจิก,ปัตตานี,Pattani,หนองจิก,94030000,Nong Chik,ที่ว่าการอำเภอหนองจิก ปัตตานี,0,0
ปะนาเระ,ปะนาเระ,ปัตตานี,Pattani,ปะนาเระ,94040000,Panare,ที่ว่าการอำเภอปะนาเระ ปัตตานี,0,0
มายอ,มายอ,ปัตตานี,Pattani,มายอ,94050000,Mayo,ที่ว่าการอำเภอมายอ ปัตตานี,0,0
ทุ่งยางแดง,ทุ่งยางแดง,ปัตตานี,Pattani,ทุ่งยางแดง,94060000,Thung Yang Daeng,ที่ว่าการอำเภอทุ่งยางแดง ปัตตานี,0,0
สายบุรี,สายบุรี,ปัตตานี,Pattani,สายบุรี,94070000,Sai Buri,ที่ว่าการอำเภอสายบุรี ปัตตานี,0,0
ไม้แก่น,ไม้แก่น,ปัตตานี,Pattani,ไม้แก่น,94080000,Mai Kaen,ที่ว่าการอำเภอไม้แก่น ปัตตานี,0,0
ยะหริ่ง,ยะหริ่ง,ปัตตานี,Pattani,ยะหริ่ง,94090000,Yaring,ที่ว่าการอำเภอยะหริ่ง ปัตตานี,0,0
ยะรัง,ยะรัง,ปัตตานี,Pattani,ยะรัง,94100000,Yarang,ที่ว่าการอำเภอยะรัง ปัตตานี,0,0
กะพ้อ,กะพ้อ,ปัตตานี,Pattani,กะพ้อ,94110000,Kapho,ที่ว่าการอำเภอกะพ้อ ปัตตานี,0,0
แม่ลาน,แม่ลาน,ปัตตานี,Pattani,แม่ลาน,94120000,Mae Lan,ที่ว่าการอำเภอแม่ลาน ปัตตานี,0,0
เมืองยะลา,เมืองยะลา,ยะลา,Yala,เมืองยะลา,95010000,Mueang Yala,ที่ว่าการอำเภอเมืองยะลา ยะลา,0,0
เบตง,เบตง,ยะลา,Yala,เบตง,95020000,Betong,ที่ว่าการอำเภอเบตง ยะลา,0,0
บันนังสตา,บันนังสตา,ยะลา,Yala,บันนังสตา,95030000,Bannang Sata,ที่ว่าการอำเภอบันนังสตา ยะลา,0,0
ธารโต,ธารโต,ยะลา,Yala,ธารโต,95040000,Than To,ที่ว่าการอำเภอธารโต ยะลา,0,0
ยะหา,ยะหา,ยะลา,Yala,ยะหา,95050000,Yaha,ที่ว่าการอำเภอยะหา ยะลา,0,0
รามัน,รามัน,ยะลา,Yala,รามัน,95060000,Raman,ที่ว่าการอำเภอรามัน ยะลา,0,0
กาบัง,กาบัง,ยะลา,Yala,กาบัง,95070000,Kabang,ที่ว่าการอำเภอกาบัง ยะลา,0,0
กรงปีนัง,กรงปินัง,ยะลา,Yala,กรงปินัง,95080000,Krong Pinang,ที่ว่าการอำเภอกรงปีนัง ยะลา,0,0
เมืองนราธิวาส,เมืองนราธิวาส,นราธิวาส,Narathiwat,เมืองนราธิวาส,96010000,Mueang Narathiwat,ที่ว่าการอำเภอเมืองนราธิวาส นราธิวาส,0,0
ตากใบ,ตากใบ,นราธิวาส,Narathiwat,ตากใบ,96020000,Tak Bai,ที่ว่าการอำเภอตากใบ นราธิวาส,0,0
บาเจาะ,บาเจาะ,นราธิวาส,Narathiwat,บาเจาะ,96030000,Tak Bai,ที่ว่าการอำเภอบาเจาะ นราธิวาส,0,0
ยี่งอ,ยี่งอ,นราธิวาส,Narathiwat,ยี่งอ,96040000,Yi-ngo,ที่ว่าการอำเภอยี่งอ นราธิวาส,0,0
ระแงะ,ระแงะ,นราธิวาส,Narathiwat,ระแงะ,96050000,Ra-ngae,ที่ว่าการอำเภอระแงะ นราธิวาส,0,0
รือเสาะ,รือเสาะ,นราธิวาส,Narathiwat,รือเสาะ,96060000,Rueso,ที่ว่าการอำเภอรือเสาะ นราธิวาส,0,0
ศรีสาคร,ศรีสาคร,นราธิวาส,Narathiwat,ศรีสาคร,96070000,Si Sakhon,ที่ว่าการอำเภอศรีสาคร นราธิวาส,0,0
แว้ง,แว้ง,นราธิวาส,Narathiwat,แว้ง,96080000,Waeng,ที่ว่าการอำเภอแว้ง นราธิวาส,0,0
สุคิริน,สุคิริน,นราธิวาส,Narathiwat,สุคิริน,96090000,Sukhirin,ที่ว่าการอำเภอสุคิริน นราธิวาส,0,0
สุไหงโก-ลก,สุไหงโก-ลก,นราธิวาส,Narathiwat,สุไหงโก-ลก,96100000,Su-ngai Kolok,ที่ว่าการอำเภอสุไหงโก-ลก นราธิวาส,0,0
สุไหงปาดี,สุไหงปาดี,นราธิวาส,Narathiwat,สุไหงปาดี,96110000,Su-ngai Padi,ที่ว่าการอำเภอสุไหงปาดี นราธิวาส,0,0
จะแนะ,จะแนะ,นราธิวาส,Narathiwat,จะแนะ,96120000,Chanae,ที่ว่าการอำเภอจะแนะ นราธิวาส,0,0
เจาะไอร้อง,เจาะไอร้อง,นราธิวาส,Narathiwat,เจาะไอร้อง,96130000,Cho-airong,ที่ว่าการอำเภอเจาะไอร้อง นราธิวาส,6.225381810463308,101.8104273845353