CODE,Amper TH,Amper EN,Province TH,Province EN,Lat,Lon
10010000,พระนคร,Phra Nakhon,กรุงเทพมหานคร,Bangkok,13.765096,100.499357
10020000,ดุสิต,Dusit,กรุงเทพมหานคร,Bangkok,13.777346,100.520936
10030000,หนองจอก,Nong Chok,กรุงเทพมหานคร,Bangkok,13.855728,100.862629
10040000,บางรัก,Bang Rak,กรุงเทพมหานคร,Bangkok,13.730903,100.523548
10050000,บางเขน,Bang Khen,กรุงเทพมหานคร,Bangkok,13.873676,100.596624
10060000,บางกะปิ,Bang Kapi,กรุงเทพมหานคร,Bangkok,13.765991,100.647486
10070000,ปทุมวัน,Pathum Wan,กรุงเทพมหานคร,Bangkok,13.745258,100.523535
10080000,ป้อมปราบศัตรูพ่าย,Pom Prap Sattruphai,กรุงเทพมหานคร,Bangkok,13.758523,100.513358
10090000,พระโขนง,Phra Khanong,กรุงเทพมหานคร,Bangkok,13.702658,100.602057
10100000,มีนบุรี,Min Buri,กรุงเทพมหานคร,Bangkok,13.814111,100.73294
10110000,ลาดกระบัง,Lat Krabang,กรุงเทพมหานคร,Bangkok,13.723694,100.784174
10120000,ยานนาวา,Yannawa,กรุงเทพมหานคร,Bangkok,13.696416,100.543226
10130000,สัมพันธวงศ์,Samphanthawong,กรุงเทพมหานคร,Bangkok,13.732807,100.514869
10140000,พญาไท,Phaya Thai,กรุงเทพมหานคร,Bangkok,13.779998,100.542716
10150000,ธนบุรี,Thon Buri,กรุงเทพมหานคร,Bangkok,13.725002,100.486151
10160000,บางกอกใหญ่,Bangkok Yai,กรุงเทพมหานคร,Bangkok,13.723473,100.477083
10170000,ห้วยขวาง,Huai Khwang,กรุงเทพมหานคร,Bangkok,13.776695,100.57959
10180000,คลองสาน,Khlong San,กรุงเทพมหานคร,Bangkok,13.730773,100.509767
10190000,ตลิ่งชัน,Taling Chan,กรุงเทพมหานคร,Bangkok,13.77696,100.456746
10200000,บางกอกน้อย,Bangkok Noi,กรุงเทพมหานคร,Bangkok,13.770996,100.468036
10210000,บางขุนเทียน,Bang Khun Thian,กรุงเทพมหานคร,Bangkok,13.660834,100.435386
10220000,ภาษีเจริญ,Phasi Charoen,กรุงเทพมหานคร,Bangkok,13.715123,100.436927
10230000,หนองแขม,Nong Khaem,กรุงเทพมหานคร,Bangkok,13.705582,100.349162
10240000,ราษฎร์บูรณะ,Rat Burana,กรุงเทพมหานคร,Bangkok,13.682154,100.505797
10250000,บางพลัด,Bang Phlat,กรุงเทพมหานคร,Bangkok,13.794136,100.505067
10260000,ดินแดง,Din Daeng,กรุงเทพมหานคร,Bangkok,13.770419,100.553077
10270000,บึงกุ่ม,Bung Kum,กรุงเทพมหานคร,Bangkok,13.785345,100.669625
10280000,สาทร,Sa Thon,กรุงเทพมหานคร,Bangkok,13.708092,100.52623
10290000,บางซื่อ,Bang Su,กรุงเทพมหานคร,Bangkok,13.809605,100.53746
10300000,จตุจักร,Chatuchak,กรุงเทพมหานคร,Bangkok,13.828789,100.55996
10310000,บางคอแหลม,Bang Kho Laem,กรุงเทพมหานคร,Bangkok,13.693005,100.502441
10320000,ประเวศ,Prawet,กรุงเทพมหานคร,Bangkok,13.717211,100.694652
10330000,คลองเตย,Khlong Toei,กรุงเทพมหานคร,Bangkok,13.708317,100.583749
10340000,สวนหลวง,Suan Luang,กรุงเทพมหานคร,Bangkok,13.730199,100.651364
10350000,จอมทอง,Chom Thong,กรุงเทพมหานคร,Bangkok,13.710528,100.437766
10360000,ดอนเมือง,Don Mueang,กรุงเทพมหานคร,Bangkok,13.910132,100.594696
10370000,ราชเทวี,Rat Thewi,กรุงเทพมหานคร,Bangkok,13.759136,100.534205
10380000,ลาดพร้าว,Lat Phrao,กรุงเทพมหานคร,Bangkok,13.803506,100.60739
10390000,วัฒนา,Watthana,กรุงเทพมหานคร,Bangkok,13.742641,100.58564
10400000,บางแค,Bang Khae,กรุงเทพมหานคร,Bangkok,13.696169,100.409177
10410000,หลักสี่,Lak Si,กรุงเทพมหานคร,Bangkok,13.887496,100.578922
10420000,สายไหม,Sai Mai,กรุงเทพมหานคร,Bangkok,13.895094,100.66048
10430000,คันนายาว,Khanna Yao,กรุงเทพมหานคร,Bangkok,13.799304,100.682681
10440000,สะพานสูง,Saphan Sung,กรุงเทพมหานคร,Bangkok,13.768914,100.68571
10450000,วังทองหลาง,Wang Thong Lang,กรุงเทพมหานคร,Bangkok,13.764164,100.605724
10460000,คลองสามวา,Khlong Sam Wa,กรุงเทพมหานคร,Bangkok,13.859981,100.704189
10470000,บางนา,Bang Na,กรุงเทพมหานคร,Bangkok,13.681163,100.592069
10480000,ทวีวัฒนา,Thawi Watthana,กรุงเทพมหานคร,Bangkok,13.773013,100.353122
10490000,ทุ่งครุ,Thung Khu,กรุงเทพมหานคร,Bangkok,13.61153,100.508735
10500000,บางบอน,Bang Bon,กรุงเทพมหานคร,Bangkok,13.633938,100.368879
11010000,เมืองสมุทรปราการ,Mueang Samut Prakan,สมุทรปราการ,Samut Prakan,13.6004,100.597082
11020000,บางบ่อ,Bang Bo,สมุทรปราการ,Samut Prakan,13.573958,100.835775
11030000,บางพลี,Bang Phli,สมุทรปราการ,Samut Prakan,13.605782,100.706154
11040000,พระประแดง,Phra Pradaeng,สมุทรปราการ,Samut Prakan,13.658713,100.5337
11050000,พระสมุทรเจดีย์,Phra Samut Chedi,สมุทรปราการ,Samut Prakan,13.568793,100.561779
11060000,บางเสาธง,Bang Sao Thong,สมุทรปราการ,Samut Prakan,13.594871,100.830049
12010000,เมืองนนทบุรี,Mueang Nonthaburi,นนทบุรี,Nonthaburi,13.862418,100.513394
12020000,บางกรวย,Bang Kruai,นนทบุรี,Nonthaburi,13.805218,100.4728
12030000,บางใหญ่,Bang Yai,นนทบุรี,Nonthaburi,13.876457,100.403831
12040000,บางบัวทอง,Bang Bua Thong,นนทบุรี,Nonthaburi,13.968502,100.405486
12050000,ไทรน้อย,Sai Noi,นนทบุรี,Nonthaburi,13.978765,100.313636
12060000,ปากเกร็ด,Pak Kret,นนทบุรี,Nonthaburi,13.912551,100.498228
13010000,เมืองปทุมธานี,Mueang Pathum Thani,ปทุมธานี,Pathum Thani,14.019713,100.534642
13020000,คลองหลวง,khlong Luang,ปทุมธานี,Pathum Thani,14.064875,100.645515
13030000,ธัญบุรี,Thanyaburi,ปทุมธานี,Pathum Thani,14.016439,100.724267
13040000,หนองเสือ,Nong Suea,ปทุมธานี,Pathum Thani,14.134995,100.824261
13050000,ลาดหลุมแก้ว,Lat Lum Kaeo,ปทุมธานี,Pathum Thani,14.037062,100.404648
13060000,ลำลูกกา,Lam Luk Ka,ปทุมธานี,Pathum Thani,13.932536,100.74967
13070000,สามโคก,Sam Khok,ปทุมธานี,Pathum Thani,14.065316,100.522701
14010000,พระนครศรีอยุธยา,Phra Nakhon Si Ayutthaya,พระนครศรีอยุธยา,Phra Nakhon Si Ayutthaya,14.35218,100.576606
14020000,ท่าเรือ,Tha Ruea,พระนครศรีอยุธยา,Phra Nakhon Si Ayutthaya,14.551553,100.727891
14030000,นครหลวง,Nakhon Luang,พระนครศรีอยุธยา,Phra Nakhon Si Ayutthaya,14.464127,100.605905
14040000,บางไทร,Bang Sai,พระนครศรีอยุธยา,Phra Nakhon Si Ayutthaya,14.212853,100.498254
14050000,บางบาล,Bang Ban,พระนครศรีอยุธยา,Phra Nakhon Si Ayutthaya,14.373954,100.485842
14060000,บางปะอิน,Bang Pa-in,พระนครศรีอยุธยา,Phra Nakhon Si Ayutthaya,14.215327,100.577841
14070000,บางปะหัน,Bang Pahan,พระนครศรีอยุธยา,Phra Nakhon Si Ayutthaya,14.462664,100.544783
14080000,ผักไห่,Phak Hai,พระนครศรีอยุธยา,Phra Nakhon Si Ayutthaya,14.458794,100.36916
14090000,ภาชี,Phachi,พระนครศรีอยุธยา,Phra Nakhon Si Ayutthaya,14.449218,100.728496
14100000,ลาดบัวหลวง,Lat Bua Luang,พระนครศรีอยุธยา,Phra Nakhon Si Ayutthaya,14.165325,100.308178
14110000,วังน้อย,Wang Noi,พระนครศรีอยุธยา,Phra Nakhon Si Ayutthaya,14.226741,100.715623
14120000,เสนา,Sena,พระนครศรีอยุธยา,Phra Nakhon Si Ayutthaya,14.32731,100.404473
14130000,บางซ้าย,Bang Sai,พระนครศรีอยุธยา,Phra Nakhon Si Ayutthaya,14.319422,100.300192
14140000,อุทัย,Uthai,พระนครศรีอยุธยา,Phra Nakhon Si Ayutthaya,14.33225,100.662848
14150000,มหาราช,Maha Rat,พระนครศรีอยุธยา,Phra Nakhon Si Ayutthaya,14.534358,100.527259
14160000,บ้านแพรก,Ban Phraek,พระนครศรีอยุธยา,Phra Nakhon Si Ayutthaya,14.647895,100.58244
15010000,เมืองอ่างทอง,Mueang Ang Thong,อ่างทอง,Ang Thong,14.58925,100.453531
15020000,ไชโย,Chaiyo,อ่างทอง,Ang Thong,14.649116,100.478624
15030000,ป่าโมก,Pa Mok,อ่างทอง,Ang Thong,14.48868,100.450892
15040000,โพธิ์ทอง,Pho Thong,อ่างทอง,Ang Thong,14.666373,100.408481
15050000,แสวงหา,Sawaeng Ha,อ่างทอง,Ang Thong,14.751386,100.324899
15060000,วิเศษชัยชาญ,Wiset Chai Chan,อ่างทอง,Ang Thong,14.59474,100.338343
15070000,สามโก้,Samko,อ่างทอง,Ang Thong,14.605682,100.244882
16010000,เมืองลพบุรี,Mueang Lop Buri,ลพบุรี,Lopburi,14.798049,100.653703
16020000,พัฒนานิคม,Phatthana Nikhom,ลพบุรี,Lopburi,14.855887,100.990011
16030000,โคกสำโรง,Khok Samrong,ลพบุรี,Lopburi,15.069737,100.723787
16040000,ชัยบาดาล,Chai Badan,ลพบุรี,Lopburi,15.205814,101.13707
16050000,ท่าวุ้ง,Tha Wung,ลพบุรี,Lopburi,14.815622,100.511455
16060000,บ้านหมี่,Ban Mi,ลพบุรี,Lopburi,15.044527,100.537097
16070000,ท่าหลวง,Tha Luang,ลพบุรี,Lopburi,15.067469,101.106947
16080000,สระโบสถ์,Sa Bot,ลพบุรี,Lopburi,15.195177,100.848703
16090000,โคกเจริญ,Khok Charoen,ลพบุรี,Lopburi,15.38281,100.822477
16100000,ลำสนธิ,Lam Sonthi,ลพบุรี,Lopburi,15.301536,101.363688
16110000,หนองม่วง,Nong Muang,ลพบุรี,Lopburi,15.246709,100.652069
17010000,เมืองสิงห์บุรี,Mueang Sing Buri,สิงห์บุรี,Sing Buri,14.888271,100.404694
17020000,บางระจัน,Bang Rachan,สิงห์บุรี,Sing Buri,14.800225,100.31064
17030000,ค่ายบางระจัน,Khai Bang Rachan,สิงห์บุรี,Sing Buri,14.904106,100.338039
17040000,พรหมบุรี,Phrom Buri,สิงห์บุรี,Sing Buri,14.791348,100.453473
17050000,ท่าช้าง,Tha Chang,สิงห์บุรี,Sing Buri,14.761757,100.389979
17060000,อินทร์บุรี,In Buri,สิงห์บุรี,Sing Buri,15.00865,100.326475
18010000,เมืองชัยนาท,Mueang Chai Nat,ชัยนาท,Chai Nat,15.185477,100.123826
18020000,มโนรมย์,Manorom,ชัยนาท,Chai Nat,15.30948,100.083785
18030000,วัดสิงห์,Wat Sing,ชัยนาท,Chai Nat,15.255265,100.038028
18040000,สรรพยา,Sapphaya,ชัยนาท,Chai Nat,15.137619,100.242876
18050000,สรรคบุรี,Sankhaburi,ชัยนาท,Chai Nat,15.047257,100.161747
18060000,หันคา,Hankha,ชัยนาท,Chai Nat,14.981129,100.014776
18070000,หนองมะโมง,Nong Mamong,ชัยนาท,Chai Nat,15.276836,99.866647
18080000,เนินขาม,Noen Kham,ชัยนาท,Chai Nat,14.962279,99.911717
19010000,เมืองสระบุรี,Mueang Saraburi,สระบุรี,Saraburi,14.528138,100.909813
19020000,แก่งคอย,Kaeng Khoi,สระบุรี,Saraburi,14.586505,100.997731
19030000,หนองแค,Nong Khae,สระบุรี,Saraburi,14.33907,100.86154
19040000,วิหารแดง,Wihan Daeng,สระบุรี,Saraburi,14.346502,100.989285
19050000,หนองแซง,Nong Saeng,สระบุรี,Saraburi,14.491968,100.78444
19060000,บ้านหมอ,Ban Mo,สระบุรี,Saraburi,14.615555,100.72724
19070000,ดอนพุด,Don Phut,สระบุรี,Saraburi,14.592237,100.628334
19080000,หนองโดน,Nong Don,สระบุรี,Saraburi,14.681133,100.708165
19090000,พระพุทธบาท,Phra Phutthabat,สระบุรี,Saraburi,14.725458,100.795235
19100000,เสาไห้,Sao Hai,สระบุรี,Saraburi,14.550851,100.844287
19110000,มวกเหล็ก,Muak Lek,สระบุรี,Saraburi,14.655508,101.198371
19120000,วังม่วง,Wang Muang,สระบุรี,Saraburi,14.845703,101.13443
20010000,เมืองชลบุรี,Mueang Chon Buri,ชลบุรี,Chonburi,13.361869,100.979851
20020000,บ้านบึง,Ban Bueng,ชลบุรี,Chonburi,13.311439,101.112206
20030000,หนองใหญ่,Nong Yai,ชลบุรี,Chonburi,13.156292,101.366004
20040000,บางละมุง,Bang Lamung,ชลบุรี,Chonburi,12.97683,100.913826
20050000,พานทอง,Phan Thong,ชลบุรี,Chonburi,13.470701,101.096819
20060000,พนัสนิคม,Phanat Nikhom,ชลบุรี,Chonburi,13.452186,101.177359
20070000,ศรีราชา,Si Racha,ชลบุรี,Chonburi,13.174465,100.930874
20080000,เกาะสีชัง,Ko Sichang,ชลบุรี,Chonburi,13.163655,100.808014
20090000,สัตหีบ,Sattahip,ชลบุรี,Chonburi,12.662952,100.905603
20100000,บ่อทอง,Bo Thong,ชลบุรี,Chonburi,13.279394,101.439494
20110000,เกาะจันทร์,Ko Chan,ชลบุรี,Chonburi,13.417378,101.334454
21010000,เมืองระยอง,Mueang Rayong,ระยอง,Rayong,12.668362,101.274347
21020000,บ้านฉาง,Ban Chang,ระยอง,Rayong,12.728445,101.066313
21030000,แกลง,Klaeng,ระยอง,Rayong,12.79092,101.634163
21040000,วังจันทร์,Wang Chan,ระยอง,Rayong,12.934899,101.520144
21050000,บ้านค่าย,Ban Khai,ระยอง,Rayong,12.783559,101.296724
21060000,ปลวกแดง,Pluak Daeng,ระยอง,Rayong,12.972256,101.215669
21070000,เขาชะเมา,Khao Chamao,ระยอง,Rayong,12.97552,101.68503
21080000,นิคมพัฒนา,Nikhom Phatthana,ระยอง,Rayong,12.831494,101.208042
22010000,เมืองจันทบุรี,Mueang Chanthaburi,จันทบุรี,Chanthaburi,12.610554,102.104639
22020000,ขลุง,Khlung,จันทบุรี,Chanthaburi,12.454948,102.221518
22030000,ท่าใหม่,Tha Mai,จันทบุรี,Chanthaburi,12.62069,102.010264
22040000,โป่งน้ำร้อน,Pong Nam Ron,จันทบุรี,Chanthaburi,12.905957,102.262724
22050000,มะขาม,Makham,จันทบุรี,Chanthaburi,12.685557,102.196738
22060000,แหลมสิงห์,Laem Sing,จันทบุรี,Chanthaburi,12.48159,102.07367
22070000,สอยดาว,Soi Dao,จันทบุรี,Chanthaburi,13.137207,102.218701
22080000,แก่งหางแมว,Kaeng Hang Maeo,จันทบุรี,Chanthaburi,13.008428,101.905574
22090000,นายายอาม,Na Yai Am,จันทบุรี,Chanthaburi,12.770404,101.854765
22100000,เขาคิชฌกูฏ,Khao Khitchakut,จันทบุรี,Chanthaburi,12.804374,102.114882
23010000,เมืองตราด,Mueang Trat,ตราด,Trat,12.231515,102.512533
23020000,คลองใหญ่,Khlong Yai,ตราด,Trat,11.776373,102.88591
23030000,เขาสมิง,Khao Saming,ตราด,Trat,12.353746,102.435053
23040000,บ่อไร่,Bo Rai,ตราด,Trat,12.57946,102.525074
23050000,แหลมงอบ,Laem Ngop,ตราด,Trat,12.171999,102.394398
23060000,เกาะกูด,Ko Kut,ตราด,Trat,11.658593,102.541928
23070000,เกาะช้าง,Ko Chang,ตราด,Trat,12.10368,102.351959
24010000,เมืองฉะเชิงเทรา,Mueang Chachoengsao,ฉะเชิงเทรา,Chachoengsao,13.688646,101.070801
24020000,บางคล้า,Bang Khla,ฉะเชิงเทรา,Chachoengsao,13.728021,101.207974
24030000,บางน้ำเปรี้ยว,Bang Nam Priao,ฉะเชิงเทรา,Chachoengsao,13.847417,101.05337
24040000,บางปะกง,Bang Pakong,ฉะเชิงเทรา,Chachoengsao,13.542792,100.993962
24050000,บ้านโพธิ์,Ban Pho,ฉะเชิงเทรา,Chachoengsao,13.5998,101.078506
24060000,พนมสารคาม,Phanom Sarakham,ฉะเชิงเทรา,Chachoengsao,13.744491,101.346608
24070000,ราชสาส์น,Ratchasan,ฉะเชิงเทรา,Chachoengsao,13.782018,101.281469
24080000,สนามชัยเขต,Sanam Chai Khet,ฉะเชิงเทรา,Chachoengsao,13.658297,101.438833
24090000,แปลงยาว,Pleang Yao,ฉะเชิงเทรา,Chachoengsao,13.584514,101.284139
24100000,ท่าตะเกียบ,Tha Takiap,ฉะเชิงเทรา,Chachoengsao,13.54407,101.648601
24110000,คลองเขื่อน,Khlong Khuean,ฉะเชิงเทรา,Chachoengsao,13.791291,101.162842
25010000,เมืองปราจีนบุรี,Mueang Prachin Buri,ปราจีนบุรี,Prachin Buri,14.050683,101.366395
25020000,กบินทร์บุรี,Kabin Buri,ปราจีนบุรี,Prachin Buri,13.946196,101.712613
25030000,นาดี,Na Di,ปราจีนบุรี,Prachin Buri,14.10966,101.785013
25060000,บ้านสร้าง,Ban Sang,ปราจีนบุรี,Prachin Buri,13.99485,101.221254
25070000,ประจันตคาม,Prachantakham,ปราจีนบุรี,Prachin Buri,14.064571,101.515125
25080000,ศรีมหาโพธิ,Si Maha Phot,ปราจีนบุรี,Prachin Buri,13.966533,101.512933
25090000,ศรีมโหสถ,Si Mahosot,ปราจีนบุรี,Prachin Buri,13.882579,101.406957
26010000,เมืองนครนายก,Mueang Nakhon Nayok,นครนายก,Nakhon Nayok,14.203698,101.217262
26020000,ปากพลี,Pak Phli,นครนายก,Nakhon Nayok,14.16322,101.268319
26030000,บ้านนา,Ban Na,นครนายก,Nakhon Nayok,14.266743,101.061387
26040000,องครักษ์,Ongkharak,นครนายก,Nakhon Nayok,14.121525,101.00364
27010000,เมืองสระแก้ว,Mueang Sa Kaeo,สระแก้ว,Sa Kaeo,13.814681,102.071766
27020000,คลองหาด,Khlong Hat,สระแก้ว,Sa Kaeo,13.448866,102.29994
27030000,ตาพระยา,Ta Phraya,สระแก้ว,Sa Kaeo,14.005928,102.80569
27040000,วังน้ำเย็น,Wang Nam Yen,สระแก้ว,Sa Kaeo,13.499823,102.182096
27050000,วัฒนานคร,Watthana Nakhon,สระแก้ว,Sa Kaeo,13.747755,102.307605
27060000,อรัญประเทศ,Aranyaprathet,สระแก้ว,Sa Kaeo,13.700763,102.511711
27070000,เขาฉกรรจ์,Khao Chakan,สระแก้ว,Sa Kaeo,13.650617,102.096721
27080000,โคกสูง,Khok Sung,สระแก้ว,Sa Kaeo,13.832751,102.614237
27090000,วังสมบูรณ์,Wang Sombun,สระแก้ว,Sa Kaeo,13.397051,102.198722
30010000,เมืองนครราชสีมา,Mueang Nakhon Ratchasima,นครราชสีมา,Nakhon Ratchasima,14.971228,102.099628
30020000,ครบุรี,Khon Buri,นครราชสีมา,Nakhon Ratchasima,14.52391,102.248539
30030000,เสิงสาง,Soeng Sang,นครราชสีมา,Nakhon Ratchasima,14.426224,102.46044
30040000,คง,Khong,นครราชสีมา,Nakhon Ratchasima,15.441315,102.328432
30050000,บ้านเหลื่อม,Ban Lueam,นครราชสีมา,Nakhon Ratchasima,15.60825,102.130396
30060000,จักราช,Chakkarat,นครราชสีมา,Nakhon Ratchasima,15.013325,102.413275
30070000,โชคชัย,Chok Chai,นครราชสีมา,Nakhon Ratchasima,14.732323,102.163324
30080000,ด่านขุนทด,Dan Khun Thot,นครราชสีมา,Nakhon Ratchasima,15.209745,101.765865
30090000,โนนไทย,Non Thai,นครราชสีมา,Nakhon Ratchasima,15.198471,102.069942
30100000,โนนสูง,Non Sung,นครราชสีมา,Nakhon Ratchasima,15.179842,102.257047
30110000,ขามสะแกแสง,Kham Sakaesaeng,นครราชสีมา,Nakhon Ratchasima,15.329556,102.170874
30120000,บัวใหญ่,Bua Yai,นครราชสีมา,Nakhon Ratchasima,15.583278,102.423014
30130000,ประทาย,Prathai,นครราชสีมา,Nakhon Ratchasima,15.533534,102.722682
30140000,ปักธงชัย,Pak Thong Chai,นครราชสีมา,Nakhon Ratchasima,14.719545,102.021301
30150000,พิมาย,Phimai,นครราชสีมา,Nakhon Ratchasima,15.220619,102.485968
30160000,ห้วยแถลง,Huai Thalaeng,นครราชสีมา,Nakhon Ratchasima,14.997189,102.63893
30170000,ชุมพวง,Chum Phuang,นครราชสีมา,Nakhon Ratchasima,15.34885,102.741856
30180000,สูงเนิน,Sung Noen,นครราชสีมา,Nakhon Ratchasima,14.899046,101.82064
30190000,ขามทะเลสอ,Kham Thale So,นครราชสีมา,Nakhon Ratchasima,14.960763,101.947598
30200000,สีคิ้ว,Si Khio,นครราชสีมา,Nakhon Ratchasima,14.892474,101.723191
30210000,ปากช่อง,Pak Chong,นครราชสีมา,Nakhon Ratchasima,14.712405,101.421871
30220000,หนองบุญมาก,Nong Bunmak,นครราชสีมา,Nakhon Ratchasima,14.739521,102.366472
30230000,แก้งสนามนาง,Kaeng Sanam Nang,นครราชสีมา,Nakhon Ratchasima,15.749727,102.254707
30240000,โนนแดง,Non Daeng,นครราชสีมา,Nakhon Ratchasima,15.410941,102.540354
30250000,วังน้ำเขียว,Wang Nam Khiao,นครราชสีมา,Nakhon Ratchasima,14.417837,101.85028
30260000,เทพารักษ์,Thepharak,นครราชสีมา,Nakhon Ratchasima,15.309458,101.551044
30270000,เมืองยาง,Mueang Yang,นครราชสีมา,Nakhon Ratchasima,15.423823,102.900822
30280000,พระทองคำ,Phra Thong Kham,นครราชสีมา,Nakhon Ratchasima,15.306662,101.981643
30290000,ลำทะเมนชัย,Lamtaman Chai,นครราชสีมา,Nakhon Ratchasima,15.352848,102.917463
30300000,บัวลาย,Bua Lai,นครราชสีมา,Nakhon Ratchasima,15.662575,102.526872
30310000,สีดา,Sida,นครราชสีมา,Nakhon Ratchasima,15.542396,102.565978
31010000,เมืองบุรีรัมย์,Mueang Buri Ram,บุรีรัมย์,Buri Ram,14.994053,103.104373
31020000,คูเมือง,Khu Mueang,บุรีรัมย์,Buri Ram,15.271392,103.001479
31030000,กระสัง,Krasang,บุรีรัมย์,Buri Ram,14.922686,103.301811
31040000,นางรอง,Nang Rong,บุรีรัมย์,Buri Ram,14.62866,102.793219
31050000,หนองกี่,Nong Ki,บุรีรัมย์,Buri Ram,14.687972,102.533783
31060000,ละหานทราย,Lahan Sai,บุรีรัมย์,Buri Ram,14.412241,102.859532
31070000,ประโคนชัย,Prakhon Chai,บุรีรัมย์,Buri Ram,14.605996,103.121092
31080000,บ้านกรวด,Ban Kruat,บุรีรัมย์,Buri Ram,14.421213,103.099156
31090000,พุทไธสง,Phutthaisong,บุรีรัมย์,Buri Ram,15.548981,103.0246
31100000,ลำปลายมาศ,Lam Plai Mat,บุรีรัมย์,Buri Ram,15.025453,102.83869
31110000,สตึก,Satuek,บุรีรัมย์,Buri Ram,15.297501,103.291738
31120000,ปะคำ,Pakham,บุรีรัมย์,Buri Ram,14.438433,102.725558
31130000,นาโพธิ์,Na Pho,บุรีรัมย์,Buri Ram,15.644524,102.951497
31140000,หนองหงส์,Nong Hong,บุรีรัมย์,Buri Ram,14.850283,102.687885
31150000,พลับพลาชัย,Phlapphla Chai,บุรีรัมย์,Buri Ram,14.729983,103.167188
31160000,ห้วยราช,Huai Rat,บุรีรัมย์,Buri Ram,14.960548,103.18894
31170000,โนนสุวรรณ,Non Din Daeng,บุรีรัมย์,Buri Ram,14.577726,102.598974
31180000,ชำนิ,Chamni,บุรีรัมย์,Buri Ram,14.788292,102.842402
31190000,บ้านใหม่ไชยพจน์,Ban Mai Chaiyaphot,บุรีรัมย์,Buri Ram,15.572594,102.832906
31200000,โนนดินแดง,Non Din Daeng,บุรีรัมย์,Buri Ram,14.315895,102.743574
31210000,บ้านด่าน,Ban Dan,บุรีรัมย์,Buri Ram,15.107347,103.174654
31220000,แคนดง,Khaen Dong,บุรีรัมย์,Buri Ram,15.309987,103.123264
31230000,เฉลิมพระเกียรติ,Chaloem Phra Kiet,นครราชสีมา,Nakhon Ratchasima,15.004872,102.271937
31230000,เฉลิมพระเกียรติ,Chaloem Phra Kiet,นครศรีธรรมราช,Nakhon Si Thammarat,8.177076,100.035798
31230000,เฉลิมพระเกียรติ,Chaloem Phra Kiet,น่าน,Nan,19.580148,101.081573
31230000,เฉลิมพระเกียรติ,Chaloem Phra Kiet,บุรีรัมย์,Buri Ram,14.560683,102.926998
31230000,เฉลิมพระเกียรติ,Chaloem Phra Kiet,สระบุรี,Saraburi,14.611472,100.908372
32010000,เมืองสุรินทร์,Mueang Surin,สุรินทร์,Surin,14.882281,103.49231
32020000,ชุมพลบุรี,Chumphon Buri,สุรินทร์,Surin,15.350727,103.38878
32030000,ท่าตูม,Tha Tum,สุรินทร์,Surin,15.318649,103.675238
32040000,จอมพระ,Chom Phra,สุรินทร์,Surin,15.117502,103.611255
32050000,ปราสาท,Prasat,สุรินทร์,Surin,14.640526,103.404816
32060000,กาบเชิง,Kap Choeng,สุรินทร์,Surin,14.474927,103.594323
32070000,รัตนบุรี,Rattanaburi,สุรินทร์,Surin,15.32027,103.85705
32080000,สนม,Sanom,สุรินทร์,Surin,15.198583,103.76181
32090000,ศีขรภูมิ,Sikhoraphum,สุรินทร์,Surin,14.946748,103.791731
32100000,สังขะ,Sangkha,สุรินทร์,Surin,14.636057,103.852933
32110000,ลำดวน,Lamduan,สุรินทร์,Surin,14.727115,103.675565
32120000,สำโรงทาบ,Samrong Thap,สุรินทร์,Surin,15.022823,103.936083
32130000,บัวเชด,Buachet,สุรินทร์,Surin,14.527919,103.945708
32140000,พนมดงรัก,Phanom Dong Rak,สุรินทร์,Surin,14.445668,103.304666
32150000,ศรีณรงค์,Si Narong,สุรินทร์,Surin,14.767171,103.874962
32160000,เขวาสินรินทร์,Khwao Sinarin,สุรินทร์,Surin,15.002303,103.596361
32170000,โนนนารายณ์,Non Narai,สุรินทร์,Surin,15.238271,103.913053
33010000,เมืองศรีสะเกษ,Mueang Si Sa Ket,ศรีสะเกษ,Si Sa Ket,15.1208,104.32236
33020000,ยางชุมน้อย,Yang Chum Noi,ศรีสะเกษ,Si Sa Ket,15.261755,104.401011
33030000,กันทรารมย์,Kanthararom,ศรีสะเกษ,Si Sa Ket,15.106203,104.570295
33040000,กันทรลักษ์,Kantharalak,ศรีสะเกษ,Si Sa Ket,14.641337,104.651144
33050000,ขุขันธ์,Khukhan,ศรีสะเกษ,Si Sa Ket,14.713664,104.198398
33060000,ไพรบึง,Phrai Bueng,ศรีสะเกษ,Si Sa Ket,14.74823,104.362567
33070000,ปรางค์กู่,Prang Ku,ศรีสะเกษ,Si Sa Ket,14.857442,104.039284
33080000,ขุนหาญ,Khun Han,ศรีสะเกษ,Si Sa Ket,14.617169,104.424624
33090000,ราษีไศล,Rasi Salai,ศรีสะเกษ,Si Sa Ket,15.340378,104.153831
33100000,อุทุมพรพิสัย,Uthumphon Phisai,ศรีสะเกษ,Si Sa Ket,15.11107,104.139906
33110000,บึงบูรพ์,Bueng Bun,ศรีสะเกษ,Si Sa Ket,15.330262,104.04484
33120000,ห้วยทับทัน,Huai Thap Than,ศรีสะเกษ,Si Sa Ket,15.051004,104.023282
33130000,โนนคูณ,Non Khun,ศรีสะเกษ,Si Sa Ket,14.928085,104.689066
33140000,ศรีรัตนะ,Si Rattana,ศรีสะเกษ,Si Sa Ket,14.793246,104.469707
33150000,น้ำเกลี้ยง,Nam Kliang,ศรีสะเกษ,Si Sa Ket,14.927186,104.513127
33160000,วังหิน,Wang Hin,ศรีสะเกษ,Si Sa Ket,14.947891,104.230766
33170000,ภูสิงห์,Phu Sing,ศรีสะเกษ,Si Sa Ket,14.546525,104.131577
33180000,เมืองจันทร์,Mueang Chan,ศรีสะเกษ,Si Sa Ket,15.191331,104.052515
33190000,เบญจลักษ์,Benchalak,ศรีสะเกษ,Si Sa Ket,14.795726,104.670134
33200000,พยุห์,Phayu,ศรีสะเกษ,Si Sa Ket,14.903908,104.391999
33210000,โพธิ์ศรีสุวรรณ,Pho Si Suwan,ศรีสะเกษ,Si Sa Ket,15.231146,104.0763
33220000,ศิลาลาด,Sila Lat,ศรีสะเกษ,Si Sa Ket,15.472915,104.071485
34010000,เมืองอุบลราชธานี,Mueang Ubon Ratchathani,อุบลราชธานี,Ubon Ratchathani,15.228789,104.854242
34020000,ศรีเมืองใหม่,Si Mueang Mai,อุบลราชธานี,Ubon Ratchathani,15.495009,105.278541
34030000,โขงเจียม,Khong Chiam,อุบลราชธานี,Ubon Ratchathani,15.318715,105.495654
34040000,เขื่องใน,Khueang Nai,อุบลราชธานี,Ubon Ratchathani,15.389576,104.551286
34050000,เขมราฐ,Khemarat,อุบลราชธานี,Ubon Ratchathani,16.041048,105.206486
34070000,เดชอุดม,Det Udom,อุบลราชธานี,Ubon Ratchathani,14.903063,105.076182
34080000,นาจะหลวย,Na Chaluai,อุบลราชธานี,Ubon Ratchathani,14.52137,105.245936
34090000,น้ำยืน,Nam Yuen,อุบลราชธานี,Ubon Ratchathani,14.488976,105.000775
34100000,บุณฑริก,Boontharik,อุบลราชธานี,Ubon Ratchathani,14.755244,105.411879
34110000,ตระการพืชผล,Trakan Phuet Phon,อุบลราชธานี,Ubon Ratchathani,15.612146,105.021828
34120000,กุดข้าวปุ้น,Kut Khaopun,อุบลราชธานี,Ubon Ratchathani,15.791549,104.996609
34140000,ม่วงสามสิบ,Muang Sam Sip,อุบลราชธานี,Ubon Ratchathani,15.510421,104.726199
34150000,วารินชำราบ,Warin Chamrap,อุบลราชธานี,Ubon Ratchathani,15.202146,104.867413
34190000,พิบูลมังสาหาร,Phibun Mangsahan,อุบลราชธานี,Ubon Ratchathani,15.244339,105.229007
34200000,ตาลสุม,Tan Sum,อุบลราชธานี,Ubon Ratchathani,15.314584,105.154981
34210000,โพธิ์ไทร,Pho Sai,อุบลราชธานี,Ubon Ratchathani,15.82574,105.260809
34220000,สำโรง,Samrong,อุบลราชธานี,Ubon Ratchathani,15.008297,104.784519
34240000,ดอนมดแดง,Don Mot Daeng,อุบลราชธานี,Ubon Ratchathani,15.378862,105.027181
34250000,สิรินธร,Sirindhorn,อุบลราชธานี,Ubon Ratchathani,15.20157,105.39813
34260000,ทุ่งศรีอุดม,Thung Si Udom,อุบลราชธานี,Ubon Ratchathani,14.733306,104.909286
34290000,นาเยีย,Na Yia,อุบลราชธานี,Ubon Ratchathani,15.05966,105.059901
34300000,นาตาล,Na Tan,อุบลราชธานี,Ubon Ratchathani,15.904948,105.276493
34310000,เหล่าเสือโก้ก,Lao Suea Kok,อุบลราชธานี,Ubon Ratchathani,15.406723,104.923613
34320000,สว่างวีระวงศ์,Sawang Wirawong,อุบลราชธานี,Ubon Ratchathani,15.241522,105.092106
34330000,น้ำขุ่น,Nam Khun,อุบลราชธานี,Ubon Ratchathani,14.583873,104.92522
35010000,เมืองยโสธร,Mueang Yasothon,ยโสธร,Yasothon,15.794913,104.141068
35020000,ทรายมูล,Sai Mun,ยโสธร,Yasothon,15.939687,104.208725
35030000,กุดชุม,Kut Chum,ยโสธร,Yasothon,16.032819,104.338561
35040000,คำเขื่อนแก้ว,Kham Khuean Kaeo,ยโสธร,Yasothon,15.652889,104.308767
35050000,ป่าติ้ว,Pa Tio,ยโสธร,Yasothon,15.831342,104.38551
35060000,มหาชนะชัย,Maha Chana Chai,ยโสธร,Yasothon,15.532474,104.242465
35070000,ค้อวัง,Kho Wang,ยโสธร,Yasothon,15.367672,104.357787
35080000,เลิงนกทา,Loeng Nok Tha,ยโสธร,Yasothon,16.207834,104.554972
35090000,ไทยเจริญ,Thai Charoen,ยโสธร,Yasothon,16.063199,104.447273
36010000,เมืองชัยภูมิ,Mueang Chaiyaphum,ชัยภูมิ,Chaiyaphum,15.809781,102.020334
36020000,บ้านเขว้า,Ban Khwao,ชัยภูมิ,Chaiyaphum,15.778334,101.907022
36030000,คอนสวรรค์,Khon Sawan,ชัยภูมิ,Chaiyaphum,15.931556,102.281184
36040000,เกษตรสมบูรณ์,Kaset Sombun,ชัยภูมิ,Chaiyaphum,16.280326,101.953929
36050000,หนองบัวแดง,Nong Bua Daeng,ชัยภูมิ,Chaiyaphum,16.081614,101.802477
36060000,จัตุรัส,Chatturat,ชัยภูมิ,Chaiyaphum,15.565579,101.845358
36070000,บำเหน็จณรงค์,Bamnet Narong,ชัยภูมิ,Chaiyaphum,15.500152,101.686315
36080000,หนองบัวระเหว,Nong Bua Rawe,ชัยภูมิ,Chaiyaphum,15.748656,101.759277
36090000,เทพสถิต,Thep Sathit,ชัยภูมิ,Chaiyaphum,15.392982,101.451107
36100000,ภูเขียว,Phu Khiao,ชัยภูมิ,Chaiyaphum,16.377154,102.128677
36110000,บ้านแท่น,Ban Thaen,ชัยภูมิ,Chaiyaphum,16.405161,102.342076
36120000,แก้งคร้อ,Kaeng Khro,ชัยภูมิ,Chaiyaphum,16.108463,102.258069
36130000,คอนสาร,Khon San,ชัยภูมิ,Chaiyaphum,16.61383,101.919729
36140000,ภักดีชุมพล,Phakdi Chumphon,ชัยภูมิ,Chaiyaphum,15.904564,101.421487
36150000,เนินสง่า,Noen Sa-nga,ชัยภูมิ,Chaiyaphum,15.564057,102.001834
36160000,ซับใหญ่,Sap Yai,ชัยภูมิ,Chaiyaphum,15.641929,101.629552
37010000,เมืองอำนาจเจริญ,Mueang Amnat Charoen,อำนาจเจริญ,Amnat Charoen,15.858362,104.629293
37020000,ชานุมาน,Chanuman,อำนาจเจริญ,Amnat Charoen,16.233505,105.000613
37030000,ปทุมราชวงศา,Pathum Ratchawongsa,อำนาจเจริญ,Amnat Charoen,15.892361,104.905709
37040000,พนา,Phana,อำนาจเจริญ,Amnat Charoen,15.682104,104.846353
37050000,เสนางคนิคม,Senangkhanikhom,อำนาจเจริญ,Amnat Charoen,16.03968,104.669342
37060000,หัวตะพาน,Hua Taphan,อำนาจเจริญ,Amnat Charoen,15.697011,104.491604
37070000,ลืออำนาจ,Lue Amnat,อำนาจเจริญ,Amnat Charoen,15.701609,104.644716
38010000,บึงกาฬ,Bueng Kan,บึงกาฬ,Bueng Kan,18.358166,103.652915
38020000,พรเจริญ,Phon Charoen,บึงกาฬ,Bueng Kan,18.031371,103.708947
38030000,โซ่พิสัย,So Phisai,บึงกาฬ,Bueng Kan,18.077624,103.443013
38040000,เซกา,Seka,บึงกาฬ,Bueng Kan,17.928323,103.953294
38050000,ปากคาด,Pak Khat,บึงกาฬ,Bueng Kan,18.298092,103.30538
38060000,บึงโขงหลง,Bueng Khong Long,บึงกาฬ,Bueng Kan,17.967108,104.044405
38070000,ศรีวิไล,Si Wilai,บึงกาฬ,Bueng Kan,18.17732,103.750099
38080000,บุ่งคล้า,Bung Khla,บึงกาฬ,Bueng Kan,18.302005,103.974068
39010000,เมืองหนองบัวลำภู,Mueang Nong Bua Lam Phu,หนองบัวลำภู,Nong Bua Lamphu,17.204075,102.444483
39020000,นากลาง,Na Klang,หนองบัวลำภู,Nong Bua Lamphu,17.307222,102.188752
39030000,โนนสัง,Non Sang,หนองบัวลำภู,Nong Bua Lamphu,16.866096,102.572047
39040000,ศรีบุญเรือง,Si Bun Rueang,หนองบัวลำภู,Nong Bua Lamphu,16.965892,102.279483
39050000,สุวรรณคูหา,Suwannakhuha,หนองบัวลำภู,Nong Bua Lamphu,17.562976,102.279939
39060000,นาวัง,Na Wang,หนองบัวลำภู,Nong Bua Lamphu,17.323003,102.072804
40010000,เมืองขอนแก่น,Mueang Khon Kaen,ขอนแก่น,Khon Kaen,16.43866,102.839213
40020000,บ้านฝาง,Ban Fang,ขอนแก่น,Khon Kaen,16.453124,102.63835
40030000,พระยืน,Phra Yuen,ขอนแก่น,Khon Kaen,16.323992,102.648524
40040000,หนองเรือ,Nong Ruea,ขอนแก่น,Khon Kaen,16.493218,102.433254
40050000,ชุมแพ,Chum Phae,ขอนแก่น,Khon Kaen,16.544278,102.099541
40060000,สีชมพู,Si Chomphu,ขอนแก่น,Khon Kaen,16.800012,102.187893
40070000,น้ำพอง,Nam Phong,ขอนแก่น,Khon Kaen,16.701833,102.856498
40080000,อุบลรัตน์,Ubolratana,ขอนแก่น,Khon Kaen,16.752897,102.632912
40090000,กระนวน,Kranuan,ขอนแก่น,Khon Kaen,16.706322,103.078842
40100000,บ้านไผ่,Ban Phai,ขอนแก่น,Khon Kaen,16.059737,102.731049
40110000,เปือยน้อย,Pueai Noi,ขอนแก่น,Khon Kaen,15.871566,102.905525
40120000,พล,Phon,ขอนแก่น,Khon Kaen,15.815969,102.598775
40130000,แวงใหญ่,Waeng Yai,ขอนแก่น,Khon Kaen,15.959653,102.547817
40140000,แวงน้อย,Waeng Noi,ขอนแก่น,Khon Kaen,15.803675,102.415907
40150000,หนองสองห้อง,Nong Song Hong,ขอนแก่น,Khon Kaen,15.733485,102.795434
40160000,ภูเวียง,Phu Wiang,ขอนแก่น,Khon Kaen,16.654478,102.376923
40170000,มัญจาคีรี,Mancha Khiri,ขอนแก่น,Khon Kaen,16.126783,102.54223
40180000,ชนบท,Chonnabot,ขอนแก่น,Khon Kaen,16.088353,102.621839
40190000,เขาสวนกวาง,Khao Suan Kwang,ขอนแก่น,Khon Kaen,16.859296,102.860798
40200000,ภูผาม่าน,Phu Phaman,ขอนแก่น,Khon Kaen,16.645168,101.903916
40210000,ซำสูง,Sam Sung,ขอนแก่น,Khon Kaen,16.542909,103.079838
40220000,โคกโพธิ์ไชย,Khok Pho Chai,ขอนแก่น,Khon Kaen,16.083872,102.39894
40230000,หนองนาคำ,Nong Na Kham,ขอนแก่น,Khon Kaen,16.800912,102.341323
40240000,บ้านแฮด,Ban Haet,ขอนแก่น,Khon Kaen,16.202394,102.750573
40250000,โนนศิลา,Non Sila,ขอนแก่น,Khon Kaen,15.973802,102.669077
40290000,เวียงเก่า,Wiang Kao,ขอนแก่น,Khon Kaen,16.682108,102.293659
41010000,เมืองอุดรธานี,Mueang Udon Thani,อุดรธานี,Udon Thani,17.415351,102.786122
41020000,กุดจับ,Kut Chap,อุดรธานี,Udon Thani,17.425477,102.566819
41030000,หนองวัวซอ,Nong Wua So,อุดรธานี,Udon Thani,17.162315,102.572861
41040000,กุมภวาปี,Kumphawapi,อุดรธานี,Udon Thani,17.113838,103.018688
41050000,โนนสะอาด,Non Sa-at,อุดรธานี,Udon Thani,16.97868,102.893873
41060000,หนองหาน,Nong Saeng,อุดรธานี,Udon Thani,17.360552,103.105577
41070000,ทุ่งฝน,Thung Fon,อุดรธานี,Udon Thani,17.471423,103.260214
41080000,ไชยวาน,Chai Wan,อุดรธานี,Udon Thani,17.285225,103.222363
41090000,ศรีธาตุ,Si That,อุดรธานี,Udon Thani,16.972994,103.216829
41100000,วังสามหมอ,Wang Sam Mo,อุดรธานี,Udon Thani,16.950056,103.428318
41110000,บ้านดุง,Ban Dung,อุดรธานี,Udon Thani,17.701006,103.259584
41170000,บ้านผือ,Ban Phue,อุดรธานี,Udon Thani,17.68763,102.472851
41180000,น้ำโสม,Nam Som,อุดรธานี,Udon Thani,17.770483,102.189616
41190000,เพ็ญ,Phen,อุดรธานี,Udon Thani,17.695214,102.907269
41200000,สร้างคอม,Sang Khom,อุดรธานี,Udon Thani,17.825113,103.088881
41210000,หนองแสง,Nong Saeng,อุดรธานี,Udon Thani,17.168679,102.781918
41220000,นายูง,Na Yung,อุดรธานี,Udon Thani,17.897748,102.149891
41230000,พิบูลย์รักษ์,Phibun Rak,อุดรธานี,Udon Thani,17.549275,103.057677
41240000,กู่แก้ว,Ku Kaeo,อุดรธานี,Udon Thani,17.172142,103.153034
41250000,ประจักษ์ศิลปาคม,Prachaksinlapakhom,อุดรธานี,Udon Thani,17.272727,102.993972
42010000,เมืองเลย,Mueang Loei,เลย,Loei,17.487928,101.719384
42020000,นาด้วง,Na Duang,เลย,Loei,17.4792,101.970611
42030000,เชียงคาน,Chiang Khan,เลย,Loei,17.898205,101.666258
42040000,ปากชม,Pak Chom,เลย,Loei,18.022664,101.887474
42050000,ด่านซ้าย,Dan Sai,เลย,Loei,17.280042,101.146695
42060000,นาแห้ว,Na Haeo,เลย,Loei,17.485511,101.068477
42070000,ภูเรือ,Phu Ruea,เลย,Loei,17.455036,101.362813
42080000,ท่าลี่,Tha Li,เลย,Loei,17.624514,101.421375
42090000,วังสะพุง,Wang Saphung,เลย,Loei,17.300218,101.768546
42100000,ภูกระดึง,Phu Kradueng,เลย,Loei,16.884161,101.884727
42110000,ภูหลวง,Phu Luang,เลย,Loei,17.139667,101.664279
42120000,ผาขาว,Pha  Khao,เลย,Loei,17.06694,102.027097
42130000,เอราวัณ,Erawan,เลย,Loei,17.309895,101.94006
42140000,หนองหิน,Nong Hin,เลย,Loei,17.127611,101.850786
43010000,เมืองหนองคาย,Mueang Nong Khai,หนองคาย,Nong Khai,17.880158,102.740268
43020000,ท่าบ่อ,Tha Bo,หนองคาย,Nong Khai,17.849696,102.581204
43050000,โพนพิสัย,Phon Phisai,หนองคาย,Nong Khai,18.021846,103.07707
43070000,ศรีเชียงใหม่,Si Chiang Mai,หนองคาย,Nong Khai,17.956302,102.589531
43080000,สังคม,Sangkhom,หนองคาย,Nong Khai,18.063987,102.273415
43140000,สระใคร,Sakhrai,หนองคาย,Nong Khai,17.675195,102.750623
43150000,เฝ้าไร่,Fao Rai,หนองคาย,Nong Khai,18.018918,103.30369
43160000,รัตนวาปี,Rattanawapi,หนองคาย,Nong Khai,18.220252,103.180363
43170000,โพธิ์ตาก,Pho Tak,หนองคาย,Nong Khai,17.877292,102.409504
44010000,เมืองมหาสารคาม,Mueang Maha Sarakham,มหาสารคาม,Maha Sarakham,16.184124,103.301623
44020000,แกดำ,Kae Dam,มหาสารคาม,Maha Sarakham,16.024189,103.384961
44030000,โกสุมพิสัย,Kosum Phisai,มหาสารคาม,Maha Sarakham,16.248601,103.06699
44040000,กันทรวิชัย,Kantharawichai,มหาสารคาม,Maha Sarakham,16.322912,103.296867
44050000,เชียงยืน,Chiang Yuen,มหาสารคาม,Maha Sarakham,16.40807,103.10522
44060000,บรบือ,Borabue,มหาสารคาม,Maha Sarakham,16.038506,103.118911
44070000,นาเชือก,Na Chueak,มหาสารคาม,Maha Sarakham,15.799004,103.031095
44080000,พยัคฆภูมิพิสัย,Phayakkhaphum Phisai,มหาสารคาม,Maha Sarakham,15.516109,103.19378
44090000,วาปีปทุม,Wapi Pathum,มหาสารคาม,Maha Sarakham,15.84586,103.379507
44100000,นาดูน,Na Dun,มหาสารคาม,Maha Sarakham,15.713947,103.226762
44110000,ยางสีสุราช,Yang Sisurat,มหาสารคาม,Maha Sarakham,15.683373,103.103359
44120000,กุดรัง,Kut Rang,มหาสารคาม,Maha Sarakham,16.05096,102.993807
44130000,ชื่นชม,Chuen Chom,มหาสารคาม,Maha Sarakham,16.531225,103.171728
45010000,เมืองร้อยเอ็ด,Mueang Roi Et,ร้อยเอ็ด,Roi Et,16.053174,103.654666
45020000,เกษตรวิสัย,Kaset Wisai,ร้อยเอ็ด,Roi Et,15.656904,103.579941
45030000,ปทุมรัตต์,Pathum Rat,ร้อยเอ็ด,Roi Et,15.634487,103.342829
45040000,จตุรพักตรพิมาน,Chaturaphak Phiman,ร้อยเอ็ด,Roi Et,15.845999,103.556908
45050000,ธวัชบุรี,Thawat Buri,ร้อยเอ็ด,Roi Et,16.038893,103.747099
45060000,พนมไพร,Phanom Phrai,ร้อยเอ็ด,Roi Et,15.678136,104.110134
45070000,โพนทอง,Phon Thong,ร้อยเอ็ด,Roi Et,16.300112,103.978236
45080000,โพธิ์ชัย,Pho Chai,ร้อยเอ็ด,Roi Et,16.323496,103.769086
45090000,หนองพอก,Nong Phok,ร้อยเอ็ด,Roi Et,16.309821,104.203024
45100000,เสลภูมิ,Selaphum,ร้อยเอ็ด,Roi Et,16.033268,103.933805
45110000,สุวรรณภูมิ,Suwannaphum,ร้อยเอ็ด,Roi Et,15.608719,103.799902
45120000,เมืองสรวง,Mueang Suang,ร้อยเอ็ด,Roi Et,15.823463,103.717619
45130000,โพนทราย,Phon Sai,ร้อยเอ็ด,Roi Et,15.488179,103.995792
45140000,อาจสามารถ,At Samat,ร้อยเอ็ด,Roi Et,15.843517,103.878938
45150000,เมยวดี,Moei Wadi,ร้อยเอ็ด,Roi Et,16.389205,104.157306
45160000,ศรีสมเด็จ,Si Somdet,ร้อยเอ็ด,Roi Et,15.998238,103.487838
45170000,จังหาร,Changhan,ร้อยเอ็ด,Roi Et,16.139103,103.614961
45180000,เชียงขวัญ,Chiang Khwan,ร้อยเอ็ด,Roi Et,16.165718,103.751873
45190000,หนองฮี,Nong Hi,ร้อยเอ็ด,Roi Et,15.610303,103.990442
45200000,ทุ่งเขาหลวง,Thung Khao Luang,ร้อยเอ็ด,Roi Et,15.992178,103.85921
46010000,เมืองกาฬสินธุ์,Mueang Kalasin,กาฬสินธุ์,Kalasin,16.442973,103.534162
46020000,นามน,Na Mon,กาฬสินธุ์,Kalasin,16.575307,103.786718
46030000,กมลาไสย,Kamalasai,กาฬสินธุ์,Kalasin,16.338724,103.575243
46040000,ร่องคำ,Rong Kham,กาฬสินธุ์,Kalasin,16.26654,103.740474
46050000,กุฉินารายณ์,Kuchinarai,กาฬสินธุ์,Kalasin,16.53714,104.054528
46060000,เขาวง,Khao Wong,กาฬสินธุ์,Kalasin,16.69895,104.090265
46070000,ยางตลาด,Yang Talat,กาฬสินธุ์,Kalasin,16.401942,103.37315
46080000,ห้วยเม็ก,Huai Mek,กาฬสินธุ์,Kalasin,16.590242,103.235477
46090000,สหัสขันธ์,Sahatsakhan,กาฬสินธุ์,Kalasin,16.711981,103.519954
46100000,คำม่วง,Kham Muang,กาฬสินธุ์,Kalasin,16.922154,103.631409
46110000,ท่าคันโท,Tha Khantho,กาฬสินธุ์,Kalasin,16.939971,103.244492
46120000,หนองกุงศรี,Nong Kung Si,กาฬสินธุ์,Kalasin,16.655827,103.294002
46130000,สมเด็จ,Somdet,กาฬสินธุ์,Kalasin,16.704395,103.749762
46140000,ห้วยผึ้ง,Huai Phueng,กาฬสินธุ์,Kalasin,16.645944,103.908729
46150000,สามชัย,Sam Chai,กาฬสินธุ์,Kalasin,16.863178,103.537249
46160000,นาคู,Na Khu,กาฬสินธุ์,Kalasin,16.77903,104.033222
46170000,ดอนจาน,Don Chan,กาฬสินธุ์,Kalasin,16.456604,103.694803
46180000,ฆ้องชัย,Khong Chai,กาฬสินธุ์,Kalasin,16.260473,103.458051
47010000,เมืองสกลนคร,Mueang Sakon Nakhon,สกลนคร,Sakon Nakhon,17.155748,104.133949
47020000,กุสุมาลย์,Kusuman,สกลนคร,Sakon Nakhon,17.330842,104.333634
47030000,กุดบาก,Kut Bak,สกลนคร,Sakon Nakhon,17.087944,103.82289
47040000,พรรณานิคม,Phanna Nikhom,สกลนคร,Sakon Nakhon,17.351653,103.846898
47050000,พังโคน,Phanh khon,สกลนคร,Sakon Nakhon,17.392398,103.70943
47060000,วาริชภูมิ,Waritchaphum,สกลนคร,Sakon Nakhon,17.293052,103.636362
47070000,นิคมน้ำอูน,Nikhom Nam un,สกลนคร,Sakon Nakhon,17.182812,103.717855
47080000,วานรนิวาส,Wanon Niwat,สกลนคร,Sakon Nakhon,17.632084,103.751813
47090000,คำตากล้า,Kham Ta Kla,สกลนคร,Sakon Nakhon,17.8493,103.754737
47100000,บ้านม่วง,Ban Muang,สกลนคร,Sakon Nakhon,17.850984,103.570047
47110000,อากาศอำนวย,Akat Amnuai,สกลนคร,Sakon Nakhon,17.596338,103.973682
47120000,สว่างแดนดิน,Sawang Daen Din,สกลนคร,Sakon Nakhon,17.475416,103.457593
47130000,ส่องดาว,Song Dao,สกลนคร,Sakon Nakhon,17.336379,103.475756
47140000,เต่างอย,Tao Ngoi,สกลนคร,Sakon Nakhon,16.996961,104.167725
47150000,โคกศรีสุพรรณ,Khok Si Suphan,สกลนคร,Sakon Nakhon,17.043708,104.273025
47160000,เจริญศิลป์,Charoen Sin,สกลนคร,Sakon Nakhon,17.596562,103.565407
47170000,โพนนาแก้ว,Phon Na Kaeo,สกลนคร,Sakon Nakhon,17.22126,104.289822
47180000,ภูพาน,Phu Phan,สกลนคร,Sakon Nakhon,16.999898,103.965474
48010000,เมืองนครพนม,Mueang Nakhon Phanom,นครพนม,Nakhon Phanom,17.367223,104.76079
48020000,ปลาปาก,Pla Pak,นครพนม,Nakhon Phanom,17.180584,104.526131
48030000,ท่าอุเทน,Tha Uthen,นครพนม,Nakhon Phanom,17.556861,104.612379
48040000,บ้านแพง,Ban Phaeng,นครพนม,Nakhon Phanom,17.968145,104.215788
48050000,ธาตุพนม,That Phanom,นครพนม,Nakhon Phanom,16.936349,104.709558
48060000,เรณูนคร,Renu Nakhon,นครพนม,Nakhon Phanom,17.056293,104.679762
48070000,นาแก,Na Kae,นครพนม,Nakhon Phanom,16.946531,104.500806
48080000,ศรีสงคราม,Si Songkhram,นครพนม,Nakhon Phanom,17.627133,104.250346
48090000,นาหว้า,Na Wa,นครพนม,Nakhon Phanom,17.489266,104.101408
48100000,โพนสวรรค์,Phon Sawan,นครพนม,Nakhon Phanom,17.456021,104.468804
48110000,นาทม,Na Thom,นครพนม,Nakhon Phanom,17.785315,104.090609
48120000,วังยาง,Wang Yang,นครพนม,Nakhon Phanom,17.063899,104.453946
49010000,เมืองมุกดาหาร,Mueang Mukdahan,มุกดาหาร,Mukdahan,16.538161,104.714848
49020000,นิคมคำสร้อย,Nikhom Kham Soi,มุกดาหาร,Mukdahan,16.371882,104.550664
49030000,ดอนตาล,Don Tan,มุกดาหาร,Mukdahan,16.316569,104.92016
49040000,ดงหลวง,Don Tan,มุกดาหาร,Mukdahan,16.815463,104.537261
49050000,คำชะอี,Khamcha-i,มุกดาหาร,Mukdahan,16.577189,104.4194
49060000,ว่านใหญ่,Wan Yai,มุกดาหาร,Mukdahan,16.727654,104.738917
49070000,หนองสูง,Nong Sung,มุกดาหาร,Mukdahan,16.486839,104.344161
50010000,เมืองเชียงใหม่,Mueang Chiang Mai,เชียงใหม่,Chiang Mai,18.836231,98.972098
50020000,จอมทอง,Chom Thong,เชียงใหม่,Chiang Mai,18.416829,98.675993
50030000,แม่แจ่ม,Mae Chaem,เชียงใหม่,Chiang Mai,18.498981,98.362115
50040000,เชียงดาว,Chiang Dao,เชียงใหม่,Chiang Mai,19.366154,98.963962
50050000,ดอยสะเก็ด,Doi Saket,เชียงใหม่,Chiang Mai,18.870857,99.13638
50060000,แม่แตง,Mae Taeng,เชียงใหม่,Chiang Mai,19.122009,98.943455
50070000,แม่ริม,Mae Rim,เชียงใหม่,Chiang Mai,18.914087,98.944888
50080000,สะเมิง,Samoeng,เชียงใหม่,Chiang Mai,18.84845,98.732069
50090000,ฝาง,Fang,เชียงใหม่,Chiang Mai,19.918853,99.213363
50100000,แม่อาย,Mae Ai,เชียงใหม่,Chiang Mai,20.03109,99.286984
50110000,พร้าว,Phrao,เชียงใหม่,Chiang Mai,19.365669,99.202225
50120000,สันป่าตอง,San Pa Tong,เชียงใหม่,Chiang Mai,18.628535,98.89572
50130000,สันกำแพง,San Kamphaeng,เชียงใหม่,Chiang Mai,18.738766,99.156745
50140000,สันทราย,San Sai,เชียงใหม่,Chiang Mai,18.848641,99.04506
50150000,หางดง,Hang Dong,เชียงใหม่,Chiang Mai,18.686729,98.918969
50160000,ฮอด,Hot,เชียงใหม่,Chiang Mai,18.686728,98.918987
50170000,ดอยเต่า,Doi Tao,เชียงใหม่,Chiang Mai,17.953535,98.684897
50180000,อมก๋อย,Omkoi,เชียงใหม่,Chiang Mai,17.800842,98.357972
50190000,สารภี,Saraphi,เชียงใหม่,Chiang Mai,18.713414,99.036492
50200000,เวียงแหง,Wiang Haeng,เชียงใหม่,Chiang Mai,19.561369,98.637297
50210000,ไชยปราการ,Chai Prakan,เชียงใหม่,Chiang Mai,19.732181,99.140131
50220000,แม่วาง,Mae Wang,เชียงใหม่,Chiang Mai,18.612474,98.774943
50230000,แม่ออน,Mae On,เชียงใหม่,Chiang Mai,18.776289,99.248028
50240000,ดอยหล่อ,Doi Lo,เชียงใหม่,Chiang Mai,18.474444,98.78357
50250000,กัลยาณิวัฒนา,Kanlayaniwatthana,เชียงใหม่,Chiang Mai,19.046441,98.285686
51010000,เมืองลำพูน,Mueang Lamphun,ลำพูน,Lamphun,18.578047,99.018393
51020000,แม่ทา,Mae Tha,ลำพูน,Lamphun,18.461739,99.134327
51030000,บ้านโฮ่ง,Ban Hong,ลำพูน,Lamphun,18.331224,98.818826
51040000,ลี้,Li,ลำพูน,Lamphun,17.802705,98.950574
51050000,ทุ่งหัวช้าง,Thung Hua Chang,ลำพูน,Lamphun,18.002917,99.027707
51060000,ป่าซาง,Pa Sang,ลำพูน,Lamphun,18.525472,98.940048
51070000,บ้านธิ,Ban Thi,ลำพูน,Lamphun,18.632147,99.116599
51080000,เวียงหนองล่อง,Wiang Nong Long,ลำพูน,Lamphun,18.393233,98.718574
52010000,เมืองลำปาง,Mueang Lampang,ลำปาง,Lampang,18.29186,99.504643
52020000,แม่เมาะ,Mae Mo,ลำปาง,Lampang,18.275522,99.650588
52030000,เกาะคา,Ko kha,ลำปาง,Lampang,18.191676,99.395458
52040000,เสริมงาม,Soem Ngam,ลำปาง,Lampang,18.065518,99.246376
52050000,งาว,Ngao,ลำปาง,Lampang,18.777961,99.970889
52060000,แจ้ห่ม,Chae Hom,ลำปาง,Lampang,18.712536,99.557361
52070000,วังเหนือ,Wang Nuea,ลำปาง,Lampang,19.145812,99.619322
52080000,เถิน,Thoen,ลำปาง,Lampang,17.640633,99.241619
52090000,แม่พริก,Mae Phrik,ลำปาง,Lampang,17.446289,99.159583
52100000,แม่ทะ,Mae Tha,ลำปาง,Lampang,18.134126,99.513302
52110000,สบปราบ,Sop Prap,ลำปาง,Lampang,17.880866,99.33733
52120000,ห้างฉัตร,Hang Chat,ลำปาง,Lampang,18.321569,99.317605
52130000,เมืองปาน,Mueang Pan,ลำปาง,Lampang,18.77012,99.498081
53010000,เมืองอุตรดิตถ์,Mueang Uttaradit,อุตรดิตถ์,Uttaradit,17.625798,100.096848
53020000,ตรอน,Tron,อุตรดิตถ์,Uttaradit,17.482261,100.112755
53030000,ท่าปลา,Tha Pla,อุตรดิตถ์,Uttaradit,17.792946,100.376823
53040000,น้ำปาด,Nam Pat,อุตรดิตถ์,Uttaradit,17.728211,100.684541
53050000,ฟากท่า,Fak Tha,อุตรดิตถ์,Uttaradit,17.992135,100.87895
53060000,บ้านโคก,Ban Khok,อุตรดิตถ์,Uttaradit,18.025513,101.067875
53070000,พิชัย,Phichai,อุตรดิตถ์,Uttaradit,17.287042,100.087496
53080000,ลับแล,Laplae,อุตรดิตถ์,Uttaradit,17.651357,100.039037
53090000,ทองแสนขัน,Thong Saen Khan,อุตรดิตถ์,Uttaradit,17.475135,100.333404
54010000,เมืองแพร่,Mueang Phrae,แพร่,Phrae,18.145434,100.141364
54020000,ร้องกวาง,Mueang Phrae,แพร่,Phrae,18.339747,100.317376
54030000,ลอง,Long,แพร่,Phrae,18.075645,99.832354
54040000,สูงเม่น,Sung Men,แพร่,Phrae,18.051986,100.111611
54050000,เด่นชัย,Den Chai,แพร่,Phrae,17.97858,100.058343
54060000,สอง,Song,แพร่,Phrae,18.470028,100.18339
54070000,วังชิ้น,Wang Chin,แพร่,Phrae,17.89474,99.603906
54080000,หนองม่วงไข่,Nong Muang Khai,แพร่,Phrae,18.26465,100.189626
55010000,เมืองน่าน,Mueang Nan,น่าน,Nan,18.793656,100.729465
55020000,แม่จริม,Mae Charim,น่าน,Nan,18.706155,101.006237
55030000,บ้านหลวง,Ban Luang,น่าน,Nan,18.851353,100.438412
55040000,นาน้อย,Na Noi,น่าน,Nan,18.325737,100.71462
55050000,ปัว,Pua,น่าน,Nan,19.174097,100.916646
55060000,ท่าวังผา,Tha Wang Pha,น่าน,Nan,19.121714,100.810789
55070000,เวียงสา,Wiang Sa,น่าน,Nan,18.598103,100.740101
55080000,ทุ่งช้าง,Thung Chang,น่าน,Nan,19.387154,100.875826
55090000,เชียงกลาง,Chiang Klang,น่าน,Nan,19.292721,100.861481
55100000,นาหมื่น,Na Muen,น่าน,Nan,18.189258,100.658744
55110000,สันติสุข,Santi Suk,น่าน,Nan,18.913226,100.940562
55120000,บ่อเกลือ,Bo Kluea,น่าน,Nan,19.148794,101.157667
55130000,สองแคว,Song Khwae,น่าน,Nan,19.35964,100.700505
55140000,ภูเพียง,Phu Phiang,น่าน,Nan,18.742657,100.799188
56010000,เมืองพะเยา,Mueang Phayao,พะเยา,Phayao,19.191813,99.878545
56020000,จุน,Mueang Phayao,พะเยา,Phayao,19.337014,100.134819
56030000,เชียงคำ,Mueang Phayao,พะเยา,Phayao,19.524164,100.301541
56040000,เชียงม่วน,Mueang Phayao,พะเยา,Phayao,18.886573,100.303813
56050000,ดอกคำใต้,Mueang Phayao,พะเยา,Phayao,19.162351,99.993413
56060000,ปง,Mueang Phayao,พะเยา,Phayao,19.149158,100.275019
56070000,แม่ใจ,Mueang Phayao,พะเยา,Phayao,19.376292,99.787686
56080000,ภูซาง,Mueang Phayao,พะเยา,Phayao,19.599018,100.32418
56090000,ภูกามยาว,Mueang Phayao,พะเยา,Phayao,19.599031,100.324184
57010000,เมืองเชียงราย,Mueang Chiang Rai,เชียงราย,Chiang Rai,19.928878,99.864427
57020000,เวียงชัย,Wiang Chai,เชียงราย,Chiang Rai,19.883352,99.93289
57030000,เชียงของ,Chiang Khong,เชียงราย,Chiang Rai,20.260989,100.406091
57040000,เทิง,Thoeng,เชียงราย,Chiang Rai,19.685431,100.193676
57050000,พาน,Phan,เชียงราย,Chiang Rai,19.553883,99.74042
57060000,ป่าแดด,Pa Daet,เชียงราย,Chiang Rai,19.504116,99.992121
57070000,แม่จัน,Mae Chan,เชียงราย,Chiang Rai,20.146309,99.852536
57080000,เชียงแสน,Chiang Saen,เชียงราย,Chiang Rai,20.274859,100.087785
57090000,แม่สาย,Mae Sai,เชียงราย,Chiang Rai,20.428128,99.883184
57100000,แม่สรวย,Mae Suai,เชียงราย,Chiang Rai,19.656498,99.542382
57110000,เวียงป่าเป้า,Wiang Pa Pao,เชียงราย,Chiang Rai,19.347639,99.507702
57120000,พญาเม็งราย,Phaya Mengrai,เชียงราย,Chiang Rai,19.849131,100.153537
57130000,เวียงแก่น,Wiang Kaen,เชียงราย,Chiang Rai,20.112264,100.513506
57140000,ขุนตาล,Khun Tan,เชียงราย,Chiang Rai,19.83364,100.2587
57150000,แม่ฟ้าหลวง,Mae Fa Luang,เชียงราย,Chiang Rai,20.266901,99.801119
57160000,แม่ลาว,Mae Lao,เชียงราย,Chiang Rai,19.790046,99.69958
57170000,เวียงเชียงรุ้ง,Wiang Chiang Rung,เชียงราย,Chiang Rai,20.012794,100.056689
57180000,ดอยหลวง,Doi Luang,เชียงราย,Chiang Rai,20.118403,100.099201
58010000,เมืองแม่ฮ่องสอน,Mueang Mae Hong Son,แม่ฮ่องสอน,Mae Hong Son,19.304085,97.977325
58020000,ขุนยวม,Khun Yuam,แม่ฮ่องสอน,Mae Hong Son,18.839603,97.951209
58030000,ปาย,Pai,แม่ฮ่องสอน,Mae Hong Son,19.358724,98.439601
58040000,แม่สะเรียง,Mae Sariang,แม่ฮ่องสอน,Mae Hong Son,18.159121,97.932957
58050000,แม่ลาน้อย,Mae La Noi,แม่ฮ่องสอน,Mae Hong Son,18.384128,97.936936
58060000,สบเมย,Sop Moei,แม่ฮ่องสอน,Mae Hong Son,17.962524,97.931974
58070000,ปางมะผ้า,Pang Mapha,แม่ฮ่องสอน,Mae Hong Son,19.522596,98.246345
60010000,เมืองนครสวรรค์,Mueang Nakhon Sawan,นครสวรรค์,Nakhon Sawan,15.704878,100.137576
60020000,โกรกพระ,Krok Phra,นครสวรรค์,Nakhon Sawan,15.556776,100.073507
60030000,ชุมแสง,Chum Saeng,นครสวรรค์,Nakhon Sawan,15.880933,100.302542
60040000,หนองบัว,Nong Bua,นครสวรรค์,Nakhon Sawan,15.864911,100.586114
60050000,บรรพตพิสัย,Banphot Phisai,นครสวรรค์,Nakhon Sawan,15.93599,99.982201
60060000,เก้าเลี้ยว,Kao Liao,นครสวรรค์,Nakhon Sawan,15.850371,100.078611
60070000,ตาคลี,Takhli,นครสวรรค์,Nakhon Sawan,15.263042,100.343587
60080000,ท่าตะโก,Tha Tako,นครสวรรค์,Nakhon Sawan,15.640613,100.482835
60090000,ไพศาลี,Phaisali,นครสวรรค์,Nakhon Sawan,15.597507,100.658057
60100000,พยุหะคีรี,Phayuha Hkiri,นครสวรรค์,Nakhon Sawan,15.487209,100.139885
60110000,ลาดยาว,Lat Yao,นครสวรรค์,Nakhon Sawan,15.751805,99.789432
60120000,ตากฟ้า,Tak Fa,นครสวรรค์,Nakhon Sawan,15.348271,100.496124
60130000,แม่วงก์,Mae Wong,นครสวรรค์,Nakhon Sawan,15.781069,99.519065
60140000,แม่เปิน,Mae Pern,นครสวรรค์,Nakhon Sawan,15.657632,99.469172
60150000,ชุมตาบง,Chum Ta Bong,นครสวรรค์,Nakhon Sawan,15.631666,99.552797
61010000,เมืองอุทัยธานี,Mueang Uthai Thani,อุทัยธานี,Uthai Thani,15.379402,100.024742
61020000,ทัพทัน,Thap Than,อุทัยธานี,Uthai Thani,15.459621,99.886549
61030000,สว่างอารมณ์,Sawang Arom,อุทัยธานี,Uthai Thani,15.583887,99.860918
61040000,หนองฉาง,Nong Chang,อุทัยธานี,Uthai Thani,15.391071,99.841139
61050000,หนองขาหย่าง,Nong Khayang,อุทัยธานี,Uthai Thani,15.363994,99.929212
61060000,บ้านไร่,Ban Rai,อุทัยธานี,Uthai Thani,15.083825,99.521239
61070000,ลานสัก,Lan Sak,อุทัยธานี,Uthai Thani,15.452978,99.576054
61080000,ห้วยคต,Huai Khot,อุทัยธานี,Uthai Thani,15.291443,99.616639
62010000,เมืองกำแพงเพชร,Mueang Kamphaeng Phet,กำแพงเพชร,Kamphaeng Phet,16.485231,99.525001
62020000,ไทรงาม,Sai Ngam,กำแพงเพชร,Kamphaeng Phet,16.47251,99.896649
62030000,คลองลาน,Khlong Lan,กำแพงเพชร,Kamphaeng Phet,16.203747,99.320899
62040000,ขาณุวรลักษบุรี,Khanu Woralaksaburi,กำแพงเพชร,Kamphaeng Phet,16.061861,99.860154
62050000,คลองขลุง,Khlong Khlung,กำแพงเพชร,Kamphaeng Phet,16.216482,99.71934
62060000,พรานกระต่าย,Phran Kratai,กำแพงเพชร,Kamphaeng Phet,16.664908,99.588377
62070000,ลานกระบือ,Lan Krabue,กำแพงเพชร,Kamphaeng Phet,16.600781,99.849079
62080000,ทรายทองวัฒนา,Sai Thong Watthana,กำแพงเพชร,Kamphaeng Phet,16.312338,99.830927
62090000,ปางศิลาทอง,Pang Sila Thong,กำแพงเพชร,Kamphaeng Phet,16.09638,99.490173
62100000,บึงสามัคคี,Bueng Samakkhi,กำแพงเพชร,Kamphaeng Phet,16.18861,99.977572
62110000,โกสัมพีนคร,Kosamphi Nakhon,กำแพงเพชร,Kamphaeng Phet,16.633419,99.349906
63010000,เมืองตาก,Mueang Tak,ตาก,Tak,16.881436,99.123664
63020000,บ้านตาก,Ban Tak,ตาก,Tak,17.043441,99.079033
63030000,สามเงา,Sam Ngao,ตาก,Tak,17.224911,99.055159
63040000,แม่ระมาด,Mae Ramat,ตาก,Tak,16.982998,98.516848
63050000,ท่าสองยาง,Tha Song Yang,ตาก,Tak,17.226916,98.225776
63060000,แม่สอด,Mae Sot,ตาก,Tak,16.713021,98.574704
63070000,พบพระ,Phop Phra,ตาก,Tak,16.38483,98.690243
63080000,อุ้มผาง,Um Phang,ตาก,Tak,16.016322,98.862712
63090000,วังเจ้า,Wang Chao,ตาก,Tak,16.704206,99.242972
64010000,เมืองสุโขทัย,Mueang Sukhothai,สุโขทัย,Sukhothai,17.007915,99.823322
64020000,บ้านด่านลานหอย,Ban Dan Lan Hoi,สุโขทัย,Sukhothai,17.00617,99.574715
64030000,คีรีมาศ,Khiri Mat,สุโขทัย,Sukhothai,16.833346,99.801742
64040000,กงไกรลาศ,Kong Krailat,สุโขทัย,Sukhothai,16.952658,99.97591
64050000,ศรีสัชนาลัย,Si Satchanalai,สุโขทัย,Sukhothai,17.517371,99.760289
64060000,ศรีสำโรง,Si Samrong,สุโขทัย,Sukhothai,17.164632,99.861723
64070000,สวรรคโลก,Sawankhalok,สุโขทัย,Sukhothai,17.317323,99.831274
64080000,ศรีนคร,Si Nakhon,สุโขทัย,Sukhothai,17.348363,99.990431
64090000,ทุ่งเสลี่ยม,Thung Saliam,สุโขทัย,Sukhothai,17.320978,99.56087
65010000,เมืองพิษณุโลก,Mueang Phitsanulok,พิษณุโลก,Phitsanulok,16.824614,100.259139
65020000,นครไทย,Nakhon Thai,พิษณุโลก,Phitsanulok,17.101093,100.837443
65030000,ชาติตระการ,Chat Trakan,พิษณุโลก,Phitsanulok,17.276733,100.59897
65040000,บางระกำ,Bang Rakam,พิษณุโลก,Phitsanulok,16.758321,100.118162
65050000,บางกระทุ่ม,Bang Krathum,พิษณุโลก,Phitsanulok,16.585207,100.306027
65060000,พรหมพิราม,Phrom Phiram,พิษณุโลก,Phitsanulok,17.033406,100.202044
65070000,วัดโบสถ์,Wat Bot,พิษณุโลก,Phitsanulok,16.980128,100.334166
65080000,วังทอง,Wang Thong,พิษณุโลก,Phitsanulok,16.824435,100.428834
65090000,เนินมะปราง,Noen Maprang,พิษณุโลก,Phitsanulok,16.568442,100.635547
66010000,เมืองพิจิตร,Mueang Phichit,พิจิตร,Phichit,16.438743,100.350315
66020000,วังทรายพูน,Wang Sai Phun,พิจิตร,Phichit,16.388637,100.538023
66030000,โพธิ์ประทับช้าง,Pho Prathap Chang,พิจิตร,Phichit,16.311103,100.274817
66040000,ตะพานหิน,Taphan Hin,พิจิตร,Phichit,16.214218,100.422172
66050000,บางมูลนาก,Bang Mun Nak,พิจิตร,Phichit,16.027823,100.378789
66060000,โพทะเล,Pho Thale,พิจิตร,Phichit,16.075,100.303271
66070000,สามง่าม,Sam Ngam,พิจิตร,Phichit,16.509068,100.204608
66080000,ทับคล้อ,Tap Khlo,พิจิตร,Phichit,16.160362,100.596564
66090000,สากเหล็ก,Sak Lek,พิจิตร,Phichit,16.509642,100.469217
66100000,บึงนาราง,Bueng Na Rang,พิจิตร,Phichit,16.172368,100.124853
66110000,ดงเจริญ,Dong Charoen,พิจิตร,Phichit,16.029161,100.627087
66120000,วชิรบารมี,Wachirabarami,พิจิตร,Phichit,16.524273,100.144499
67010000,เมืองเพชรบูรณ์,Mueang Phetchabun,เพชรบูรณ์,Phetchabun,16.442986,101.149186
67020000,ชนแดน,Chon Daen,เพชรบูรณ์,Phetchabun,16.18929,100.859672
67030000,หล่มสัก,Lom Sak,เพชรบูรณ์,Phetchabun,16.779597,101.242335
67040000,หล่มเก่า,Lom Kao,เพชรบูรณ์,Phetchabun,16.885715,101.229398
67050000,วิเชียรบุรี,Wichian Buri,เพชรบูรณ์,Phetchabun,15.657191,101.106575
67060000,ศรีเทพ,Si Thep,เพชรบูรณ์,Phetchabun,15.453773,101.066967
67070000,หนองไผ่,Nong Phai,เพชรบูรณ์,Phetchabun,15.990148,101.062397
67080000,บึงสามพัน,Bueng Sam Phan,เพชรบูรณ์,Phetchabun,15.796558,101.008352
67090000,น้ำหนาว,Nam Nao,เพชรบูรณ์,Phetchabun,16.767228,101.669644
67100000,วังโป่ง,Wang Pong,เพชรบูรณ์,Phetchabun,16.341294,100.793529
67110000,เขาค้อ,Khao kho,เพชรบูรณ์,Phetchabun,16.633714,100.998169
70010000,เมืองราชบุรี,Mueang Ratchaburi,ราชบุรี,Ratchaburi,13.528887,99.812632
70020000,จอมบึง,Chom Bueng,ราชบุรี,Ratchaburi,13.619573,99.591721
70030000,สวนผึ้ง,Suan Phueng,ราชบุรี,Ratchaburi,13.544095,99.339821
70040000,ดำเนินสะดวก,Damnoen Saduak,ราชบุรี,Ratchaburi,13.517703,99.954495
70050000,บ้านโป่ง,Ban Pong,ราชบุรี,Ratchaburi,13.814028,99.871169
70060000,บางแพ,Bang Phae,ราชบุรี,Ratchaburi,13.691259,99.930449
70070000,โพธาราม,Photharam,ราชบุรี,Ratchaburi,13.692433,99.853486
70080000,ปากท่อ,Pak Tho,ราชบุรี,Ratchaburi,13.367839,99.830555
70090000,วัดเพลง,Wat Phleng,ราชบุรี,Ratchaburi,13.453792,99.886869
70100000,บ้านคา,Ban Kha,ราชบุรี,Ratchaburi,13.430445,99.409656
71010000,เมืองกาญจนบุรี,Mueang Kanchanaburi,กาญจนบุรี,Kanchanaburi,14.003796,99.55001
71020000,ไทรโยค,Sai Yok,กาญจนบุรี,Kanchanaburi,14.115641,99.144697
71030000,บ่อพลอย,Bo Phloi,กาญจนบุรี,Kanchanaburi,14.32499,99.514307
71040000,ศรีสวัสดิ์,Si Sawat,กาญจนบุรี,Kanchanaburi,14.600382,99.114491
71050000,ท่ามะกา,Tha Maka,กาญจนบุรี,Kanchanaburi,13.920558,99.7653
71060000,ท่าม่วง,Tha Muang,กาญจนบุรี,Kanchanaburi,13.966665,99.638505
71070000,ทองผาภูมิ,Thong Pha Phum,กาญจนบุรี,Kanchanaburi,14.745862,98.625191
71080000,สังขละบุรี,Sangkhla Buri,กาญจนบุรี,Kanchanaburi,15.155554,98.453396
71090000,พนมทวน,Phanom Thuan,กาญจนบุรี,Kanchanaburi,14.130277,99.698975
71100000,เลาขวัญ,Lao Khwan,กาญจนบุรี,Kanchanaburi,14.596646,99.774614
71110000,ด่านมะขามเตี้ย,Dan Makham Tia,กาญจนบุรี,Kanchanaburi,13.853502,99.410533
71120000,หนองปรือ,Nong Prue,กาญจนบุรี,Kanchanaburi,14.612627,99.450793
71130000,ห้วยกระเจา,Huai Krachao,กาญจนบุรี,Kanchanaburi,14.327165,99.666708
72010000,เมืองสุพรรณบุรี,Mueang Saphan Buri,สุพรรณบุรี,Suphan Buri,14.474459,100.118438
72020000,เดิมบางนางบวช,Doem Bang Nang Buat,สุพรรณบุรี,Suphan Buri,14.85372,100.097968
72030000,ด่านช้าง,Dan Chang,สุพรรณบุรี,Suphan Buri,14.841607,99.69732
72040000,บางปลาม้า,Bang Pla Ma,สุพรรณบุรี,Suphan Buri,14.402296,100.154273
72050000,ศรีประจันต์,Si Prachan,สุพรรณบุรี,Suphan Buri,14.619849,100.144451
72060000,ดอนเจดีย์,Don Chedi,สุพรรณบุรี,Suphan Buri,14.635139,100.02108
72070000,สองพี่น้อง,Song Phi Nong,สุพรรณบุรี,Suphan Buri,14.223696,100.021065
72080000,สามชุก,Sam Chuk,สุพรรณบุรี,Suphan Buri,14.755275,100.094765
72090000,อู่ทอง,U Thong,สุพรรณบุรี,Suphan Buri,14.375634,99.892387
72100000,หนองหญ้าไซ,Nong Ya Sai,สุพรรณบุรี,Suphan Buri,14.774928,99.910843
73010000,เมืองนครปฐม,mueang Nakhon Pathom,นครปฐม,Nakhon Pathom,13.819728,100.065885
73020000,กำแพงแสน,Kamphaeng Saen,นครปฐม,Nakhon Pathom,13.983891,99.993872
73030000,นครชัยศรี,Nakhon Chai Si,นครปฐม,Nakhon Pathom,13.801092,100.187641
73040000,ดอนตูม,Don Tum,นครปฐม,Nakhon Pathom,13.960499,100.081223
73050000,บางเลน,Bang Len,นครปฐม,Nakhon Pathom,14.02155,100.165459
73060000,สามพราน,Sam Phran,นครปฐม,Nakhon Pathom,13.724189,100.216661
73070000,พุทธมณฑล,Phutthamonthon,นครปฐม,Nakhon Pathom,13.802071,100.321487
74010000,เมืองสมุทรสาคร,Mueang Samut Sakhon,สมุทรสาคร,Samut Sakhon,13.54836,100.273471
74020000,กระทุ่มแบน,Krathum Baen,สมุทรสาคร,Samut Sakhon,13.655867,100.267714
74030000,บ้านแพ้ว,Ban Phaeo,สมุทรสาคร,Samut Sakhon,13.590512,100.10768
75010000,เมืองสมุทรสงคราม,Mueang Samut Songkhram,สมุทรสงคราม,Samut Songkhram,13.413848,100.00335
75020000,บางคนที,Bang Khonthi,สมุทรสงคราม,Samut Songkhram,13.468827,99.940352
75030000,อัมพวา,Amphawa,สมุทรสงคราม,Samut Songkhram,13.424432,99.957347
76010000,เมืองเพชรบุรี,Mueang Phetchaburi,เพชรบุรี,Phetchaburi,13.111761,99.944119
76020000,เขาย้อย,Khao Yoi,เพชรบุรี,Phetchaburi,13.240287,99.823996
76030000,หนองหญ้าปล้อง,Nong Ya Plong,เพชรบุรี,Phetchaburi,13.162971,99.69716
76040000,ชะอำ,Cha-am,เพชรบุรี,Phetchaburi,12.799646,99.967125
76050000,ท่ายาง,Tha Yang,เพชรบุรี,Phetchaburi,12.973466,99.88783
76060000,บ้านลาด,Ban Lat,เพชรบุรี,Phetchaburi,13.04942,99.91889
76070000,บ้านแหลม,Ban Laem,เพชรบุรี,Phetchaburi,13.200521,99.980223
76080000,แก่งกระจาน,Kaeng Krachan,เพชรบุรี,Phetchaburi,12.907557,99.648223
77010000,เมืองประจวบคีรีขันธ์,Mueang Prachuap Khiri Khan,ประจวบคีรีขันธ์,Prachuap Khiri Khan,11.80865,99.796604
77020000,กุยบุรี,Kui Buri,ประจวบคีรีขันธ์,Prachuap Khiri Khan,12.082885,99.854572
77030000,ทับสะแก,Thap Sakae,ประจวบคีรีขันธ์,Prachuap Khiri Khan,11.499527,99.622168
77040000,บางสะพาน,Bang Saphan,ประจวบคีรีขันธ์,Prachuap Khiri Khan,11.214267,99.511845
77050000,บางสะพานน้อย,Bang Saphan Noi,ประจวบคีรีขันธ์,Prachuap Khiri Khan,11.075116,99.441349
77060000,ปราณบุรี,Pran Buri,ประจวบคีรีขันธ์,Prachuap Khiri Khan,12.394336,99.9163
77070000,หัวหิน,Hua Hin,ประจวบคีรีขันธ์,Prachuap Khiri Khan,12.530163,99.880627
77080000,สามร้อยยอด,Sam Roi Yot,ประจวบคีรีขันธ์,Prachuap Khiri Khan,12.270695,99.871963
80010000,เมืองนครศรีธรรมราช,Mueang Nakhon Si Thammarat,นครศรีธรรมราช,Nakhon Si Thammarat,8.481025,99.96731
80020000,พรหมคีรี,Phrom Khiri,นครศรีธรรมราช,Nakhon Si Thammarat,8.522724,99.82332
80030000,ลานสกา,Lan Saka,นครศรีธรรมราช,Nakhon Si Thammarat,8.370936,99.805498
80040000,ฉวาง,Chawang,นครศรีธรรมราช,Nakhon Si Thammarat,8.426026,99.504635
80050000,พิปูน,Phipun,นครศรีธรรมราช,Nakhon Si Thammarat,8.560965,99.607494
80060000,เชียรใหญ่,Chian Yai,นครศรีธรรมราช,Nakhon Si Thammarat,8.16903,100.144819
80070000,ชะอวด,Cha-uat,นครศรีธรรมราช,Nakhon Si Thammarat,7.995447,99.989223
80080000,ท่าศาลา,Tha Sala,นครศรีธรรมราช,Nakhon Si Thammarat,8.667374,99.930877
80090000,ทุ่งสง,Thung Song,นครศรีธรรมราช,Nakhon Si Thammarat,8.164689,99.680744
80100000,นาบอน,Na Bon,นครศรีธรรมราช,Nakhon Si Thammarat,8.261958,99.594579
80110000,ทุ่งใหญ่,Thung Yai,นครศรีธรรมราช,Nakhon Si Thammarat,8.296282,99.374336
80120000,ปากพนัง,Pak Phanang,นครศรีธรรมราช,Nakhon Si Thammarat,8.357998,100.205242
80130000,ร่อนพิบูลย์,Ron Phibun,นครศรีธรรมราช,Nakhon Si Thammarat,8.179504,99.854861
80140000,สิชล,Sichon,นครศรีธรรมราช,Nakhon Si Thammarat,8.963694,99.896407
80150000,ขนอม,Khanom,นครศรีธรรมราช,Nakhon Si Thammarat,9.204823,99.861139
80160000,หัวไทร,Hua Sai,นครศรีธรรมราช,Nakhon Si Thammarat,8.040567,100.275914
80170000,บางขัน,Bang Khan,นครศรีธรรมราช,Nakhon Si Thammarat,8.026895,99.473031
80180000,ถ้ำพรรณรา,Tham Phannara,นครศรีธรรมราช,Nakhon Si Thammarat,8.421002,99.395258
80190000,จุฬาภรณ์,Chulabhorn,นครศรีธรรมราช,Nakhon Si Thammarat,8.075753,99.869553
80200000,พระพรหม,Phra Phrom,นครศรีธรรมราช,Nakhon Si Thammarat,8.338311,99.901142
80210000,นบพิตำ,Nopphitam,นครศรีธรรมราช,Nakhon Si Thammarat,8.71947,99.751714
80220000,ช้างกลาง,Chang Klang,นครศรีธรรมราช,Nakhon Si Thammarat,8.374155,99.567829
81010000,เมืองกระบี่,Mueang Krabi,กระบี่,Krabi,8.061763,98.918572
81020000,เขาพนม,Khao Phanom,กระบี่,Krabi,8.264923,99.049639
81030000,เกาะลันตา,Ko Lanta,กระบี่,Krabi,7.655484,99.041715
81040000,คลองท่อม,Khlong Thom,กระบี่,Krabi,7.954236,99.144895
81050000,อ่าวลึก,Ao Luek,กระบี่,Krabi,8.377944,98.72216
81060000,ปลายพระยา,Plai Phraya,กระบี่,Krabi,8.533183,98.864473
81070000,ลำทับ,Lam Thap,กระบี่,Krabi,8.072379,99.292349
81080000,เหนือคลอง,Nuea Khlong,กระบี่,Krabi,8.074738,99.004131
82010000,เมืองพังงา,Mueang Phang-nga,พังงา,Phang Nga,8.439932,98.518266
82020000,เกาะยาว,Ko Yao,พังงา,Phang Nga,8.111057,98.590722
82030000,กะปง,Kapong,พังงา,Phang Nga,8.697187,98.409097
82040000,ตะกั่วทุ่ง,Takua Thung,พังงา,Phang Nga,8.392066,98.451816
82050000,ตะกั่วป่า,Takua Pa,พังงา,Phang Nga,8.869584,98.343318
82060000,คุระบุรี,Khura Buri,พังงา,Phang Nga,9.193874,98.414957
82070000,ทับปุด,Thap Put,พังงา,Phang Nga,8.51611,98.639809
82080000,ท้ายเหมือง,Thai Mueang,พังงา,Phang Nga,8.399343,98.260872
83010000,เมืองภูเก็ต,Mueang Phuket,ภูเก็ต,Phuket,7.889595,98.385404
83020000,กะทู้,Kathu,ภูเก็ต,Phuket,7.908998,98.333393
83030000,ถลาง,Thalang,ภูเก็ต,Phuket,8.03157,98.33398
84010000,เมืองสุราษฎร์ธานี,Mueang Surat Thani,สุราษฎร์ธานี,Surat Thani,9.136069,99.320274
84020000,กาญจนดิษฐ์,Kanchanadit,สุราษฎร์ธานี,Surat Thani,9.165539,99.471015
84030000,ดอนสัก,Don Sak,สุราษฎร์ธานี,Surat Thani,9.315482,99.690796
84040000,เกาะสมุย,Ko Samui,สุราษฎร์ธานี,Surat Thani,9.536522,99.936316
84050000,เกาะพะงัน,Ko Pha-ngan,สุราษฎร์ธานี,Surat Thani,9.720332,99.99651
84060000,ไชยา,Chaiya,สุราษฎร์ธานี,Surat Thani,9.386509,99.200582
84070000,ท่าชนะ,Tha Chana,สุราษฎร์ธานี,Surat Thani,9.572303,99.164923
84080000,คีรีรัฐนิคม,Khiri Rat Nikhom,สุราษฎร์ธานี,Surat Thani,9.030152,98.952871
84090000,บ้านตาขุน,Ban Ta Khun,สุราษฎร์ธานี,Surat Thani,8.903996,98.884476
84100000,พนม,Phanom,สุราษฎร์ธานี,Surat Thani,8.855366,98.812536
84110000,ท่าฉาง,Tha Chang,สุราษฎร์ธานี,Surat Thani,9.280998,99.200352
84120000,บ้านนาสาร,Ban Na San,สุราษฎร์ธานี,Surat Thani,8.800681,99.364082
84130000,บ้านนาเดิม,Ban Na Doem,สุราษฎร์ธานี,Surat Thani,8.884305,99.31046
84140000,เคียนซา,Khian Sa,สุราษฎร์ธานี,Surat Thani,8.840968,99.194163
84150000,เวียงสระ,Wiang Sa,สุราษฎร์ธานี,Surat Thani,8.629989,99.342924
84160000,พระแสง,Phrasaeng,สุราษฎร์ธานี,Surat Thani,8.568265,99.247637
84170000,พุนพิน,Phunphin,สุราษฎร์ธานี,Surat Thani,9.110799,99.231619
84180000,ชัยบุรี,Chai Buri,สุราษฎร์ธานี,Surat Thani,8.463787,99.075456
84190000,วิภาวดี,Chai Buri,สุราษฎร์ธานี,Surat Thani,9.238965,98.978502
85010000,เมืองระนอง,Mueang Ranong,ระนอง,Ranong,9.956735,98.637618
85020000,ละอุ่น,La-un,ระนอง,Ranong,10.115361,98.750436
85030000,กะเปอร์,Papoe,ระนอง,Ranong,9.585244,98.596056
85040000,กระบุรี,Kra Buri,ระนอง,Ranong,10.431559,98.788237
85050000,สุขสำราญ,Suk Samran,ระนอง,Ranong,9.344677,98.429456
86010000,เมืองชุมพร,Mueang Chumphon,ชุมพร,Chumphon,10.492785,99.179151
86020000,ท่าแซะ,Tha Sae,ชุมพร,Chumphon,10.66458,99.172758
86030000,ปะทิว,Pathio,ชุมพร,Chumphon,10.709365,99.318677
86040000,หลังสวน,Lang Suan,ชุมพร,Chumphon,9.945493,99.078627
86050000,ละแม,Lamae,ชุมพร,Chumphon,9.767947,99.092183
86060000,พะโต๊ะ,Phato,ชุมพร,Chumphon,9.790839,98.776981
86070000,สวี,Sawi,ชุมพร,Chumphon,10.253026,99.094401
86080000,ทุ่งตะโก,Thung Tako,ชุมพร,Chumphon,10.110545,99.08254
90010000,เมืองสงขลา,Muaeng Songkhla,สงขลา,Songkhla,7.207599,100.596569
90020000,สทิงพระ,Sathing Phra,สงขลา,Songkhla,7.472734,100.438958
90030000,จะนะ,Chana,สงขลา,Songkhla,6.915059,100.739095
90040000,นาทวี,Na Thawi,สงขลา,Songkhla,6.741695,100.692101
90050000,เทพา,Thepha,สงขลา,Songkhla,6.828897,100.964736
90060000,สะบ้าย้อย,Saba Yoi,สงขลา,Songkhla,6.626137,100.949037
90070000,ระโนด,Ranot,สงขลา,Songkhla,7.768794,100.323757
90080000,กระแสสินธุ์,Krasae Sin,สงขลา,Songkhla,7.617913,100.328944
90090000,รัตภูมิ,Rattaphum,สงขลา,Songkhla,7.134808,100.256465
90100000,สะเดา,Sadao,สงขลา,Songkhla,6.63856,100.423732
90110000,หาดใหญ่,Hat Yai,สงขลา,Songkhla,7.002075,100.45715
90120000,นาหม่อม,Na Mom,สงขลา,Songkhla,6.958495,100.557075
90130000,ควนเนียง,Khuan Niang,สงขลา,Songkhla,7.186987,100.357897
90140000,บางกล่ำ,Bang Klam,สงขลา,Songkhla,7.089346,100.410773
90150000,สิงหนคร,Singhanakhon,สงขลา,Songkhla,7.238344,100.552908
90160000,คลองหอยโข่ง,Khlong Hoi Khong,สงขลา,Songkhla,6.899198,100.388716
91010000,เมืองสตูล,Mueang Satun,สตูล,Satun,6.650286,100.085349
91020000,ควนโดน,Khuan Don,สตูล,Satun,6.787828,100.077249
91030000,ควนกาหลง,Khuan Kalong,สตูล,Satun,6.853722,100.058104
91040000,ท่าแพ,Tha Phae,สตูล,Satun,6.789795,99.97006
91050000,ละงู,La-ngu,สตูล,Satun,6.863946,99.802489
91060000,ทุ่งหว้า,Thung  Wa,สตูล,Satun,7.090142,99.767834
91070000,มะนัง,Manang,สตูล,Satun,6.998596,99.921652
92010000,เมืองตรัง,Mueang Trang,ตรัง,Trang,7.557946,99.609761
92020000,กันตัง,Kantang,ตรัง,Trang,7.405185,99.515027
92030000,ย่านตาขาว,Yan Ta Khao,ตรัง,Trang,7.385836,99.667188
92040000,ปะเหลียน,Palian,ตรัง,Trang,7.17232,99.685808
92050000,สิเกา,Sikao,ตรัง,Trang,7.571029,99.34528
92060000,ห้วยยอด,Huai Yot,ตรัง,Trang,7.788867,99.634618
92070000,วังวิเศษ,Wang Wiset,ตรัง,Trang,7.735921,99.392946
92080000,นาโยง,Na Yong,ตรัง,Trang,7.561651,99.694958
92090000,รัษฎา,Ratsada,ตรัง,Trang,7.97472,99.633211
92100000,หาดสำราญ,Hat Samran,ตรัง,Trang,7.239887,99.576718
93010000,เมืองพัทลุง,Mueang Phatthalung,พัทลุง,Phatthalung,7.61916,100.072972
93020000,กงหรา,Kong Ra,พัทลุง,Phatthalung,7.402979,99.949828
93030000,เขาชัยสน,Khao Chaison,พัทลุง,Phatthalung,7.460981,100.133932
93040000,ตะโหมด,Tamot,พัทลุง,Phatthalung,7.339524,100.111145
93050000,ควนขนุน,Khuan Khanun,พัทลุง,Phatthalung,7.735247,100.010232
93060000,ปากพะยูน,Pak Phayun,พัทลุง,Phatthalung,7.34226,100.317253
93070000,ศรีบรรพต,Si Banphot,พัทลุง,Phatthalung,7.719301,99.882581
93080000,ป่าบอน,Pa Bon,พัทลุง,Phatthalung,7.26976,100.17036
93090000,บางแก้ว,Bang Kaeo,พัทลุง,Phatthalung,7.429571,100.177961
93100000,ป่าพยอม,Pa Phayom,พัทลุง,Phatthalung,7.840228,99.917749
93110000,ศรีนครินทร์,Srinagarindra,พัทลุง,Phatthalung,7.569876,99.943304
94010000,เมืองปัตตานี,Mueang Pattani,ปัตตานี,Pattani,6.868793,101.250212
94020000,โคกโพธิ์,Khok Pho,ปัตตานี,Pattani,6.729931,101.096198
94030000,หนองจิก,Nong Chik,ปัตตานี,Pattani,6.844309,101.178704
94040000,ปะนาเระ,Panare,ปัตตานี,Pattani,6.860296,101.490942
94050000,มายอ,Mayo,ปัตตานี,Pattani,6.718668,101.410077
94060000,ทุ่งยางแดง,Thung Yang Daeng,ปัตตานี,Pattani,6.61638,101.425521
94070000,สายบุรี,Sai Buri,ปัตตานี,Pattani,6.701367,101.617444
94080000,ไม้แก่น,Mai Kaen,ปัตตานี,Pattani,6.610122,101.667195
94090000,ยะหริ่ง,Yaring,ปัตตานี,Pattani,6.866137,101.369276
94100000,ยะรัง,Yarang,ปัตตานี,Pattani,6.760079,101.293703
94110000,กะพ้อ,Kapho,ปัตตานี,Pattani,6.559395,101.534526
94120000,แม่ลาน,Mae Lan,ปัตตานี,Pattani,6.660883,101.2398
95010000,เมืองยะลา,Mueang Yala,ยะลา,Yala,6.541713,101.281442
95020000,เบตง,Betong,ยะลา,Yala,5.773546,101.06047
95030000,บันนังสตา,Bannang Sata,ยะลา,Yala,6.266145,101.265129
95040000,ธารโต,Than To,ยะลา,Yala,6.167392,101.179541
95050000,ยะหา,Yaha,ยะลา,Yala,6.478297,101.134821
95060000,รามัน,Raman,ยะลา,Yala,6.478623,101.424294
95070000,กาบัง,Kabang,ยะลา,Yala,6.478616,101.424266
95080000,กรงปีนัง,Krong Pinang,ยะลา,Yala,6.411092,101.273354
96010000,เมืองนราธิวาส,Mueang Narathiwat,นราธิวาส,Narathiwat,6.425175,101.823515
96020000,ตากใบ,Tak Bai,นราธิวาส,Narathiwat,6.259053,102.055139
96030000,บาเจาะ,Tak Bai,นราธิวาส,Narathiwat,6.517122,101.652119
96040000,ยี่งอ,Yi-ngo,นราธิวาส,Narathiwat,6.403024,101.70652
96050000,ระแงะ,Ra-ngae,นราธิวาส,Narathiwat,6.296453,101.72876
96060000,รือเสาะ,Rueso,นราธิวาส,Narathiwat,6.3947,101.518329
96070000,ศรีสาคร,Si Sakhon,นราธิวาส,Narathiwat,6.230242,101.499608
96080000,แว้ง,Waeng,นราธิวาส,Narathiwat,5.928195,101.883545
96090000,สุคิริน,Sukhirin,นราธิวาส,Narathiwat,5.939935,101.77135
96100000,สุไหงโก-ลก,Su-ngai Kolok,นราธิวาส,Narathiwat,6.029326,101.96629
96110000,สุไหงปาดี,Su-ngai Padi,นราธิวาส,Narathiwat,6.085247,101.879963
96120000,จะแนะ,Chanae,นราธิวาส,Narathiwat,6.098989,101.693267
96130000,เจาะไอร้อง,Cho-airong,นราธิวาส,Narathiwat,6.225382,101.811457