,original,destination,original address,destination address,distance,time
0,บุรีรัมย์,มหาสารคาม,"['234/6 Chira 13 Alley, Tambon Nai Mueang, Amphoe Mueang Buri Ram, Chang Wat Buri Ram 31000, Thailand']","['58M2+MM3, Talat, Mueang Maha Sarakham District, Maha Sarakham 44000, Thailand']",153 km,2 hours 16 mins
1,สุรินทร์,บุรีรัมย์,"['ที่ว่าการ อำเภอ เมือง สุรินทร์, VFJR+VWW ถนน กรุงศรีนอก ตำบล ในเมือง อำเภอเมืองสุรินทร์ สุรินทร์ 32000, Thailand']","['234/6 Chira 13 Alley, Tambon Nai Mueang, Amphoe Mueang Buri Ram, Chang Wat Buri Ram 31000, Thailand']",53.2 km,55 mins
2,สุรินทร์,ศรีสะเกษ,"['ที่ว่าการ อำเภอ เมือง สุรินทร์, VFJR+VWW ถนน กรุงศรีนอก ตำบล ในเมือง อำเภอเมืองสุรินทร์ สุรินทร์ 32000, Thailand']","['เลขที่ 278 ชุมชนกุดหวาย เทศบาลเมืองศรีสะเกษ, ตำบลศรีเกษ อำเภอเมืองศรีสะเกษ จังหวัดศรีสะเกษ, 33000 Tambon Mueang Nuea, Amphoe Mueang Si Sa Ket, Chang Wat Si Sa Ket 33000, Thailand']",106 km,1 hour 39 mins
3,สุรินทร์,มหาสารคาม,"['ที่ว่าการ อำเภอ เมือง สุรินทร์, VFJR+VWW ถนน กรุงศรีนอก ตำบล ในเมือง อำเภอเมืองสุรินทร์ สุรินทร์ 32000, Thailand']","['58M2+MM3, Talat, Mueang Maha Sarakham District, Maha Sarakham 44000, Thailand']",176 km,2 hours 42 mins
4,สุรินทร์,ร้อยเอ็ด,"['ที่ว่าการ อำเภอ เมือง สุรินทร์, VFJR+VWW ถนน กรุงศรีนอก ตำบล ในเมือง อำเภอเมืองสุรินทร์ สุรินทร์ 32000, Thailand']","['3M33+7V6, Nai Mueang, Mueang Roi Et District, Roi Et 45000, Thailand']",146 km,2 hours 11 mins
5,ศรีสะเกษ,สุรินทร์,"['เลขที่ 278 ชุมชนกุดหวาย เทศบาลเมืองศรีสะเกษ, ตำบลศรีเกษ อำเภอเมืองศรีสะเกษ จังหวัดศรีสะเกษ, 33000 Tambon Mueang Nuea, Amphoe Mueang Si Sa Ket, Chang Wat Si Sa Ket 33000, Thailand']","['ที่ว่าการ อำเภอ เมือง สุรินทร์, VFJR+VWW ถนน กรุงศรีนอก ตำบล ในเมือง อำเภอเมืองสุรินทร์ สุรินทร์ 32000, Thailand']",105 km,1 hour 38 mins
6,ศรีสะเกษ,อุบลราชธานี,"['เลขที่ 278 ชุมชนกุดหวาย เทศบาลเมืองศรีสะเกษ, ตำบลศรีเกษ อำเภอเมืองศรีสะเกษ จังหวัดศรีสะเกษ, 33000 Tambon Mueang Nuea, Amphoe Mueang Si Sa Ket, Chang Wat Si Sa Ket 33000, Thailand']","['165 Srinarong, Amphoe Mueang Ubon Ratchathani, Chang Wat Ubon Ratchathani 34000, Thailand']",64.1 km,1 hour 6 mins
7,ศรีสะเกษ,ยโสธร,"['เลขที่ 278 ชุมชนกุดหวาย เทศบาลเมืองศรีสะเกษ, ตำบลศรีเกษ อำเภอเมืองศรีสะเกษ จังหวัดศรีสะเกษ, 33000 Tambon Mueang Nuea, Amphoe Mueang Si Sa Ket, Chang Wat Si Sa Ket 33000, Thailand']","['ที่ว่าการ Chaeng Sanit Rd, Tambon Nai Mueang, Amphoe Mueang Yasothon, Chang Wat Yasothon 35000, Thailand']",104 km,1 hour 38 mins
8,ศรีสะเกษ,ร้อยเอ็ด,"['เลขที่ 278 ชุมชนกุดหวาย เทศบาลเมืองศรีสะเกษ, ตำบลศรีเกษ อำเภอเมืองศรีสะเกษ จังหวัดศรีสะเกษ, 33000 Tambon Mueang Nuea, Amphoe Mueang Si Sa Ket, Chang Wat Si Sa Ket 33000, Thailand']","['3M33+7V6, Nai Mueang, Mueang Roi Et District, Roi Et 45000, Thailand']",147 km,2 hours 12 mins
9,อุบลราชธานี,ศรีสะเกษ,"['165 Srinarong, Amphoe Mueang Ubon Ratchathani, Chang Wat Ubon Ratchathani 34000, Thailand']","['เลขที่ 278 ชุมชนกุดหวาย เทศบาลเมืองศรีสะเกษ, ตำบลศรีเกษ อำเภอเมืองศรีสะเกษ จังหวัดศรีสะเกษ, 33000 Tambon Mueang Nuea, Amphoe Mueang Si Sa Ket, Chang Wat Si Sa Ket 33000, Thailand']",65.8 km,1 hour 9 mins
10,อุบลราชธานี,ยโสธร,"['165 Srinarong, Amphoe Mueang Ubon Ratchathani, Chang Wat Ubon Ratchathani 34000, Thailand']","['ที่ว่าการ Chaeng Sanit Rd, Tambon Nai Mueang, Amphoe Mueang Yasothon, Chang Wat Yasothon 35000, Thailand']",104 km,1 hour 32 mins
11,อุบลราชธานี,อำนาจเจริญ,"['165 Srinarong, Amphoe Mueang Ubon Ratchathani, Chang Wat Ubon Ratchathani 34000, Thailand']","['VJ5H+8PV ถนนชยางกูร Tambon Bung, Amphoe Mueang Amnat Charoen, Chang Wat Amnat Charoen 37000, Thailand']",77.9 km,1 hour 15 mins
12,ยโสธร,ศรีสะเกษ,"['ที่ว่าการ Chaeng Sanit Rd, Tambon Nai Mueang, Amphoe Mueang Yasothon, Chang Wat Yasothon 35000, Thailand']","['เลขที่ 278 ชุมชนกุดหวาย เทศบาลเมืองศรีสะเกษ, ตำบลศรีเกษ อำเภอเมืองศรีสะเกษ จังหวัดศรีสะเกษ, 33000 Tambon Mueang Nuea, Amphoe Mueang Si Sa Ket, Chang Wat Si Sa Ket 33000, Thailand']",99.3 km,1 hour 36 mins
13,ยโสธร,อุบลราชธานี,"['ที่ว่าการ Chaeng Sanit Rd, Tambon Nai Mueang, Amphoe Mueang Yasothon, Chang Wat Yasothon 35000, Thailand']","['165 Srinarong, Amphoe Mueang Ubon Ratchathani, Chang Wat Ubon Ratchathani 34000, Thailand']",104 km,1 hour 32 mins
14,ยโสธร,อำนาจเจริญ,"['ที่ว่าการ Chaeng Sanit Rd, Tambon Nai Mueang, Amphoe Mueang Yasothon, Chang Wat Yasothon 35000, Thailand']","['VJ5H+8PV ถนนชยางกูร Tambon Bung, Amphoe Mueang Amnat Charoen, Chang Wat Amnat Charoen 37000, Thailand']",57.5 km,54 mins
15,ยโสธร,ร้อยเอ็ด,"['ที่ว่าการ Chaeng Sanit Rd, Tambon Nai Mueang, Amphoe Mueang Yasothon, Chang Wat Yasothon 35000, Thailand']","['3M33+7V6, Nai Mueang, Mueang Roi Et District, Roi Et 45000, Thailand']",67.3 km,1 hour 0 mins
16,ยโสธร,มุกดาหาร,"['ที่ว่าการ Chaeng Sanit Rd, Tambon Nai Mueang, Amphoe Mueang Yasothon, Chang Wat Yasothon 35000, Thailand']","['GPQ7+7WG ถนน พิทักษ์พนมเขต Amphoe Mueang Mukdahan, Chang Wat Mukdahan 49000, Thailand']",114 km,1 hour 49 mins
17,ชัยภูมิ,ลพบุรี,"['อาคารที่ว่าการอำเภอเมืองชัยภูมิ, ถนนองค์การ สาย 2, ตำบลในเมือง อำเภอเมืองชัยภูมิ จังหวัดชัยภูมิ, 36000 Tambon Nai Mueang, Amphoe Mueang Chaiyaphum, Chang Wat Chaiyaphum 36000, Thailand']","['อาคารที่ว่าการอำเภอเมืองลพบุรี, ถนนนารายณ์มหาราช, ตำบลทะเลชุบศร อำเภอเมืองลพบุรี จังหวัดลพบุรี, 15000 Tambon Tha Hin, Amphoe Mueang Lop Buri, Chang Wat Lopburi 15000, Thailand']",229 km,3 hours 26 mins
18,ชัยภูมิ,นครราชสีมา,"['อาคารที่ว่าการอำเภอเมืองชัยภูมิ, ถนนองค์การ สาย 2, ตำบลในเมือง อำเภอเมืองชัยภูมิ จังหวัดชัยภูมิ, 36000 Tambon Nai Mueang, Amphoe Mueang Chaiyaphum, Chang Wat Chaiyaphum 36000, Thailand']","['X3CX+FVW, San-Prasit Rd, Tambon Nai Mueang, Amphoe Mueang Nakhon Ratchasima, Chang Wat Nakhon Ratchasima 30000, Thailand']",110 km,1 hour 56 mins
19,ชัยภูมิ,ขอนแก่น,"['อาคารที่ว่าการอำเภอเมืองชัยภูมิ, ถนนองค์การ สาย 2, ตำบลในเมือง อำเภอเมืองชัยภูมิ จังหวัดชัยภูมิ, 36000 Tambon Nai Mueang, Amphoe Mueang Chaiyaphum, Chang Wat Chaiyaphum 36000, Thailand']","['40000 Tambon Nai Mueang, Amphoe Mueang Khon Kaen, Chang Wat Khon Kaen 40000, Thailand']",126 km,1 hour 58 mins
20,ชัยภูมิ,เพชรบูรณ์,"['อาคารที่ว่าการอำเภอเมืองชัยภูมิ, ถนนองค์การ สาย 2, ตำบลในเมือง อำเภอเมืองชัยภูมิ จังหวัดชัยภูมิ, 36000 Tambon Nai Mueang, Amphoe Mueang Chaiyaphum, Chang Wat Chaiyaphum 36000, Thailand']","['C4VX+5MW, Sadiang, Mueang Phetchabun District, Phetchabun 67000, Thailand']",202 km,3 hours 17 mins
21,อำนาจเจริญ,อุบลราชธานี,"['VJ5H+8PV ถนนชยางกูร Tambon Bung, Amphoe Mueang Amnat Charoen, Chang Wat Amnat Charoen 37000, Thailand']","['165 Srinarong, Amphoe Mueang Ubon Ratchathani, Chang Wat Ubon Ratchathani 34000, Thailand']",76.4 km,1 hour 13 mins
22,อำนาจเจริญ,ยโสธร,"['VJ5H+8PV ถนนชยางกูร Tambon Bung, Amphoe Mueang Amnat Charoen, Chang Wat Amnat Charoen 37000, Thailand']","['ที่ว่าการ Chaeng Sanit Rd, Tambon Nai Mueang, Amphoe Mueang Yasothon, Chang Wat Yasothon 35000, Thailand']",62.0 km,1 hour 7 mins
23,อำนาจเจริญ,มุกดาหาร,"['VJ5H+8PV ถนนชยางกูร Tambon Bung, Amphoe Mueang Amnat Charoen, Chang Wat Amnat Charoen 37000, Thailand']","['GPQ7+7WG ถนน พิทักษ์พนมเขต Amphoe Mueang Mukdahan, Chang Wat Mukdahan 49000, Thailand']",89.7 km,1 hour 21 mins
24,บึงกาฬ,หนองคาย,"['9M53+945 ถนนบึงกาฬ-นครพนม Amphoe Mueang Bueng Kan, Chang Wat Bueng Kan 38000, Thailand']","['VPJR+346, Nai Mueang, Mueang Nong Khai District, Nong Khai 43000, Thailand']",138 km,1 hour 58 mins
25,บึงกาฬ,สกลนคร,"['9M53+945 ถนนบึงกาฬ-นครพนม Amphoe Mueang Bueng Kan, Chang Wat Bueng Kan 38000, Thailand']","['อาคารที่ว่าการ 544M+8H4, Ratchakan Alley, Tambon That Na Weng, Amphoe Mueang Sakon Nakhon, Chang Wat Sakon Nakhon 47000, Thailand']",179 km,2 hours 53 mins
26,บึงกาฬ,นครพนม,"['9M53+945 ถนนบึงกาฬ-นครพนม Amphoe Mueang Bueng Kan, Chang Wat Bueng Kan 38000, Thailand']","['9Q86+V8M, Nong Yat, Mueang Nakhon Phanom District, Nakhon Phanom 48000, Thailand']",184 km,2 hours 31 mins
27,หนองบัวลำภู,ขอนแก่น,"['6C3V+JCP, 129 Annaloyo St, Tambon Nong Bua, Amphoe Mueang Nong Bua Lam Phu, Chang Wat Nong Bua Lam Phu 39000, Thailand']","['40000 Tambon Nai Mueang, Amphoe Mueang Khon Kaen, Chang Wat Khon Kaen 40000, Thailand']",113 km,1 hour 52 mins
28,หนองบัวลำภู,อุดรธานี,"['6C3V+JCP, 129 Annaloyo St, Tambon Nong Bua, Amphoe Mueang Nong Bua Lam Phu, Chang Wat Nong Bua Lam Phu 39000, Thailand']","['CQ8P+4CX, Mukkha Montri, Tambon Mak Khaeng, Amphoe Mueang Udon Thani, Chang Wat Udon Thani 41000, Thailand']",47.6 km,51 mins
29,หนองบัวลำภู,เลย,"['6C3V+JCP, 129 Annaloyo St, Tambon Nong Bua, Amphoe Mueang Nong Bua Lam Phu, Chang Wat Nong Bua Lam Phu 39000, Thailand']","['FPQ9+5QC, Kut Pong, Mueang Loei District, Loei 42000, Thailand']",102 km,1 hour 35 mins
30,ขอนแก่น,นครราชสีมา,"['40000 Tambon Nai Mueang, Amphoe Mueang Khon Kaen, Chang Wat Khon Kaen 40000, Thailand']","['X3CX+FVW, San-Prasit Rd, Tambon Nai Mueang, Amphoe Mueang Nakhon Ratchasima, Chang Wat Nakhon Ratchasima 30000, Thailand']",194 km,2 hours 58 mins
31,ขอนแก่น,บุรีรัมย์,"['40000 Tambon Nai Mueang, Amphoe Mueang Khon Kaen, Chang Wat Khon Kaen 40000, Thailand']","['234/6 Chira 13 Alley, Tambon Nai Mueang, Amphoe Mueang Buri Ram, Chang Wat Buri Ram 31000, Thailand']",196 km,3 hours 4 mins
32,ขอนแก่น,ชัยภูมิ,"['40000 Tambon Nai Mueang, Amphoe Mueang Khon Kaen, Chang Wat Khon Kaen 40000, Thailand']","['อาคารที่ว่าการอำเภอเมืองชัยภูมิ, ถนนองค์การ สาย 2, ตำบลในเมือง อำเภอเมืองชัยภูมิ จังหวัดชัยภูมิ, 36000 Tambon Nai Mueang, Amphoe Mueang Chaiyaphum, Chang Wat Chaiyaphum 36000, Thailand']",126 km,1 hour 59 mins
33,ขอนแก่น,หนองบัวลำภู,"['40000 Tambon Nai Mueang, Amphoe Mueang Khon Kaen, Chang Wat Khon Kaen 40000, Thailand']","['6C3V+JCP, 129 Annaloyo St, Tambon Nong Bua, Amphoe Mueang Nong Bua Lam Phu, Chang Wat Nong Bua Lam Phu 39000, Thailand']",113 km,1 hour 55 mins
34,ขอนแก่น,อุดรธานี,"['40000 Tambon Nai Mueang, Amphoe Mueang Khon Kaen, Chang Wat Khon Kaen 40000, Thailand']","['CQ8P+4CX, Mukkha Montri, Tambon Mak Khaeng, Amphoe Mueang Udon Thani, Chang Wat Udon Thani 41000, Thailand']",121 km,1 hour 54 mins
35,ขอนแก่น,เลย,"['40000 Tambon Nai Mueang, Amphoe Mueang Khon Kaen, Chang Wat Khon Kaen 40000, Thailand']","['FPQ9+5QC, Kut Pong, Mueang Loei District, Loei 42000, Thailand']",208 km,3 hours 10 mins
36,ขอนแก่น,มหาสารคาม,"['40000 Tambon Nai Mueang, Amphoe Mueang Khon Kaen, Chang Wat Khon Kaen 40000, Thailand']","['58M2+MM3, Talat, Mueang Maha Sarakham District, Maha Sarakham 44000, Thailand']",77.7 km,1 hour 17 mins
37,ขอนแก่น,กาฬสินธุ์,"['40000 Tambon Nai Mueang, Amphoe Mueang Khon Kaen, Chang Wat Khon Kaen 40000, Thailand']","['CGVM+3MM, Phangmuang Rd, Tambon Nuea, Amphoe Mueang Kalasin, Chang Wat Kalasin 46000, Thailand']",82.4 km,1 hour 18 mins
38,ขอนแก่น,เพชรบูรณ์,"['40000 Tambon Nai Mueang, Amphoe Mueang Khon Kaen, Chang Wat Khon Kaen 40000, Thailand']","['C4VX+5MW, Sadiang, Mueang Phetchabun District, Phetchabun 67000, Thailand']",235 km,3 hours 30 mins
39,อุดรธานี,หนองบัวลำภู,"['CQ8P+4CX, Mukkha Montri, Tambon Mak Khaeng, Amphoe Mueang Udon Thani, Chang Wat Udon Thani 41000, Thailand']","['6C3V+JCP, 129 Annaloyo St, Tambon Nong Bua, Amphoe Mueang Nong Bua Lam Phu, Chang Wat Nong Bua Lam Phu 39000, Thailand']",47.4 km,50 mins
40,อุดรธานี,ขอนแก่น,"['CQ8P+4CX, Mukkha Montri, Tambon Mak Khaeng, Amphoe Mueang Udon Thani, Chang Wat Udon Thani 41000, Thailand']","['40000 Tambon Nai Mueang, Amphoe Mueang Khon Kaen, Chang Wat Khon Kaen 40000, Thailand']",120 km,1 hour 52 mins
41,อุดรธานี,เลย,"['CQ8P+4CX, Mukkha Montri, Tambon Mak Khaeng, Amphoe Mueang Udon Thani, Chang Wat Udon Thani 41000, Thailand']","['FPQ9+5QC, Kut Pong, Mueang Loei District, Loei 42000, Thailand']",148 km,2 hours 22 mins
42,อุดรธานี,หนองคาย,"['CQ8P+4CX, Mukkha Montri, Tambon Mak Khaeng, Amphoe Mueang Udon Thani, Chang Wat Udon Thani 41000, Thailand']","['VPJR+346, Nai Mueang, Mueang Nong Khai District, Nong Khai 43000, Thailand']",53.5 km,49 mins
43,อุดรธานี,กาฬสินธุ์,"['CQ8P+4CX, Mukkha Montri, Tambon Mak Khaeng, Amphoe Mueang Udon Thani, Chang Wat Udon Thani 41000, Thailand']","['CGVM+3MM, Phangmuang Rd, Tambon Nuea, Amphoe Mueang Kalasin, Chang Wat Kalasin 46000, Thailand']",165 km,2 hours 46 mins
44,อุดรธานี,สกลนคร,"['CQ8P+4CX, Mukkha Montri, Tambon Mak Khaeng, Amphoe Mueang Udon Thani, Chang Wat Udon Thani 41000, Thailand']","['อาคารที่ว่าการ 544M+8H4, Ratchakan Alley, Tambon That Na Weng, Amphoe Mueang Sakon Nakhon, Chang Wat Sakon Nakhon 47000, Thailand']",163 km,2 hours 32 mins
45,เลย,หนองบัวลำภู,"['FPQ9+5QC, Kut Pong, Mueang Loei District, Loei 42000, Thailand']","['6C3V+JCP, 129 Annaloyo St, Tambon Nong Bua, Amphoe Mueang Nong Bua Lam Phu, Chang Wat Nong Bua Lam Phu 39000, Thailand']",102 km,1 hour 35 mins
46,เลย,ขอนแก่น,"['FPQ9+5QC, Kut Pong, Mueang Loei District, Loei 42000, Thailand']","['40000 Tambon Nai Mueang, Amphoe Mueang Khon Kaen, Chang Wat Khon Kaen 40000, Thailand']",207 km,3 hours 11 mins
47,เลย,อุดรธานี,"['FPQ9+5QC, Kut Pong, Mueang Loei District, Loei 42000, Thailand']","['CQ8P+4CX, Mukkha Montri, Tambon Mak Khaeng, Amphoe Mueang Udon Thani, Chang Wat Udon Thani 41000, Thailand']",149 km,2 hours 21 mins
48,เลย,หนองคาย,"['FPQ9+5QC, Kut Pong, Mueang Loei District, Loei 42000, Thailand']","['VPJR+346, Nai Mueang, Mueang Nong Khai District, Nong Khai 43000, Thailand']",182 km,3 hours 1 min
49,เลย,พิษณุโลก,"['FPQ9+5QC, Kut Pong, Mueang Loei District, Loei 42000, Thailand']","['7, Ban Khlong, อำเภอเมือง Chang Wat Phitsanulok 65000, Thailand']",228 km,3 hours 25 mins
50,เลย,เพชรบูรณ์,"['FPQ9+5QC, Kut Pong, Mueang Loei District, Loei 42000, Thailand']","['C4VX+5MW, Sadiang, Mueang Phetchabun District, Phetchabun 67000, Thailand']",190 km,2 hours 57 mins
51,หนองคาย,บึงกาฬ,"['VPJR+346, Nai Mueang, Mueang Nong Khai District, Nong Khai 43000, Thailand']","['9M53+945 ถนนบึงกาฬ-นครพนม Amphoe Mueang Bueng Kan, Chang Wat Bueng Kan 38000, Thailand']",137 km,1 hour 56 mins
52,หนองคาย,อุดรธานี,"['VPJR+346, Nai Mueang, Mueang Nong Khai District, Nong Khai 43000, Thailand']","['CQ8P+4CX, Mukkha Montri, Tambon Mak Khaeng, Amphoe Mueang Udon Thani, Chang Wat Udon Thani 41000, Thailand']",54.0 km,52 mins
53,หนองคาย,เลย,"['VPJR+346, Nai Mueang, Mueang Nong Khai District, Nong Khai 43000, Thailand']","['FPQ9+5QC, Kut Pong, Mueang Loei District, Loei 42000, Thailand']",181 km,2 hours 59 mins
54,หนองคาย,สกลนคร,"['VPJR+346, Nai Mueang, Mueang Nong Khai District, Nong Khai 43000, Thailand']","['อาคารที่ว่าการ 544M+8H4, Ratchakan Alley, Tambon That Na Weng, Amphoe Mueang Sakon Nakhon, Chang Wat Sakon Nakhon 47000, Thailand']",216 km,3 hours 14 mins
55,มหาสารคาม,บุรีรัมย์,"['58M2+MM3, Talat, Mueang Maha Sarakham District, Maha Sarakham 44000, Thailand']","['234/6 Chira 13 Alley, Tambon Nai Mueang, Amphoe Mueang Buri Ram, Chang Wat Buri Ram 31000, Thailand']",154 km,2 hours 24 mins
56,มหาสารคาม,สุรินทร์,"['58M2+MM3, Talat, Mueang Maha Sarakham District, Maha Sarakham 44000, Thailand']","['ที่ว่าการ อำเภอ เมือง สุรินทร์, VFJR+VWW ถนน กรุงศรีนอก ตำบล ในเมือง อำเภอเมืองสุรินทร์ สุรินทร์ 32000, Thailand']",173 km,2 hours 43 mins
57,มหาสารคาม,ขอนแก่น,"['58M2+MM3, Talat, Mueang Maha Sarakham District, Maha Sarakham 44000, Thailand']","['40000 Tambon Nai Mueang, Amphoe Mueang Khon Kaen, Chang Wat Khon Kaen 40000, Thailand']",68.9 km,1 hour 16 mins
58,มหาสารคาม,ร้อยเอ็ด,"['58M2+MM3, Talat, Mueang Maha Sarakham District, Maha Sarakham 44000, Thailand']","['3M33+7V6, Nai Mueang, Mueang Roi Et District, Roi Et 45000, Thailand']",41.6 km,46 mins
59,มหาสารคาม,กาฬสินธุ์,"['58M2+MM3, Talat, Mueang Maha Sarakham District, Maha Sarakham 44000, Thailand']","['CGVM+3MM, Phangmuang Rd, Tambon Nuea, Amphoe Mueang Kalasin, Chang Wat Kalasin 46000, Thailand']",49.8 km,55 mins
60,ร้อยเอ็ด,สุรินทร์,"['3M33+7V6, Nai Mueang, Mueang Roi Et District, Roi Et 45000, Thailand']","['ที่ว่าการ อำเภอ เมือง สุรินทร์, VFJR+VWW ถนน กรุงศรีนอก ตำบล ในเมือง อำเภอเมืองสุรินทร์ สุรินทร์ 32000, Thailand']",145 km,2 hours 11 mins
61,ร้อยเอ็ด,ศรีสะเกษ,"['3M33+7V6, Nai Mueang, Mueang Roi Et District, Roi Et 45000, Thailand']","['เลขที่ 278 ชุมชนกุดหวาย เทศบาลเมืองศรีสะเกษ, ตำบลศรีเกษ อำเภอเมืองศรีสะเกษ จังหวัดศรีสะเกษ, 33000 Tambon Mueang Nuea, Amphoe Mueang Si Sa Ket, Chang Wat Si Sa Ket 33000, Thailand']",146 km,2 hours 11 mins
62,ร้อยเอ็ด,ยโสธร,"['3M33+7V6, Nai Mueang, Mueang Roi Et District, Roi Et 45000, Thailand']","['ที่ว่าการ Chaeng Sanit Rd, Tambon Nai Mueang, Amphoe Mueang Yasothon, Chang Wat Yasothon 35000, Thailand']",67.5 km,1 hour 1 min
63,ร้อยเอ็ด,มหาสารคาม,"['3M33+7V6, Nai Mueang, Mueang Roi Et District, Roi Et 45000, Thailand']","['58M2+MM3, Talat, Mueang Maha Sarakham District, Maha Sarakham 44000, Thailand']",41.3 km,46 mins
64,ร้อยเอ็ด,กาฬสินธุ์,"['3M33+7V6, Nai Mueang, Mueang Roi Et District, Roi Et 45000, Thailand']","['CGVM+3MM, Phangmuang Rd, Tambon Nuea, Amphoe Mueang Kalasin, Chang Wat Kalasin 46000, Thailand']",50.9 km,56 mins
65,ร้อยเอ็ด,มุกดาหาร,"['3M33+7V6, Nai Mueang, Mueang Roi Et District, Roi Et 45000, Thailand']","['GPQ7+7WG ถนน พิทักษ์พนมเขต Amphoe Mueang Mukdahan, Chang Wat Mukdahan 49000, Thailand']",153 km,2 hours 10 mins
66,กาฬสินธุ์,ขอนแก่น,"['CGVM+3MM, Phangmuang Rd, Tambon Nuea, Amphoe Mueang Kalasin, Chang Wat Kalasin 46000, Thailand']","['40000 Tambon Nai Mueang, Amphoe Mueang Khon Kaen, Chang Wat Khon Kaen 40000, Thailand']",83.6 km,1 hour 21 mins
67,กาฬสินธุ์,อุดรธานี,"['CGVM+3MM, Phangmuang Rd, Tambon Nuea, Amphoe Mueang Kalasin, Chang Wat Kalasin 46000, Thailand']","['CQ8P+4CX, Mukkha Montri, Tambon Mak Khaeng, Amphoe Mueang Udon Thani, Chang Wat Udon Thani 41000, Thailand']",166 km,2 hours 45 mins
68,กาฬสินธุ์,มหาสารคาม,"['CGVM+3MM, Phangmuang Rd, Tambon Nuea, Amphoe Mueang Kalasin, Chang Wat Kalasin 46000, Thailand']","['58M2+MM3, Talat, Mueang Maha Sarakham District, Maha Sarakham 44000, Thailand']",51.0 km,57 mins
69,กาฬสินธุ์,ร้อยเอ็ด,"['CGVM+3MM, Phangmuang Rd, Tambon Nuea, Amphoe Mueang Kalasin, Chang Wat Kalasin 46000, Thailand']","['3M33+7V6, Nai Mueang, Mueang Roi Et District, Roi Et 45000, Thailand']",52.0 km,58 mins
70,กาฬสินธุ์,สกลนคร,"['CGVM+3MM, Phangmuang Rd, Tambon Nuea, Amphoe Mueang Kalasin, Chang Wat Kalasin 46000, Thailand']","['อาคารที่ว่าการ 544M+8H4, Ratchakan Alley, Tambon That Na Weng, Amphoe Mueang Sakon Nakhon, Chang Wat Sakon Nakhon 47000, Thailand']",125 km,2 hours 3 mins
71,กาฬสินธุ์,มุกดาหาร,"['CGVM+3MM, Phangmuang Rd, Tambon Nuea, Amphoe Mueang Kalasin, Chang Wat Kalasin 46000, Thailand']","['GPQ7+7WG ถนน พิทักษ์พนมเขต Amphoe Mueang Mukdahan, Chang Wat Mukdahan 49000, Thailand']",143 km,1 hour 53 mins
72,สกลนคร,บึงกาฬ,"['อาคารที่ว่าการ 544M+8H4, Ratchakan Alley, Tambon That Na Weng, Amphoe Mueang Sakon Nakhon, Chang Wat Sakon Nakhon 47000, Thailand']","['9M53+945 ถนนบึงกาฬ-นครพนม Amphoe Mueang Bueng Kan, Chang Wat Bueng Kan 38000, Thailand']",184 km,2 hours 50 mins
73,สกลนคร,อุดรธานี,"['อาคารที่ว่าการ 544M+8H4, Ratchakan Alley, Tambon That Na Weng, Amphoe Mueang Sakon Nakhon, Chang Wat Sakon Nakhon 47000, Thailand']","['CQ8P+4CX, Mukkha Montri, Tambon Mak Khaeng, Amphoe Mueang Udon Thani, Chang Wat Udon Thani 41000, Thailand']",164 km,2 hours 29 mins
74,สกลนคร,หนองคาย,"['อาคารที่ว่าการ 544M+8H4, Ratchakan Alley, Tambon That Na Weng, Amphoe Mueang Sakon Nakhon, Chang Wat Sakon Nakhon 47000, Thailand']","['VPJR+346, Nai Mueang, Mueang Nong Khai District, Nong Khai 43000, Thailand']",216 km,3 hours 12 mins
75,สกลนคร,กาฬสินธุ์,"['อาคารที่ว่าการ 544M+8H4, Ratchakan Alley, Tambon That Na Weng, Amphoe Mueang Sakon Nakhon, Chang Wat Sakon Nakhon 47000, Thailand']","['CGVM+3MM, Phangmuang Rd, Tambon Nuea, Amphoe Mueang Kalasin, Chang Wat Kalasin 46000, Thailand']",126 km,2 hours 0 mins
76,สกลนคร,นครพนม,"['อาคารที่ว่าการ 544M+8H4, Ratchakan Alley, Tambon That Na Weng, Amphoe Mueang Sakon Nakhon, Chang Wat Sakon Nakhon 47000, Thailand']","['9Q86+V8M, Nong Yat, Mueang Nakhon Phanom District, Nakhon Phanom 48000, Thailand']",91.8 km,1 hour 22 mins
77,สกลนคร,มุกดาหาร,"['อาคารที่ว่าการ 544M+8H4, Ratchakan Alley, Tambon That Na Weng, Amphoe Mueang Sakon Nakhon, Chang Wat Sakon Nakhon 47000, Thailand']","['GPQ7+7WG ถนน พิทักษ์พนมเขต Amphoe Mueang Mukdahan, Chang Wat Mukdahan 49000, Thailand']",117 km,1 hour 47 mins
78,นครพนม,บึงกาฬ,"['9Q86+V8M, Nong Yat, Mueang Nakhon Phanom District, Nakhon Phanom 48000, Thailand']","['9M53+945 ถนนบึงกาฬ-นครพนม Amphoe Mueang Bueng Kan, Chang Wat Bueng Kan 38000, Thailand']",185 km,2 hours 33 mins
79,นครพนม,สกลนคร,"['9Q86+V8M, Nong Yat, Mueang Nakhon Phanom District, Nakhon Phanom 48000, Thailand']","['อาคารที่ว่าการ 544M+8H4, Ratchakan Alley, Tambon That Na Weng, Amphoe Mueang Sakon Nakhon, Chang Wat Sakon Nakhon 47000, Thailand']",91.4 km,1 hour 22 mins
80,นครพนม,มุกดาหาร,"['9Q86+V8M, Nong Yat, Mueang Nakhon Phanom District, Nakhon Phanom 48000, Thailand']","['GPQ7+7WG ถนน พิทักษ์พนมเขต Amphoe Mueang Mukdahan, Chang Wat Mukdahan 49000, Thailand']",107 km,1 hour 40 mins
81,มุกดาหาร,ยโสธร,"['GPQ7+7WG ถนน พิทักษ์พนมเขต Amphoe Mueang Mukdahan, Chang Wat Mukdahan 49000, Thailand']","['ที่ว่าการ Chaeng Sanit Rd, Tambon Nai Mueang, Amphoe Mueang Yasothon, Chang Wat Yasothon 35000, Thailand']",115 km,1 hour 48 mins
82,มุกดาหาร,อำนาจเจริญ,"['GPQ7+7WG ถนน พิทักษ์พนมเขต Amphoe Mueang Mukdahan, Chang Wat Mukdahan 49000, Thailand']","['VJ5H+8PV ถนนชยางกูร Tambon Bung, Amphoe Mueang Amnat Charoen, Chang Wat Amnat Charoen 37000, Thailand']",89.6 km,1 hour 20 mins
83,มุกดาหาร,ร้อยเอ็ด,"['GPQ7+7WG ถนน พิทักษ์พนมเขต Amphoe Mueang Mukdahan, Chang Wat Mukdahan 49000, Thailand']","['3M33+7V6, Nai Mueang, Mueang Roi Et District, Roi Et 45000, Thailand']",153 km,2 hours 10 mins
84,มุกดาหาร,กาฬสินธุ์,"['GPQ7+7WG ถนน พิทักษ์พนมเขต Amphoe Mueang Mukdahan, Chang Wat Mukdahan 49000, Thailand']","['CGVM+3MM, Phangmuang Rd, Tambon Nuea, Amphoe Mueang Kalasin, Chang Wat Kalasin 46000, Thailand']",145 km,1 hour 53 mins
85,มุกดาหาร,สกลนคร,"['GPQ7+7WG ถนน พิทักษ์พนมเขต Amphoe Mueang Mukdahan, Chang Wat Mukdahan 49000, Thailand']","['อาคารที่ว่าการ 544M+8H4, Ratchakan Alley, Tambon That Na Weng, Amphoe Mueang Sakon Nakhon, Chang Wat Sakon Nakhon 47000, Thailand']",117 km,1 hour 50 mins
86,มุกดาหาร,นครพนม,"['GPQ7+7WG ถนน พิทักษ์พนมเขต Amphoe Mueang Mukdahan, Chang Wat Mukdahan 49000, Thailand']","['9Q86+V8M, Nong Yat, Mueang Nakhon Phanom District, Nakhon Phanom 48000, Thailand']",108 km,1 hour 40 mins
87,เชียงใหม่,ลำพูน,"['99/9 Chotana Rd, Tambon Chang Phueak, Amphoe Mueang Chiang Mai, Chang Wat Chiang Mai 50300, Thailand']","['H2H9+69C, Wiang Yong, Mueang Lamphun District, Lamphun 51000, Thailand']",36.4 km,41 mins
88,เชียงใหม่,ลำปาง,"['99/9 Chotana Rd, Tambon Chang Phueak, Amphoe Mueang Chiang Mai, Chang Wat Chiang Mai 50300, Thailand']","['8 ถนนบุญวาทย์ Tambon Hua Wiang, Amphoe Mueang Lampang, Chang Wat Lampang 52000, Thailand']",107 km,1 hour 39 mins
89,เชียงใหม่,เชียงราย,"['99/9 Chotana Rd, Tambon Chang Phueak, Amphoe Mueang Chiang Mai, Chang Wat Chiang Mai 50300, Thailand']","['525 หมู่ที่ 6 Tambon Rim Kok, Amphoe Mueang Chiang Rai, Chang Wat Chiang Rai 57100, Thailand']",194 km,3 hours 5 mins
90,เชียงใหม่,แม่ฮ่องสอน,"['99/9 Chotana Rd, Tambon Chang Phueak, Amphoe Mueang Chiang Mai, Chang Wat Chiang Mai 50300, Thailand']","['อาคารที่ว่าการอำเภอเมืองแม่ฮ่องสอน, ถนนปางล้อนิคม, ตำบลจองคำ อำเภอเมืองแม่ฮ่องสอน จังหวัดแม่ฮ่องสอน, 58000 Tambon Pang Mu, Amphoe Mueang Mae Hong Son, Chang Wat Mae Hong Son 58000, Thailand']",230 km,4 hours 53 mins
91,เชียงใหม่,ตาก,"['99/9 Chotana Rd, Tambon Chang Phueak, Amphoe Mueang Chiang Mai, Chang Wat Chiang Mai 50300, Thailand']","['V4JF+HF3, Nong Luang, Mueang Tak District, Tak 63000, Thailand']",281 km,3 hours 37 mins
92,ลำพูน,เชียงใหม่,"['H2H9+69C, Wiang Yong, Mueang Lamphun District, Lamphun 51000, Thailand']","['99/9 Chotana Rd, Tambon Chang Phueak, Amphoe Mueang Chiang Mai, Chang Wat Chiang Mai 50300, Thailand']",37.7 km,38 mins
93,ลำพูน,ลำปาง,"['H2H9+69C, Wiang Yong, Mueang Lamphun District, Lamphun 51000, Thailand']","['8 ถนนบุญวาทย์ Tambon Hua Wiang, Amphoe Mueang Lampang, Chang Wat Lampang 52000, Thailand']",74.8 km,1 hour 8 mins
94,ลำพูน,ตาก,"['H2H9+69C, Wiang Yong, Mueang Lamphun District, Lamphun 51000, Thailand']","['V4JF+HF3, Nong Luang, Mueang Tak District, Tak 63000, Thailand']",248 km,3 hours 6 mins
95,ลำปาง,เชียงใหม่,"['8 ถนนบุญวาทย์ Tambon Hua Wiang, Amphoe Mueang Lampang, Chang Wat Lampang 52000, Thailand']","['99/9 Chotana Rd, Tambon Chang Phueak, Amphoe Mueang Chiang Mai, Chang Wat Chiang Mai 50300, Thailand']",107 km,1 hour 37 mins
96,ลำปาง,ลำพูน,"['8 ถนนบุญวาทย์ Tambon Hua Wiang, Amphoe Mueang Lampang, Chang Wat Lampang 52000, Thailand']","['H2H9+69C, Wiang Yong, Mueang Lamphun District, Lamphun 51000, Thailand']",75.3 km,1 hour 8 mins
97,ลำปาง,แพร่,"['8 ถนนบุญวาทย์ Tambon Hua Wiang, Amphoe Mueang Lampang, Chang Wat Lampang 52000, Thailand']","['ที่ว่าการอำเภอเมืองแพร่ ถนน 44WR+5GH, Chaiyabun Rd, Tambon Nai Wiang, Amphoe Mueang Phrae, Chang Wat Phrae 54000, Thailand']",102 km,1 hour 33 mins
98,ลำปาง,พะเยา,"['8 ถนนบุญวาทย์ Tambon Hua Wiang, Amphoe Mueang Lampang, Chang Wat Lampang 52000, Thailand']","['99 หมู่ 12, ตำบลจําป่าหวาย อำเภอเมือง จังหวัดพะเยา, 56000 Tambon Ban Tom, Amphoe Mueang Phayao, Chang Wat Phayao 56000, Thailand']",137 km,2 hours 4 mins
99,ลำปาง,เชียงราย,"['8 ถนนบุญวาทย์ Tambon Hua Wiang, Amphoe Mueang Lampang, Chang Wat Lampang 52000, Thailand']","['525 หมู่ที่ 6 Tambon Rim Kok, Amphoe Mueang Chiang Rai, Chang Wat Chiang Rai 57100, Thailand']",231 km,3 hours 28 mins
100,ลำปาง,ตาก,"['8 ถนนบุญวาทย์ Tambon Hua Wiang, Amphoe Mueang Lampang, Chang Wat Lampang 52000, Thailand']","['V4JF+HF3, Nong Luang, Mueang Tak District, Tak 63000, Thailand']",183 km,2 hours 19 mins
101,ลำปาง,สุโขทัย,"['8 ถนนบุญวาทย์ Tambon Hua Wiang, Amphoe Mueang Lampang, Chang Wat Lampang 52000, Thailand']","['2R5F+596, Thani, Mueang Sukhothai District, Sukhothai 64000, Thailand']",210 km,3 hours 1 min
102,อุตรดิตถ์,แพร่,"['J3GW+8Q6, Pracha Nimit Rd, Tambon Tha It, Amphoe Mueang Uttaradit, Chang Wat Uttaradit 53000, Thailand']","['ที่ว่าการอำเภอเมืองแพร่ ถนน 44WR+5GH, Chaiyabun Rd, Tambon Nai Wiang, Amphoe Mueang Phrae, Chang Wat Phrae 54000, Thailand']",75.3 km,1 hour 9 mins
103,อุตรดิตถ์,น่าน,"['J3GW+8Q6, Pracha Nimit Rd, Tambon Tha It, Amphoe Mueang Uttaradit, Chang Wat Uttaradit 53000, Thailand']","['45 ม.6, อ.เมือง จ.น่าน, 55000 Tambon Chaiyasathan, Amphoe Mueang Nan, Chang Wat Nan 55000, Thailand']",195 km,2 hours 50 mins
104,อุตรดิตถ์,สุโขทัย,"['J3GW+8Q6, Pracha Nimit Rd, Tambon Tha It, Amphoe Mueang Uttaradit, Chang Wat Uttaradit 53000, Thailand']","['2R5F+596, Thani, Mueang Sukhothai District, Sukhothai 64000, Thailand']",88.5 km,1 hour 28 mins
105,อุตรดิตถ์,พิษณุโลก,"['J3GW+8Q6, Pracha Nimit Rd, Tambon Tha It, Amphoe Mueang Uttaradit, Chang Wat Uttaradit 53000, Thailand']","['7, Ban Khlong, อำเภอเมือง Chang Wat Phitsanulok 65000, Thailand']",110 km,1 hour 32 mins
106,แพร่,ลำปาง,"['ที่ว่าการอำเภอเมืองแพร่ ถนน 44WR+5GH, Chaiyabun Rd, Tambon Nai Wiang, Amphoe Mueang Phrae, Chang Wat Phrae 54000, Thailand']","['8 ถนนบุญวาทย์ Tambon Hua Wiang, Amphoe Mueang Lampang, Chang Wat Lampang 52000, Thailand']",103 km,1 hour 34 mins
107,แพร่,อุตรดิตถ์,"['ที่ว่าการอำเภอเมืองแพร่ ถนน 44WR+5GH, Chaiyabun Rd, Tambon Nai Wiang, Amphoe Mueang Phrae, Chang Wat Phrae 54000, Thailand']","['J3GW+8Q6, Pracha Nimit Rd, Tambon Tha It, Amphoe Mueang Uttaradit, Chang Wat Uttaradit 53000, Thailand']",75.5 km,1 hour 10 mins
108,แพร่,น่าน,"['ที่ว่าการอำเภอเมืองแพร่ ถนน 44WR+5GH, Chaiyabun Rd, Tambon Nai Wiang, Amphoe Mueang Phrae, Chang Wat Phrae 54000, Thailand']","['45 ม.6, อ.เมือง จ.น่าน, 55000 Tambon Chaiyasathan, Amphoe Mueang Nan, Chang Wat Nan 55000, Thailand']",121 km,1 hour 48 mins
109,แพร่,พะเยา,"['ที่ว่าการอำเภอเมืองแพร่ ถนน 44WR+5GH, Chaiyabun Rd, Tambon Nai Wiang, Amphoe Mueang Phrae, Chang Wat Phrae 54000, Thailand']","['99 หมู่ 12, ตำบลจําป่าหวาย อำเภอเมือง จังหวัดพะเยา, 56000 Tambon Ban Tom, Amphoe Mueang Phayao, Chang Wat Phayao 56000, Thailand']",149 km,2 hours 14 mins
110,แพร่,สุโขทัย,"['ที่ว่าการอำเภอเมืองแพร่ ถนน 44WR+5GH, Chaiyabun Rd, Tambon Nai Wiang, Amphoe Mueang Phrae, Chang Wat Phrae 54000, Thailand']","['2R5F+596, Thani, Mueang Sukhothai District, Sukhothai 64000, Thailand']",164 km,2 hours 34 mins
111,น่าน,อุตรดิตถ์,"['45 ม.6, อ.เมือง จ.น่าน, 55000 Tambon Chaiyasathan, Amphoe Mueang Nan, Chang Wat Nan 55000, Thailand']","['J3GW+8Q6, Pracha Nimit Rd, Tambon Tha It, Amphoe Mueang Uttaradit, Chang Wat Uttaradit 53000, Thailand']",195 km,2 hours 50 mins
112,น่าน,แพร่,"['45 ม.6, อ.เมือง จ.น่าน, 55000 Tambon Chaiyasathan, Amphoe Mueang Nan, Chang Wat Nan 55000, Thailand']","['ที่ว่าการอำเภอเมืองแพร่ ถนน 44WR+5GH, Chaiyabun Rd, Tambon Nai Wiang, Amphoe Mueang Phrae, Chang Wat Phrae 54000, Thailand']",121 km,1 hour 50 mins
113,น่าน,พะเยา,"['45 ม.6, อ.เมือง จ.น่าน, 55000 Tambon Chaiyasathan, Amphoe Mueang Nan, Chang Wat Nan 55000, Thailand']","['99 หมู่ 12, ตำบลจําป่าหวาย อำเภอเมือง จังหวัดพะเยา, 56000 Tambon Ban Tom, Amphoe Mueang Phayao, Chang Wat Phayao 56000, Thailand']",147 km,2 hours 40 mins
114,พะเยา,ลำปาง,"['99 หมู่ 12, ตำบลจําป่าหวาย อำเภอเมือง จังหวัดพะเยา, 56000 Tambon Ban Tom, Amphoe Mueang Phayao, Chang Wat Phayao 56000, Thailand']","['8 ถนนบุญวาทย์ Tambon Hua Wiang, Amphoe Mueang Lampang, Chang Wat Lampang 52000, Thailand']",137 km,2 hours 3 mins
115,พะเยา,แพร่,"['99 หมู่ 12, ตำบลจําป่าหวาย อำเภอเมือง จังหวัดพะเยา, 56000 Tambon Ban Tom, Amphoe Mueang Phayao, Chang Wat Phayao 56000, Thailand']","['ที่ว่าการอำเภอเมืองแพร่ ถนน 44WR+5GH, Chaiyabun Rd, Tambon Nai Wiang, Amphoe Mueang Phrae, Chang Wat Phrae 54000, Thailand']",149 km,2 hours 16 mins
116,พะเยา,น่าน,"['99 หมู่ 12, ตำบลจําป่าหวาย อำเภอเมือง จังหวัดพะเยา, 56000 Tambon Ban Tom, Amphoe Mueang Phayao, Chang Wat Phayao 56000, Thailand']","['45 ม.6, อ.เมือง จ.น่าน, 55000 Tambon Chaiyasathan, Amphoe Mueang Nan, Chang Wat Nan 55000, Thailand']",147 km,2 hours 39 mins
117,พะเยา,เชียงราย,"['99 หมู่ 12, ตำบลจําป่าหวาย อำเภอเมือง จังหวัดพะเยา, 56000 Tambon Ban Tom, Amphoe Mueang Phayao, Chang Wat Phayao 56000, Thailand']","['525 หมู่ที่ 6 Tambon Rim Kok, Amphoe Mueang Chiang Rai, Chang Wat Chiang Rai 57100, Thailand']",94.8 km,1 hour 28 mins
118,เชียงราย,เชียงใหม่,"['525 หมู่ที่ 6 Tambon Rim Kok, Amphoe Mueang Chiang Rai, Chang Wat Chiang Rai 57100, Thailand']","['99/9 Chotana Rd, Tambon Chang Phueak, Amphoe Mueang Chiang Mai, Chang Wat Chiang Mai 50300, Thailand']",194 km,3 hours 3 mins
119,เชียงราย,ลำปาง,"['525 หมู่ที่ 6 Tambon Rim Kok, Amphoe Mueang Chiang Rai, Chang Wat Chiang Rai 57100, Thailand']","['8 ถนนบุญวาทย์ Tambon Hua Wiang, Amphoe Mueang Lampang, Chang Wat Lampang 52000, Thailand']",231 km,3 hours 27 mins
120,เชียงราย,พะเยา,"['525 หมู่ที่ 6 Tambon Rim Kok, Amphoe Mueang Chiang Rai, Chang Wat Chiang Rai 57100, Thailand']","['99 หมู่ 12, ตำบลจําป่าหวาย อำเภอเมือง จังหวัดพะเยา, 56000 Tambon Ban Tom, Amphoe Mueang Phayao, Chang Wat Phayao 56000, Thailand']",94.4 km,1 hour 26 mins
121,แม่ฮ่องสอน,เชียงใหม่,"['อาคารที่ว่าการอำเภอเมืองแม่ฮ่องสอน, ถนนปางล้อนิคม, ตำบลจองคำ อำเภอเมืองแม่ฮ่องสอน จังหวัดแม่ฮ่องสอน, 58000 Tambon Pang Mu, Amphoe Mueang Mae Hong Son, Chang Wat Mae Hong Son 58000, Thailand']","['99/9 Chotana Rd, Tambon Chang Phueak, Amphoe Mueang Chiang Mai, Chang Wat Chiang Mai 50300, Thailand']",231 km,4 hours 52 mins
122,แม่ฮ่องสอน,ตาก,"['อาคารที่ว่าการอำเภอเมืองแม่ฮ่องสอน, ถนนปางล้อนิคม, ตำบลจองคำ อำเภอเมืองแม่ฮ่องสอน จังหวัดแม่ฮ่องสอน, 58000 Tambon Pang Mu, Amphoe Mueang Mae Hong Son, Chang Wat Mae Hong Son 58000, Thailand']","['V4JF+HF3, Nong Luang, Mueang Tak District, Tak 63000, Thailand']",476 km,8 hours 17 mins
123,นครสวรรค์,ลพบุรี,"['108/19 Matulee Rd, Tambon Pak Nam Pho, Amphoe Mueang Nakhon Sawan, Chang Wat Nakhon Sawan 60000, Thailand']","['อาคารที่ว่าการอำเภอเมืองลพบุรี, ถนนนารายณ์มหาราช, ตำบลทะเลชุบศร อำเภอเมืองลพบุรี จังหวัดลพบุรี, 15000 Tambon Tha Hin, Amphoe Mueang Lop Buri, Chang Wat Lopburi 15000, Thailand']",131 km,1 hour 50 mins
124,นครสวรรค์,สิงห์บุรี,"['108/19 Matulee Rd, Tambon Pak Nam Pho, Amphoe Mueang Nakhon Sawan, Chang Wat Nakhon Sawan 60000, Thailand']","['ที่ว่าการอำเภอเมืองสิงห์บุรี ถนน VCQ3+8V8, Wilai Chit, Tambon Bang Phutsa, Amphoe Mueang Sing Buri, Chang Wat Sing Buri 16000, Thailand']",104 km,1 hour 29 mins
125,นครสวรรค์,ชัยนาท,"['108/19 Matulee Rd, Tambon Pak Nam Pho, Amphoe Mueang Nakhon Sawan, Chang Wat Nakhon Sawan 60000, Thailand']","['328/9 ถนนลูกเสือ 2 Tambon Nai Muang, Amphoe Mueang Chai Nat, Chang Wat Chai Nat 17000, Thailand']",63.4 km,1 hour 0 mins
126,นครสวรรค์,อุทัยธานี,"['108/19 Matulee Rd, Tambon Pak Nam Pho, Amphoe Mueang Nakhon Sawan, Chang Wat Nakhon Sawan 60000, Thailand']","['Tha Chang Road , Uthai Mai , 61000 Mueang Uthai Thani , Uthai Thani, ตำบล อุทัยใหม่ อำเภอเมืองอุทัยธานี อุทัยธานี 61000, Thailand']",44.4 km,50 mins
127,นครสวรรค์,กำแพงเพชร,"['108/19 Matulee Rd, Tambon Pak Nam Pho, Amphoe Mueang Nakhon Sawan, Chang Wat Nakhon Sawan 60000, Thailand']","['FGPF+3XG, Nai Mueang, Mueang Kamphaeng Phet District, Kamphaeng Phet 62000, Thailand']",122 km,1 hour 43 mins
128,นครสวรรค์,ตาก,"['108/19 Matulee Rd, Tambon Pak Nam Pho, Amphoe Mueang Nakhon Sawan, Chang Wat Nakhon Sawan 60000, Thailand']","['V4JF+HF3, Nong Luang, Mueang Tak District, Tak 63000, Thailand']",186 km,2 hours 31 mins
129,นครสวรรค์,พิจิตร,"['108/19 Matulee Rd, Tambon Pak Nam Pho, Amphoe Mueang Nakhon Sawan, Chang Wat Nakhon Sawan 60000, Thailand']","['4/411ต.ในเมือง อ.เมือง Tambon Nai Mueang, Amphoe Mueang Phichit, Chang Wat Phichit 66000, Thailand']",109 km,1 hour 38 mins
130,นครสวรรค์,เพชรบูรณ์,"['108/19 Matulee Rd, Tambon Pak Nam Pho, Amphoe Mueang Nakhon Sawan, Chang Wat Nakhon Sawan 60000, Thailand']","['C4VX+5MW, Sadiang, Mueang Phetchabun District, Phetchabun 67000, Thailand']",194 km,2 hours 52 mins
131,อุทัยธานี,ชัยนาท,"['Tha Chang Road , Uthai Mai , 61000 Mueang Uthai Thani , Uthai Thani, ตำบล อุทัยใหม่ อำเภอเมืองอุทัยธานี อุทัยธานี 61000, Thailand']","['328/9 ถนนลูกเสือ 2 Tambon Nai Muang, Amphoe Mueang Chai Nat, Chang Wat Chai Nat 17000, Thailand']",29.1 km,31 mins
132,อุทัยธานี,นครสวรรค์,"['Tha Chang Road , Uthai Mai , 61000 Mueang Uthai Thani , Uthai Thani, ตำบล อุทัยใหม่ อำเภอเมืองอุทัยธานี อุทัยธานี 61000, Thailand']","['108/19 Matulee Rd, Tambon Pak Nam Pho, Amphoe Mueang Nakhon Sawan, Chang Wat Nakhon Sawan 60000, Thailand']",44.5 km,48 mins
133,อุทัยธานี,ตาก,"['Tha Chang Road , Uthai Mai , 61000 Mueang Uthai Thani , Uthai Thani, ตำบล อุทัยใหม่ อำเภอเมืองอุทัยธานี อุทัยธานี 61000, Thailand']","['V4JF+HF3, Nong Luang, Mueang Tak District, Tak 63000, Thailand']",221 km,2 hours 57 mins
134,อุทัยธานี,กาญจนบุรี,"['Tha Chang Road , Uthai Mai , 61000 Mueang Uthai Thani , Uthai Thani, ตำบล อุทัยใหม่ อำเภอเมืองอุทัยธานี อุทัยธานี 61000, Thailand']","['328 Sangchuto Rd, Ban Tai, Amphoe Mueang Kanchanaburi, Chang Wat Kanchanaburi 71000, Thailand']",187 km,2 hours 58 mins
135,อุทัยธานี,สุพรรณบุรี,"['Tha Chang Road , Uthai Mai , 61000 Mueang Uthai Thani , Uthai Thani, ตำบล อุทัยใหม่ อำเภอเมืองอุทัยธานี อุทัยธานี 61000, Thailand']","['F4F9+Q9P, Tha Phi Liang, Mueang Suphan Buri District, Suphan Buri 72000, Thailand']",123 km,1 hour 53 mins
136,กำแพงเพชร,นครสวรรค์,"['FGPF+3XG, Nai Mueang, Mueang Kamphaeng Phet District, Kamphaeng Phet 62000, Thailand']","['108/19 Matulee Rd, Tambon Pak Nam Pho, Amphoe Mueang Nakhon Sawan, Chang Wat Nakhon Sawan 60000, Thailand']",123 km,1 hour 41 mins
137,กำแพงเพชร,ตาก,"['FGPF+3XG, Nai Mueang, Mueang Kamphaeng Phet District, Kamphaeng Phet 62000, Thailand']","['V4JF+HF3, Nong Luang, Mueang Tak District, Tak 63000, Thailand']",71.5 km,1 hour 0 mins
138,กำแพงเพชร,สุโขทัย,"['FGPF+3XG, Nai Mueang, Mueang Kamphaeng Phet District, Kamphaeng Phet 62000, Thailand']","['2R5F+596, Thani, Mueang Sukhothai District, Sukhothai 64000, Thailand']",79.3 km,1 hour 12 mins
139,กำแพงเพชร,พิษณุโลก,"['FGPF+3XG, Nai Mueang, Mueang Kamphaeng Phet District, Kamphaeng Phet 62000, Thailand']","['7, Ban Khlong, อำเภอเมือง Chang Wat Phitsanulok 65000, Thailand']",108 km,1 hour 38 mins
140,กำแพงเพชร,พิจิตร,"['FGPF+3XG, Nai Mueang, Mueang Kamphaeng Phet District, Kamphaeng Phet 62000, Thailand']","['4/411ต.ในเมือง อ.เมือง Tambon Nai Mueang, Amphoe Mueang Phichit, Chang Wat Phichit 66000, Thailand']",94.1 km,1 hour 26 mins
141,ตาก,เชียงใหม่,"['V4JF+HF3, Nong Luang, Mueang Tak District, Tak 63000, Thailand']","['99/9 Chotana Rd, Tambon Chang Phueak, Amphoe Mueang Chiang Mai, Chang Wat Chiang Mai 50300, Thailand']",272 km,3 hours 34 mins
142,ตาก,ลำพูน,"['V4JF+HF3, Nong Luang, Mueang Tak District, Tak 63000, Thailand']","['H2H9+69C, Wiang Yong, Mueang Lamphun District, Lamphun 51000, Thailand']",240 km,3 hours 6 mins
143,ตาก,ลำปาง,"['V4JF+HF3, Nong Luang, Mueang Tak District, Tak 63000, Thailand']","['8 ถนนบุญวาทย์ Tambon Hua Wiang, Amphoe Mueang Lampang, Chang Wat Lampang 52000, Thailand']",183 km,2 hours 23 mins
144,ตาก,แม่ฮ่องสอน,"['V4JF+HF3, Nong Luang, Mueang Tak District, Tak 63000, Thailand']","['อาคารที่ว่าการอำเภอเมืองแม่ฮ่องสอน, ถนนปางล้อนิคม, ตำบลจองคำ อำเภอเมืองแม่ฮ่องสอน จังหวัดแม่ฮ่องสอน, 58000 Tambon Pang Mu, Amphoe Mueang Mae Hong Son, Chang Wat Mae Hong Son 58000, Thailand']",459 km,8 hours 18 mins
145,ตาก,นครสวรรค์,"['V4JF+HF3, Nong Luang, Mueang Tak District, Tak 63000, Thailand']","['108/19 Matulee Rd, Tambon Pak Nam Pho, Amphoe Mueang Nakhon Sawan, Chang Wat Nakhon Sawan 60000, Thailand']",187 km,2 hours 29 mins
146,ตาก,อุทัยธานี,"['V4JF+HF3, Nong Luang, Mueang Tak District, Tak 63000, Thailand']","['Tha Chang Road , Uthai Mai , 61000 Mueang Uthai Thani , Uthai Thani, ตำบล อุทัยใหม่ อำเภอเมืองอุทัยธานี อุทัยธานี 61000, Thailand']",221 km,2 hours 57 mins
147,ตาก,กำแพงเพชร,"['V4JF+HF3, Nong Luang, Mueang Tak District, Tak 63000, Thailand']","['FGPF+3XG, Nai Mueang, Mueang Kamphaeng Phet District, Kamphaeng Phet 62000, Thailand']",71.4 km,59 mins
148,ตาก,สุโขทัย,"['V4JF+HF3, Nong Luang, Mueang Tak District, Tak 63000, Thailand']","['2R5F+596, Thani, Mueang Sukhothai District, Sukhothai 64000, Thailand']",84.7 km,1 hour 11 mins
149,ตาก,กาญจนบุรี,"['V4JF+HF3, Nong Luang, Mueang Tak District, Tak 63000, Thailand']","['328 Sangchuto Rd, Ban Tai, Amphoe Mueang Kanchanaburi, Chang Wat Kanchanaburi 71000, Thailand']",411 km,5 hours 48 mins
150,สุโขทัย,ลำปาง,"['2R5F+596, Thani, Mueang Sukhothai District, Sukhothai 64000, Thailand']","['8 ถนนบุญวาทย์ Tambon Hua Wiang, Amphoe Mueang Lampang, Chang Wat Lampang 52000, Thailand']",210 km,3 hours 4 mins
151,สุโขทัย,อุตรดิตถ์,"['2R5F+596, Thani, Mueang Sukhothai District, Sukhothai 64000, Thailand']","['J3GW+8Q6, Pracha Nimit Rd, Tambon Tha It, Amphoe Mueang Uttaradit, Chang Wat Uttaradit 53000, Thailand']",89.4 km,1 hour 30 mins
152,สุโขทัย,แพร่,"['2R5F+596, Thani, Mueang Sukhothai District, Sukhothai 64000, Thailand']","['ที่ว่าการอำเภอเมืองแพร่ ถนน 44WR+5GH, Chaiyabun Rd, Tambon Nai Wiang, Amphoe Mueang Phrae, Chang Wat Phrae 54000, Thailand']",164 km,2 hours 35 mins
153,สุโขทัย,กำแพงเพชร,"['2R5F+596, Thani, Mueang Sukhothai District, Sukhothai 64000, Thailand']","['FGPF+3XG, Nai Mueang, Mueang Kamphaeng Phet District, Kamphaeng Phet 62000, Thailand']",79.1 km,1 hour 10 mins
154,สุโขทัย,ตาก,"['2R5F+596, Thani, Mueang Sukhothai District, Sukhothai 64000, Thailand']","['V4JF+HF3, Nong Luang, Mueang Tak District, Tak 63000, Thailand']",84.5 km,1 hour 11 mins
155,สุโขทัย,พิษณุโลก,"['2R5F+596, Thani, Mueang Sukhothai District, Sukhothai 64000, Thailand']","['7, Ban Khlong, อำเภอเมือง Chang Wat Phitsanulok 65000, Thailand']",58.1 km,54 mins
156,พิษณุโลก,เลย,"['7, Ban Khlong, อำเภอเมือง Chang Wat Phitsanulok 65000, Thailand']","['FPQ9+5QC, Kut Pong, Mueang Loei District, Loei 42000, Thailand']",227 km,3 hours 26 mins
157,พิษณุโลก,อุตรดิตถ์,"['7, Ban Khlong, อำเภอเมือง Chang Wat Phitsanulok 65000, Thailand']","['J3GW+8Q6, Pracha Nimit Rd, Tambon Tha It, Amphoe Mueang Uttaradit, Chang Wat Uttaradit 53000, Thailand']",110 km,1 hour 31 mins
158,พิษณุโลก,กำแพงเพชร,"['7, Ban Khlong, อำเภอเมือง Chang Wat Phitsanulok 65000, Thailand']","['FGPF+3XG, Nai Mueang, Mueang Kamphaeng Phet District, Kamphaeng Phet 62000, Thailand']",108 km,1 hour 39 mins
159,พิษณุโลก,สุโขทัย,"['7, Ban Khlong, อำเภอเมือง Chang Wat Phitsanulok 65000, Thailand']","['2R5F+596, Thani, Mueang Sukhothai District, Sukhothai 64000, Thailand']",58.1 km,54 mins
160,พิษณุโลก,พิจิตร,"['7, Ban Khlong, อำเภอเมือง Chang Wat Phitsanulok 65000, Thailand']","['4/411ต.ในเมือง อ.เมือง Tambon Nai Mueang, Amphoe Mueang Phichit, Chang Wat Phichit 66000, Thailand']",66.4 km,1 hour 4 mins
161,พิษณุโลก,เพชรบูรณ์,"['7, Ban Khlong, อำเภอเมือง Chang Wat Phitsanulok 65000, Thailand']","['C4VX+5MW, Sadiang, Mueang Phetchabun District, Phetchabun 67000, Thailand']",161 km,2 hours 18 mins
162,พิจิตร,นครสวรรค์,"['4/411ต.ในเมือง อ.เมือง Tambon Nai Mueang, Amphoe Mueang Phichit, Chang Wat Phichit 66000, Thailand']","['108/19 Matulee Rd, Tambon Pak Nam Pho, Amphoe Mueang Nakhon Sawan, Chang Wat Nakhon Sawan 60000, Thailand']",105 km,1 hour 29 mins
163,พิจิตร,กำแพงเพชร,"['4/411ต.ในเมือง อ.เมือง Tambon Nai Mueang, Amphoe Mueang Phichit, Chang Wat Phichit 66000, Thailand']","['FGPF+3XG, Nai Mueang, Mueang Kamphaeng Phet District, Kamphaeng Phet 62000, Thailand']",94.4 km,1 hour 26 mins
164,พิจิตร,พิษณุโลก,"['4/411ต.ในเมือง อ.เมือง Tambon Nai Mueang, Amphoe Mueang Phichit, Chang Wat Phichit 66000, Thailand']","['7, Ban Khlong, อำเภอเมือง Chang Wat Phitsanulok 65000, Thailand']",66.5 km,1 hour 5 mins
165,พิจิตร,เพชรบูรณ์,"['4/411ต.ในเมือง อ.เมือง Tambon Nai Mueang, Amphoe Mueang Phichit, Chang Wat Phichit 66000, Thailand']","['C4VX+5MW, Sadiang, Mueang Phetchabun District, Phetchabun 67000, Thailand']",132 km,2 hours 13 mins
166,เพชรบูรณ์,ลพบุรี,"['C4VX+5MW, Sadiang, Mueang Phetchabun District, Phetchabun 67000, Thailand']","['อาคารที่ว่าการอำเภอเมืองลพบุรี, ถนนนารายณ์มหาราช, ตำบลทะเลชุบศร อำเภอเมืองลพบุรี จังหวัดลพบุรี, 15000 Tambon Tha Hin, Amphoe Mueang Lop Buri, Chang Wat Lopburi 15000, Thailand']",239 km,3 hours 17 mins
167,เพชรบูรณ์,ชัยภูมิ,"['C4VX+5MW, Sadiang, Mueang Phetchabun District, Phetchabun 67000, Thailand']","['อาคารที่ว่าการอำเภอเมืองชัยภูมิ, ถนนองค์การ สาย 2, ตำบลในเมือง อำเภอเมืองชัยภูมิ จังหวัดชัยภูมิ, 36000 Tambon Nai Mueang, Amphoe Mueang Chaiyaphum, Chang Wat Chaiyaphum 36000, Thailand']",202 km,3 hours 18 mins
168,เพชรบูรณ์,ขอนแก่น,"['C4VX+5MW, Sadiang, Mueang Phetchabun District, Phetchabun 67000, Thailand']","['40000 Tambon Nai Mueang, Amphoe Mueang Khon Kaen, Chang Wat Khon Kaen 40000, Thailand']",234 km,3 hours 34 mins
169,เพชรบูรณ์,เลย,"['C4VX+5MW, Sadiang, Mueang Phetchabun District, Phetchabun 67000, Thailand']","['FPQ9+5QC, Kut Pong, Mueang Loei District, Loei 42000, Thailand']",186 km,2 hours 58 mins
170,เพชรบูรณ์,นครสวรรค์,"['C4VX+5MW, Sadiang, Mueang Phetchabun District, Phetchabun 67000, Thailand']","['108/19 Matulee Rd, Tambon Pak Nam Pho, Amphoe Mueang Nakhon Sawan, Chang Wat Nakhon Sawan 60000, Thailand']",195 km,2 hours 53 mins
171,เพชรบูรณ์,พิษณุโลก,"['C4VX+5MW, Sadiang, Mueang Phetchabun District, Phetchabun 67000, Thailand']","['7, Ban Khlong, อำเภอเมือง Chang Wat Phitsanulok 65000, Thailand']",160 km,2 hours 16 mins
172,เพชรบูรณ์,พิจิตร,"['C4VX+5MW, Sadiang, Mueang Phetchabun District, Phetchabun 67000, Thailand']","['4/411ต.ในเมือง อ.เมือง Tambon Nai Mueang, Amphoe Mueang Phichit, Chang Wat Phichit 66000, Thailand']",133 km,2 hours 15 mins
173,ราชบุรี,กาญจนบุรี,"['GRH7+G3R, Na Muang, Mueang Ratchaburi, Ratchaburi 70000, Thailand']","['328 Sangchuto Rd, Ban Tai, Amphoe Mueang Kanchanaburi, Chang Wat Kanchanaburi 71000, Thailand']",75.3 km,1 hour 29 mins
174,ราชบุรี,นครปฐม,"['GRH7+G3R, Na Muang, Mueang Ratchaburi, Ratchaburi 70000, Thailand']","['30 Tesa Rd, Tambon Phra Prathom Chedi, Amphoe Mueang Nakhon Pathom, Chang Wat Nakhon Pathom 73000, Thailand']",49.6 km,50 mins
175,ราชบุรี,สมุทรสาคร,"['GRH7+G3R, Na Muang, Mueang Ratchaburi, Ratchaburi 70000, Thailand']","['เลขที่ - หมู่บ้าน ตลาดสดเทศบาลมหาชัย ชั้น2 มหาชัย Tambon Mahachai, Amphoe Mueang Samut Sakhon, Chang Wat Samut Sakhon 74000, Thailand']",81.9 km,1 hour 11 mins
176,ราชบุรี,สมุทรสงคราม,"['GRH7+G3R, Na Muang, Mueang Ratchaburi, Ratchaburi 70000, Thailand']","['ที่ว่าการ Soi Ekkachai, Tambon Mae Klong, Amphoe Mueang Samut Songkhram, Chang Wat Samut Songkhram 75000, Thailand']",46.3 km,43 mins
177,ราชบุรี,เพชรบุรี,"['GRH7+G3R, Na Muang, Mueang Ratchaburi, Ratchaburi 70000, Thailand']","['4W6V+PJ5, Khlong Kra Saeng, Mueang Phetchaburi District, Phetchaburi 76000, Thailand']",57.0 km,49 mins
178,กาญจนบุรี,อุทัยธานี,"['328 Sangchuto Rd, Ban Tai, Amphoe Mueang Kanchanaburi, Chang Wat Kanchanaburi 71000, Thailand']","['Tha Chang Road , Uthai Mai , 61000 Mueang Uthai Thani , Uthai Thani, ตำบล อุทัยใหม่ อำเภอเมืองอุทัยธานี อุทัยธานี 61000, Thailand']",185 km,2 hours 58 mins
179,กาญจนบุรี,ตาก,"['328 Sangchuto Rd, Ban Tai, Amphoe Mueang Kanchanaburi, Chang Wat Kanchanaburi 71000, Thailand']","['V4JF+HF3, Nong Luang, Mueang Tak District, Tak 63000, Thailand']",421 km,5 hours 51 mins
180,กาญจนบุรี,ราชบุรี,"['328 Sangchuto Rd, Ban Tai, Amphoe Mueang Kanchanaburi, Chang Wat Kanchanaburi 71000, Thailand']","['GRH7+G3R, Na Muang, Mueang Ratchaburi, Ratchaburi 70000, Thailand']",74.0 km,1 hour 25 mins
181,กาญจนบุรี,สุพรรณบุรี,"['328 Sangchuto Rd, Ban Tai, Amphoe Mueang Kanchanaburi, Chang Wat Kanchanaburi 71000, Thailand']","['F4F9+Q9P, Tha Phi Liang, Mueang Suphan Buri District, Suphan Buri 72000, Thailand']",93.2 km,1 hour 33 mins
182,กาญจนบุรี,นครปฐม,"['328 Sangchuto Rd, Ban Tai, Amphoe Mueang Kanchanaburi, Chang Wat Kanchanaburi 71000, Thailand']","['30 Tesa Rd, Tambon Phra Prathom Chedi, Amphoe Mueang Nakhon Pathom, Chang Wat Nakhon Pathom 73000, Thailand']",72.2 km,1 hour 0 mins
183,สุพรรณบุรี,พระนครศรีอยุธยา,"['F4F9+Q9P, Tha Phi Liang, Mueang Suphan Buri District, Suphan Buri 72000, Thailand']","['20 Khlong Makharm Riang Rd, Tambon Pratuchai, Amphoe Phra Nakhon Si Ayutthaya, Chang Wat Phra Nakhon Si Ayutthaya 13000, Thailand']",62.4 km,1 hour 3 mins
184,สุพรรณบุรี,อ่างทอง,"['F4F9+Q9P, Tha Phi Liang, Mueang Suphan Buri District, Suphan Buri 72000, Thailand']","['HFQ3+M9X, Bang Kaeo, Mueang Ang Thong District, Ang Thong 14000, Thailand']",44.8 km,46 mins
185,สุพรรณบุรี,สิงห์บุรี,"['F4F9+Q9P, Tha Phi Liang, Mueang Suphan Buri District, Suphan Buri 72000, Thailand']","['ที่ว่าการอำเภอเมืองสิงห์บุรี ถนน VCQ3+8V8, Wilai Chit, Tambon Bang Phutsa, Amphoe Mueang Sing Buri, Chang Wat Sing Buri 16000, Thailand']",71.2 km,1 hour 13 mins
186,สุพรรณบุรี,ชัยนาท,"['F4F9+Q9P, Tha Phi Liang, Mueang Suphan Buri District, Suphan Buri 72000, Thailand']","['328/9 ถนนลูกเสือ 2 Tambon Nai Muang, Amphoe Mueang Chai Nat, Chang Wat Chai Nat 17000, Thailand']",96.8 km,1 hour 24 mins
187,สุพรรณบุรี,อุทัยธานี,"['F4F9+Q9P, Tha Phi Liang, Mueang Suphan Buri District, Suphan Buri 72000, Thailand']","['Tha Chang Road , Uthai Mai , 61000 Mueang Uthai Thani , Uthai Thani, ตำบล อุทัยใหม่ อำเภอเมืองอุทัยธานี อุทัยธานี 61000, Thailand']",124 km,1 hour 50 mins
188,สุพรรณบุรี,กาญจนบุรี,"['F4F9+Q9P, Tha Phi Liang, Mueang Suphan Buri District, Suphan Buri 72000, Thailand']","['328 Sangchuto Rd, Ban Tai, Amphoe Mueang Kanchanaburi, Chang Wat Kanchanaburi 71000, Thailand']",94.1 km,1 hour 34 mins
189,สุพรรณบุรี,นครปฐม,"['F4F9+Q9P, Tha Phi Liang, Mueang Suphan Buri District, Suphan Buri 72000, Thailand']","['30 Tesa Rd, Tambon Phra Prathom Chedi, Amphoe Mueang Nakhon Pathom, Chang Wat Nakhon Pathom 73000, Thailand']",92.2 km,1 hour 36 mins
190,นครปฐม,กรุงเทพมหานคร,"['30 Tesa Rd, Tambon Phra Prathom Chedi, Amphoe Mueang Nakhon Pathom, Chang Wat Nakhon Pathom 73000, Thailand']","['Victory Monument (Din Daeng side), Khwaeng Thanon Phaya Thai, Khet Ratchathewi, Krung Thep Maha Nakhon 10400, Thailand']",55.8 km,1 hour 0 mins
191,นครปฐม,นนทบุรี,"['30 Tesa Rd, Tambon Phra Prathom Chedi, Amphoe Mueang Nakhon Pathom, Chang Wat Nakhon Pathom 73000, Thailand']","['VG67+X92, Bang Krasaw, Mueang Nonthaburi District, Nonthaburi 11000, Thailand']",64.8 km,59 mins
192,นครปฐม,พระนครศรีอยุธยา,"['30 Tesa Rd, Tambon Phra Prathom Chedi, Amphoe Mueang Nakhon Pathom, Chang Wat Nakhon Pathom 73000, Thailand']","['20 Khlong Makharm Riang Rd, Tambon Pratuchai, Amphoe Phra Nakhon Si Ayutthaya, Chang Wat Phra Nakhon Si Ayutthaya 13000, Thailand']",118 km,1 hour 48 mins
193,นครปฐม,ราชบุรี,"['30 Tesa Rd, Tambon Phra Prathom Chedi, Amphoe Mueang Nakhon Pathom, Chang Wat Nakhon Pathom 73000, Thailand']","['GRH7+G3R, Na Muang, Mueang Ratchaburi, Ratchaburi 70000, Thailand']",49.4 km,47 mins
194,นครปฐม,กาญจนบุรี,"['30 Tesa Rd, Tambon Phra Prathom Chedi, Amphoe Mueang Nakhon Pathom, Chang Wat Nakhon Pathom 73000, Thailand']","['328 Sangchuto Rd, Ban Tai, Amphoe Mueang Kanchanaburi, Chang Wat Kanchanaburi 71000, Thailand']",70.3 km,1 hour 16 mins
195,นครปฐม,สุพรรณบุรี,"['30 Tesa Rd, Tambon Phra Prathom Chedi, Amphoe Mueang Nakhon Pathom, Chang Wat Nakhon Pathom 73000, Thailand']","['F4F9+Q9P, Tha Phi Liang, Mueang Suphan Buri District, Suphan Buri 72000, Thailand']",89.2 km,1 hour 33 mins
196,นครปฐม,สมุทรสาคร,"['30 Tesa Rd, Tambon Phra Prathom Chedi, Amphoe Mueang Nakhon Pathom, Chang Wat Nakhon Pathom 73000, Thailand']","['เลขที่ - หมู่บ้าน ตลาดสดเทศบาลมหาชัย ชั้น2 มหาชัย Tambon Mahachai, Amphoe Mueang Samut Sakhon, Chang Wat Samut Sakhon 74000, Thailand']",54.2 km,56 mins
197,สมุทรสาคร,กรุงเทพมหานคร,"['เลขที่ - หมู่บ้าน ตลาดสดเทศบาลมหาชัย ชั้น2 มหาชัย Tambon Mahachai, Amphoe Mueang Samut Sakhon, Chang Wat Samut Sakhon 74000, Thailand']","['Victory Monument (Din Daeng side), Khwaeng Thanon Phaya Thai, Khet Ratchathewi, Krung Thep Maha Nakhon 10400, Thailand']",46.8 km,46 mins
198,สมุทรสาคร,ราชบุรี,"['เลขที่ - หมู่บ้าน ตลาดสดเทศบาลมหาชัย ชั้น2 มหาชัย Tambon Mahachai, Amphoe Mueang Samut Sakhon, Chang Wat Samut Sakhon 74000, Thailand']","['GRH7+G3R, Na Muang, Mueang Ratchaburi, Ratchaburi 70000, Thailand']",80.5 km,1 hour 7 mins
199,สมุทรสาคร,นครปฐม,"['เลขที่ - หมู่บ้าน ตลาดสดเทศบาลมหาชัย ชั้น2 มหาชัย Tambon Mahachai, Amphoe Mueang Samut Sakhon, Chang Wat Samut Sakhon 74000, Thailand']","['30 Tesa Rd, Tambon Phra Prathom Chedi, Amphoe Mueang Nakhon Pathom, Chang Wat Nakhon Pathom 73000, Thailand']",53.8 km,56 mins
200,สมุทรสาคร,สมุทรสงคราม,"['เลขที่ - หมู่บ้าน ตลาดสดเทศบาลมหาชัย ชั้น2 มหาชัย Tambon Mahachai, Amphoe Mueang Samut Sakhon, Chang Wat Samut Sakhon 74000, Thailand']","['ที่ว่าการ Soi Ekkachai, Tambon Mae Klong, Amphoe Mueang Samut Songkhram, Chang Wat Samut Songkhram 75000, Thailand']",37.8 km,35 mins
201,สมุทรสงคราม,ราชบุรี,"['ที่ว่าการ Soi Ekkachai, Tambon Mae Klong, Amphoe Mueang Samut Songkhram, Chang Wat Samut Songkhram 75000, Thailand']","['GRH7+G3R, Na Muang, Mueang Ratchaburi, Ratchaburi 70000, Thailand']",48.2 km,44 mins
202,สมุทรสงคราม,สมุทรสาคร,"['ที่ว่าการ Soi Ekkachai, Tambon Mae Klong, Amphoe Mueang Samut Songkhram, Chang Wat Samut Songkhram 75000, Thailand']","['เลขที่ - หมู่บ้าน ตลาดสดเทศบาลมหาชัย ชั้น2 มหาชัย Tambon Mahachai, Amphoe Mueang Samut Sakhon, Chang Wat Samut Sakhon 74000, Thailand']",38.7 km,39 mins
203,สมุทรสงคราม,เพชรบุรี,"['ที่ว่าการ Soi Ekkachai, Tambon Mae Klong, Amphoe Mueang Samut Songkhram, Chang Wat Samut Songkhram 75000, Thailand']","['4W6V+PJ5, Khlong Kra Saeng, Mueang Phetchaburi District, Phetchaburi 76000, Thailand']",57.6 km,48 mins
204,เพชรบุรี,ราชบุรี,"['4W6V+PJ5, Khlong Kra Saeng, Mueang Phetchaburi District, Phetchaburi 76000, Thailand']","['GRH7+G3R, Na Muang, Mueang Ratchaburi, Ratchaburi 70000, Thailand']",57.2 km,48 mins
205,เพชรบุรี,สมุทรสงคราม,"['4W6V+PJ5, Khlong Kra Saeng, Mueang Phetchaburi District, Phetchaburi 76000, Thailand']","['ที่ว่าการ Soi Ekkachai, Tambon Mae Klong, Amphoe Mueang Samut Songkhram, Chang Wat Samut Songkhram 75000, Thailand']",56.9 km,46 mins
206,เพชรบุรี,ประจวบคีรีขันธ์,"['4W6V+PJ5, Khlong Kra Saeng, Mueang Phetchaburi District, Phetchaburi 76000, Thailand']","['33 Pitak Chart Rd, Amphoe Mueang Prachuap Khiri Khan, Chang Wat Prachuap Khiri Khan 77000, Thailand']",158 km,2 hours 11 mins
207,ประจวบคีรีขันธ์,เพชรบุรี,"['33 Pitak Chart Rd, Amphoe Mueang Prachuap Khiri Khan, Chang Wat Prachuap Khiri Khan 77000, Thailand']","['4W6V+PJ5, Khlong Kra Saeng, Mueang Phetchaburi District, Phetchaburi 76000, Thailand']",159 km,2 hours 11 mins
208,ประจวบคีรีขันธ์,ชุมพร,"['33 Pitak Chart Rd, Amphoe Mueang Prachuap Khiri Khan, Chang Wat Prachuap Khiri Khan 77000, Thailand']","['F5VH+4MM, Tha Taphao, Mueang Chumphon District, Chumphon 86000, Thailand']",180 km,2 hours 25 mins
209,นครศรีธรรมราช,กระบี่,"['ที่ว่าการ, FXJ8+9WV ตำบล ปากพูน อำเภอเมืองนครศรีธรรมราช นครศรีธรรมราช 80000, Thailand']","['7 Khongkha Rd, Tambon Pak Nam, Amphoe Mueang Krabi, Chang Wat Krabi 81000, Thailand']",161 km,2 hours 44 mins
210,นครศรีธรรมราช,สุราษฎร์ธานี,"['ที่ว่าการ, FXJ8+9WV ตำบล ปากพูน อำเภอเมืองนครศรีธรรมราช นครศรีธรรมราช 80000, Thailand']","['170 Talad Mai Rd, Tambon Talat, Amphoe Mueang Surat Thani, Chang Wat Surat Thani 84000, Thailand']",138 km,2 hours 8 mins
211,นครศรีธรรมราช,สงขลา,"['ที่ว่าการ, FXJ8+9WV ตำบล ปากพูน อำเภอเมืองนครศรีธรรมราช นครศรีธรรมราช 80000, Thailand']","['6H5W+2JP, Bo Yang, Mueang Songkhla District, Songkhla 90000, Thailand']",176 km,2 hours 58 mins
212,นครศรีธรรมราช,ตรัง,"['ที่ว่าการ, FXJ8+9WV ตำบล ปากพูน อำเภอเมืองนครศรีธรรมราช นครศรีธรรมราช 80000, Thailand']","['101 Visadekul Alley, Tambon Thap Thiang, Amphoe Mueang Trang, Chang Wat Trang 92000, Thailand']",138 km,2 hours 12 mins
213,นครศรีธรรมราช,พัทลุง,"['ที่ว่าการ, FXJ8+9WV ตำบล ปากพูน อำเภอเมืองนครศรีธรรมราช นครศรีธรรมราช 80000, Thailand']","['Choeytukaraj, Tambon Khuha Sawan, Amphoe Muang Phatthalung, Chang Wat Phatthalung 93000, Thailand']",116 km,1 hour 45 mins
214,กระบี่,นครศรีธรรมราช,"['7 Khongkha Rd, Tambon Pak Nam, Amphoe Mueang Krabi, Chang Wat Krabi 81000, Thailand']","['ที่ว่าการ, FXJ8+9WV ตำบล ปากพูน อำเภอเมืองนครศรีธรรมราช นครศรีธรรมราช 80000, Thailand']",163 km,2 hours 46 mins
215,กระบี่,พังงา,"['7 Khongkha Rd, Tambon Pak Nam, Amphoe Mueang Krabi, Chang Wat Krabi 81000, Thailand']","['622 Phet Kasem Rd, Thai Chang, Amphoe Mueang Phang-nga, Chang Wat Phang-nga 82000, Thailand']",81.1 km,1 hour 16 mins
216,กระบี่,สุราษฎร์ธานี,"['7 Khongkha Rd, Tambon Pak Nam, Amphoe Mueang Krabi, Chang Wat Krabi 81000, Thailand']","['170 Talad Mai Rd, Tambon Talat, Amphoe Mueang Surat Thani, Chang Wat Surat Thani 84000, Thailand']",160 km,2 hours 12 mins
217,กระบี่,ตรัง,"['7 Khongkha Rd, Tambon Pak Nam, Amphoe Mueang Krabi, Chang Wat Krabi 81000, Thailand']","['101 Visadekul Alley, Tambon Thap Thiang, Amphoe Mueang Trang, Chang Wat Trang 92000, Thailand']",129 km,2 hours 3 mins
218,พังงา,กระบี่,"['622 Phet Kasem Rd, Thai Chang, Amphoe Mueang Phang-nga, Chang Wat Phang-nga 82000, Thailand']","['7 Khongkha Rd, Tambon Pak Nam, Amphoe Mueang Krabi, Chang Wat Krabi 81000, Thailand']",80.6 km,1 hour 17 mins
219,พังงา,ภูเก็ต,"['622 Phet Kasem Rd, Thai Chang, Amphoe Mueang Phang-nga, Chang Wat Phang-nga 82000, Thailand']","['64/28 หมู่ที่ 6, ตำบลวิชิต อำเภอเมืองภูเก็ต จังหวัดภูเก็ต, 83000 Tambon Wichit, Amphoe Mueang Phuket, Chang Wat Phuket 83000, Thailand']",84.7 km,1 hour 32 mins
220,พังงา,สุราษฎร์ธานี,"['622 Phet Kasem Rd, Thai Chang, Amphoe Mueang Phang-nga, Chang Wat Phang-nga 82000, Thailand']","['170 Talad Mai Rd, Tambon Talat, Amphoe Mueang Surat Thani, Chang Wat Surat Thani 84000, Thailand']",154 km,2 hours 13 mins
221,พังงา,ระนอง,"['622 Phet Kasem Rd, Thai Chang, Amphoe Mueang Phang-nga, Chang Wat Phang-nga 82000, Thailand']","['XJ4Q+R2R, Bang Rin, Mueang Ranong District, Ranong 85000, Thailand']",229 km,3 hours 34 mins
222,ภูเก็ต,พังงา,"['64/28 หมู่ที่ 6, ตำบลวิชิต อำเภอเมืองภูเก็ต จังหวัดภูเก็ต, 83000 Tambon Wichit, Amphoe Mueang Phuket, Chang Wat Phuket 83000, Thailand']","['622 Phet Kasem Rd, Thai Chang, Amphoe Mueang Phang-nga, Chang Wat Phang-nga 82000, Thailand']",86.1 km,1 hour 29 mins
223,สุราษฎร์ธานี,นครศรีธรรมราช,"['170 Talad Mai Rd, Tambon Talat, Amphoe Mueang Surat Thani, Chang Wat Surat Thani 84000, Thailand']","['ที่ว่าการ, FXJ8+9WV ตำบล ปากพูน อำเภอเมืองนครศรีธรรมราช นครศรีธรรมราช 80000, Thailand']",135 km,2 hours 7 mins
224,สุราษฎร์ธานี,กระบี่,"['170 Talad Mai Rd, Tambon Talat, Amphoe Mueang Surat Thani, Chang Wat Surat Thani 84000, Thailand']","['7 Khongkha Rd, Tambon Pak Nam, Amphoe Mueang Krabi, Chang Wat Krabi 81000, Thailand']",160 km,2 hours 11 mins
225,สุราษฎร์ธานี,พังงา,"['170 Talad Mai Rd, Tambon Talat, Amphoe Mueang Surat Thani, Chang Wat Surat Thani 84000, Thailand']","['622 Phet Kasem Rd, Thai Chang, Amphoe Mueang Phang-nga, Chang Wat Phang-nga 82000, Thailand']",159 km,2 hours 17 mins
226,สุราษฎร์ธานี,ระนอง,"['170 Talad Mai Rd, Tambon Talat, Amphoe Mueang Surat Thani, Chang Wat Surat Thani 84000, Thailand']","['XJ4Q+R2R, Bang Rin, Mueang Ranong District, Ranong 85000, Thailand']",206 km,3 hours 21 mins
227,สุราษฎร์ธานี,ชุมพร,"['170 Talad Mai Rd, Tambon Talat, Amphoe Mueang Surat Thani, Chang Wat Surat Thani 84000, Thailand']","['F5VH+4MM, Tha Taphao, Mueang Chumphon District, Chumphon 86000, Thailand']",178 km,2 hours 48 mins
228,ระนอง,พังงา,"['XJ4Q+R2R, Bang Rin, Mueang Ranong District, Ranong 85000, Thailand']","['622 Phet Kasem Rd, Thai Chang, Amphoe Mueang Phang-nga, Chang Wat Phang-nga 82000, Thailand']",229 km,3 hours 32 mins
229,ระนอง,สุราษฎร์ธานี,"['XJ4Q+R2R, Bang Rin, Mueang Ranong District, Ranong 85000, Thailand']","['170 Talad Mai Rd, Tambon Talat, Amphoe Mueang Surat Thani, Chang Wat Surat Thani 84000, Thailand']",208 km,3 hours 15 mins
230,ระนอง,ชุมพร,"['XJ4Q+R2R, Bang Rin, Mueang Ranong District, Ranong 85000, Thailand']","['F5VH+4MM, Tha Taphao, Mueang Chumphon District, Chumphon 86000, Thailand']",122 km,1 hour 51 mins
231,ชุมพร,ประจวบคีรีขันธ์,"['F5VH+4MM, Tha Taphao, Mueang Chumphon District, Chumphon 86000, Thailand']","['33 Pitak Chart Rd, Amphoe Mueang Prachuap Khiri Khan, Chang Wat Prachuap Khiri Khan 77000, Thailand']",179 km,2 hours 26 mins
232,ชุมพร,สุราษฎร์ธานี,"['F5VH+4MM, Tha Taphao, Mueang Chumphon District, Chumphon 86000, Thailand']","['170 Talad Mai Rd, Tambon Talat, Amphoe Mueang Surat Thani, Chang Wat Surat Thani 84000, Thailand']",181 km,2 hours 42 mins
233,ชุมพร,ระนอง,"['F5VH+4MM, Tha Taphao, Mueang Chumphon District, Chumphon 86000, Thailand']","['XJ4Q+R2R, Bang Rin, Mueang Ranong District, Ranong 85000, Thailand']",122 km,1 hour 50 mins
234,สงขลา,นครศรีธรรมราช,"['6H5W+2JP, Bo Yang, Mueang Songkhla District, Songkhla 90000, Thailand']","['ที่ว่าการ, FXJ8+9WV ตำบล ปากพูน อำเภอเมืองนครศรีธรรมราช นครศรีธรรมราช 80000, Thailand']",174 km,3 hours 1 min
235,สงขลา,สตูล,"['6H5W+2JP, Bo Yang, Mueang Songkhla District, Songkhla 90000, Thailand']","['M32P+449, Khlong Khut, Mueang Satun District, Satun 91000, Thailand']",124 km,2 hours 6 mins
236,สงขลา,พัทลุง,"['6H5W+2JP, Bo Yang, Mueang Songkhla District, Songkhla 90000, Thailand']","['Choeytukaraj, Tambon Khuha Sawan, Amphoe Muang Phatthalung, Chang Wat Phatthalung 93000, Thailand']",103 km,2 hours 15 mins
237,สงขลา,ปัตตานี,"['6H5W+2JP, Bo Yang, Mueang Songkhla District, Songkhla 90000, Thailand']","['V792+H3P, Sabarang, Mueang Pattani District, Pattani 94000, Thailand']",106 km,1 hour 39 mins
238,สงขลา,ยะลา,"['6H5W+2JP, Bo Yang, Mueang Songkhla District, Songkhla 90000, Thailand']","['4, ถนนจงรักษ์ 2, ตำบลสะเตง อำเภอเมือง จังหวัดยะลา, 95000 Tambon Sateng, Amphoe Mueang Yala, Chang Wat Yala 95000, Thailand']",131 km,1 hour 56 mins
239,สตูล,สงขลา,"['M32P+449, Khlong Khut, Mueang Satun District, Satun 91000, Thailand']","['6H5W+2JP, Bo Yang, Mueang Songkhla District, Songkhla 90000, Thailand']",125 km,2 hours 7 mins
240,สตูล,ตรัง,"['M32P+449, Khlong Khut, Mueang Satun District, Satun 91000, Thailand']","['101 Visadekul Alley, Tambon Thap Thiang, Amphoe Mueang Trang, Chang Wat Trang 92000, Thailand']",141 km,2 hours 21 mins
241,สตูล,พัทลุง,"['M32P+449, Khlong Khut, Mueang Satun District, Satun 91000, Thailand']","['Choeytukaraj, Tambon Khuha Sawan, Amphoe Muang Phatthalung, Chang Wat Phatthalung 93000, Thailand']",137 km,2 hours 14 mins
242,ตรัง,นครศรีธรรมราช,"['101 Visadekul Alley, Tambon Thap Thiang, Amphoe Mueang Trang, Chang Wat Trang 92000, Thailand']","['ที่ว่าการ, FXJ8+9WV ตำบล ปากพูน อำเภอเมืองนครศรีธรรมราช นครศรีธรรมราช 80000, Thailand']",139 km,2 hours 13 mins
243,ตรัง,กระบี่,"['101 Visadekul Alley, Tambon Thap Thiang, Amphoe Mueang Trang, Chang Wat Trang 92000, Thailand']","['7 Khongkha Rd, Tambon Pak Nam, Amphoe Mueang Krabi, Chang Wat Krabi 81000, Thailand']",128 km,2 hours 0 mins
244,ตรัง,สตูล,"['101 Visadekul Alley, Tambon Thap Thiang, Amphoe Mueang Trang, Chang Wat Trang 92000, Thailand']","['M32P+449, Khlong Khut, Mueang Satun District, Satun 91000, Thailand']",136 km,2 hours 18 mins
245,ตรัง,พัทลุง,"['101 Visadekul Alley, Tambon Thap Thiang, Amphoe Mueang Trang, Chang Wat Trang 92000, Thailand']","['Choeytukaraj, Tambon Khuha Sawan, Amphoe Muang Phatthalung, Chang Wat Phatthalung 93000, Thailand']",58.8 km,57 mins
246,พัทลุง,นครศรีธรรมราช,"['Choeytukaraj, Tambon Khuha Sawan, Amphoe Muang Phatthalung, Chang Wat Phatthalung 93000, Thailand']","['ที่ว่าการ, FXJ8+9WV ตำบล ปากพูน อำเภอเมืองนครศรีธรรมราช นครศรีธรรมราช 80000, Thailand']",118 km,1 hour 50 mins
247,พัทลุง,สงขลา,"['Choeytukaraj, Tambon Khuha Sawan, Amphoe Muang Phatthalung, Chang Wat Phatthalung 93000, Thailand']","['6H5W+2JP, Bo Yang, Mueang Songkhla District, Songkhla 90000, Thailand']",103 km,2 hours 16 mins
248,พัทลุง,สตูล,"['Choeytukaraj, Tambon Khuha Sawan, Amphoe Muang Phatthalung, Chang Wat Phatthalung 93000, Thailand']","['M32P+449, Khlong Khut, Mueang Satun District, Satun 91000, Thailand']",142 km,2 hours 18 mins
249,พัทลุง,ตรัง,"['Choeytukaraj, Tambon Khuha Sawan, Amphoe Muang Phatthalung, Chang Wat Phatthalung 93000, Thailand']","['101 Visadekul Alley, Tambon Thap Thiang, Amphoe Mueang Trang, Chang Wat Trang 92000, Thailand']",58.9 km,59 mins
250,ปัตตานี,สงขลา,"['V792+H3P, Sabarang, Mueang Pattani District, Pattani 94000, Thailand']","['6H5W+2JP, Bo Yang, Mueang Songkhla District, Songkhla 90000, Thailand']",105 km,1 hour 38 mins
251,ปัตตานี,ยะลา,"['V792+H3P, Sabarang, Mueang Pattani District, Pattani 94000, Thailand']","['4, ถนนจงรักษ์ 2, ตำบลสะเตง อำเภอเมือง จังหวัดยะลา, 95000 Tambon Sateng, Amphoe Mueang Yala, Chang Wat Yala 95000, Thailand']",42.4 km,41 mins
252,ปัตตานี,นราธิวาส,"['V792+H3P, Sabarang, Mueang Pattani District, Pattani 94000, Thailand']","['CRGF+39X, Bang Nak, Mueang Narathiwat District, Narathiwat 96000, Thailand']",94.5 km,1 hour 26 mins
253,ยะลา,สงขลา,"['4, ถนนจงรักษ์ 2, ตำบลสะเตง อำเภอเมือง จังหวัดยะลา, 95000 Tambon Sateng, Amphoe Mueang Yala, Chang Wat Yala 95000, Thailand']","['6H5W+2JP, Bo Yang, Mueang Songkhla District, Songkhla 90000, Thailand']",131 km,1 hour 54 mins
254,ยะลา,ปัตตานี,"['4, ถนนจงรักษ์ 2, ตำบลสะเตง อำเภอเมือง จังหวัดยะลา, 95000 Tambon Sateng, Amphoe Mueang Yala, Chang Wat Yala 95000, Thailand']","['V792+H3P, Sabarang, Mueang Pattani District, Pattani 94000, Thailand']",43.3 km,42 mins
255,ยะลา,นราธิวาส,"['4, ถนนจงรักษ์ 2, ตำบลสะเตง อำเภอเมือง จังหวัดยะลา, 95000 Tambon Sateng, Amphoe Mueang Yala, Chang Wat Yala 95000, Thailand']","['CRGF+39X, Bang Nak, Mueang Narathiwat District, Narathiwat 96000, Thailand']",75.6 km,1 hour 18 mins
256,นราธิวาส,ปัตตานี,"['CRGF+39X, Bang Nak, Mueang Narathiwat District, Narathiwat 96000, Thailand']","['V792+H3P, Sabarang, Mueang Pattani District, Pattani 94000, Thailand']",95.9 km,1 hour 27 mins
257,นราธิวาส,ยะลา,"['CRGF+39X, Bang Nak, Mueang Narathiwat District, Narathiwat 96000, Thailand']","['4, ถนนจงรักษ์ 2, ตำบลสะเตง อำเภอเมือง จังหวัดยะลา, 95000 Tambon Sateng, Amphoe Mueang Yala, Chang Wat Yala 95000, Thailand']",76.1 km,1 hour 19 mins
