,original,destination,original address,destination address,distance,time
1,กรุงเทพมหานคร,สมุทรปราการ,"['Victory Monument (Din Daeng side), Khwaeng Thanon Phaya Thai, Khet Ratchathewi, Krung Thep Maha Nakhon 10400, Thailand']","['246 Sukhumvit Rd, Thai Ban, อำเภอเมือง Chang Wat Samut Prakan 10280, Thailand']",25.4 km,35 mins
2,กรุงเทพมหานคร,นนทบุรี,"['Victory Monument (Din Daeng side), Khwaeng Thanon Phaya Thai, Khet Ratchathewi, Krung Thep Maha Nakhon 10400, Thailand']","['VG67+X92, Bang Krasaw, Mueang Nonthaburi District, Nonthaburi 11000, Thailand']",15.6 km,19 mins
3,กรุงเทพมหานคร,ปทุมธานี,"['Victory Monument (Din Daeng side), Khwaeng Thanon Phaya Thai, Khet Ratchathewi, Krung Thep Maha Nakhon 10400, Thailand']","['2G9M+VVJ, Thanon Tad Bomrong, Tambon Bang Prok, Amphoe Mueang Pathum Thani, Chang Wat Pathum Thani 12000, Thailand']",37.5 km,38 mins
4,กรุงเทพมหานคร,ฉะเชิงเทรา,"['Victory Monument (Din Daeng side), Khwaeng Thanon Phaya Thai, Khet Ratchathewi, Krung Thep Maha Nakhon 10400, Thailand']","['39 Maha Chakkraphat 5, Tambon Na Muang, Amphoe Mueang Chachoengsao, Chang Wat Chachoengsao 24000, Thailand']",70.1 km,1 hour 11 mins
5,กรุงเทพมหานคร,นครนายก,"['Victory Monument (Din Daeng side), Khwaeng Thanon Phaya Thai, Khet Ratchathewi, Krung Thep Maha Nakhon 10400, Thailand']","['160 Ban Yai Alley, Tambon Ban Yai, Amphoe Mueang Nakhon Nayok, Chang Wat Nakhon Nayok 26000, Thailand']",107 km,1 hour 40 mins
6,กรุงเทพมหานคร,นครปฐม,"['Victory Monument (Din Daeng side), Khwaeng Thanon Phaya Thai, Khet Ratchathewi, Krung Thep Maha Nakhon 10400, Thailand']","['30 Tesa Rd, Tambon Phra Prathom Chedi, Amphoe Mueang Nakhon Pathom, Chang Wat Nakhon Pathom 73000, Thailand']",58.8 km,59 mins
7,กรุงเทพมหานคร,สมุทรสาคร,"['Victory Monument (Din Daeng side), Khwaeng Thanon Phaya Thai, Khet Ratchathewi, Krung Thep Maha Nakhon 10400, Thailand']","['เลขที่ - หมู่บ้าน ตลาดสดเทศบาลมหาชัย ชั้น2 มหาชัย Tambon Mahachai, Amphoe Mueang Samut Sakhon, Chang Wat Samut Sakhon 74000, Thailand']",46.8 km,44 mins
8,สมุทรปราการ,กรุงเทพมหานคร,"['246 Sukhumvit Rd, Thai Ban, อำเภอเมือง Chang Wat Samut Prakan 10280, Thailand']","['Victory Monument (Din Daeng side), Khwaeng Thanon Phaya Thai, Khet Ratchathewi, Krung Thep Maha Nakhon 10400, Thailand']",24.4 km,32 mins
9,สมุทรปราการ,ฉะเชิงเทรา,"['246 Sukhumvit Rd, Thai Ban, อำเภอเมือง Chang Wat Samut Prakan 10280, Thailand']","['39 Maha Chakkraphat 5, Tambon Na Muang, Amphoe Mueang Chachoengsao, Chang Wat Chachoengsao 24000, Thailand']",71.6 km,1 hour 14 mins
10,นนทบุรี,กรุงเทพมหานคร,"['VG67+X92, Bang Krasaw, Mueang Nonthaburi District, Nonthaburi 11000, Thailand']","['Victory Monument (Din Daeng side), Khwaeng Thanon Phaya Thai, Khet Ratchathewi, Krung Thep Maha Nakhon 10400, Thailand']",15.4 km,21 mins
11,นนทบุรี,ปทุมธานี,"['VG67+X92, Bang Krasaw, Mueang Nonthaburi District, Nonthaburi 11000, Thailand']","['2G9M+VVJ, Thanon Tad Bomrong, Tambon Bang Prok, Amphoe Mueang Pathum Thani, Chang Wat Pathum Thani 12000, Thailand']",27.8 km,31 mins
12,นนทบุรี,พระนครศรีอยุธยา,"['VG67+X92, Bang Krasaw, Mueang Nonthaburi District, Nonthaburi 11000, Thailand']","['20 Khlong Makharm Riang Rd, Tambon Pratuchai, Amphoe Phra Nakhon Si Ayutthaya, Chang Wat Phra Nakhon Si Ayutthaya 13000, Thailand']",68.3 km,1 hour 2 mins
13,นนทบุรี,นครปฐม,"['VG67+X92, Bang Krasaw, Mueang Nonthaburi District, Nonthaburi 11000, Thailand']","['30 Tesa Rd, Tambon Phra Prathom Chedi, Amphoe Mueang Nakhon Pathom, Chang Wat Nakhon Pathom 73000, Thailand']",60.1 km,1 hour 1 min
14,ปทุมธานี,กรุงเทพมหานคร,"['2G9M+VVJ, Thanon Tad Bomrong, Tambon Bang Prok, Amphoe Mueang Pathum Thani, Chang Wat Pathum Thani 12000, Thailand']","['Victory Monument (Din Daeng side), Khwaeng Thanon Phaya Thai, Khet Ratchathewi, Krung Thep Maha Nakhon 10400, Thailand']",38.1 km,39 mins
15,ปทุมธานี,นนทบุรี,"['2G9M+VVJ, Thanon Tad Bomrong, Tambon Bang Prok, Amphoe Mueang Pathum Thani, Chang Wat Pathum Thani 12000, Thailand']","['VG67+X92, Bang Krasaw, Mueang Nonthaburi District, Nonthaburi 11000, Thailand']",30.5 km,29 mins
16,ปทุมธานี,พระนครศรีอยุธยา,"['2G9M+VVJ, Thanon Tad Bomrong, Tambon Bang Prok, Amphoe Mueang Pathum Thani, Chang Wat Pathum Thani 12000, Thailand']","['20 Khlong Makharm Riang Rd, Tambon Pratuchai, Amphoe Phra Nakhon Si Ayutthaya, Chang Wat Phra Nakhon Si Ayutthaya 13000, Thailand']",51.3 km,54 mins
17,ปทุมธานี,สระบุรี,"['2G9M+VVJ, Thanon Tad Bomrong, Tambon Bang Prok, Amphoe Mueang Pathum Thani, Chang Wat Pathum Thani 12000, Thailand']","['10/4/19 ถนน พิชัยรณรงค์สงคราม Amphoe Mueang Saraburi, Chang Wat Saraburi 18000, Thailand']",87.4 km,1 hour 18 mins
18,ปทุมธานี,ฉะเชิงเทรา,"['2G9M+VVJ, Thanon Tad Bomrong, Tambon Bang Prok, Amphoe Mueang Pathum Thani, Chang Wat Pathum Thani 12000, Thailand']","['39 Maha Chakkraphat 5, Tambon Na Muang, Amphoe Mueang Chachoengsao, Chang Wat Chachoengsao 24000, Thailand']",87.8 km,1 hour 33 mins
19,ปทุมธานี,นครนายก,"['2G9M+VVJ, Thanon Tad Bomrong, Tambon Bang Prok, Amphoe Mueang Pathum Thani, Chang Wat Pathum Thani 12000, Thailand']","['160 Ban Yai Alley, Tambon Ban Yai, Amphoe Mueang Nakhon Nayok, Chang Wat Nakhon Nayok 26000, Thailand']",90.1 km,1 hour 39 mins
20,พระนครศรีอยุธยา,นนทบุรี,"['20 Khlong Makharm Riang Rd, Tambon Pratuchai, Amphoe Phra Nakhon Si Ayutthaya, Chang Wat Phra Nakhon Si Ayutthaya 13000, Thailand']","['VG67+X92, Bang Krasaw, Mueang Nonthaburi District, Nonthaburi 11000, Thailand']",71.0 km,1 hour 3 mins
21,พระนครศรีอยุธยา,ปทุมธานี,"['20 Khlong Makharm Riang Rd, Tambon Pratuchai, Amphoe Phra Nakhon Si Ayutthaya, Chang Wat Phra Nakhon Si Ayutthaya 13000, Thailand']","['2G9M+VVJ, Thanon Tad Bomrong, Tambon Bang Prok, Amphoe Mueang Pathum Thani, Chang Wat Pathum Thani 12000, Thailand']",48.4 km,51 mins
22,พระนครศรีอยุธยา,อ่างทอง,"['20 Khlong Makharm Riang Rd, Tambon Pratuchai, Amphoe Phra Nakhon Si Ayutthaya, Chang Wat Phra Nakhon Si Ayutthaya 13000, Thailand']","['HFQ3+M9X, Bang Kaeo, Mueang Ang Thong District, Ang Thong 14000, Thailand']",37.2 km,34 mins
23,พระนครศรีอยุธยา,ลพบุรี,"['20 Khlong Makharm Riang Rd, Tambon Pratuchai, Amphoe Phra Nakhon Si Ayutthaya, Chang Wat Phra Nakhon Si Ayutthaya 13000, Thailand']","['อาคารที่ว่าการอำเภอเมืองลพบุรี, ถนนนารายณ์มหาราช, ตำบลทะเลชุบศร อำเภอเมืองลพบุรี จังหวัดลพบุรี, 15000 Tambon Tha Hin, Amphoe Mueang Lop Buri, Chang Wat Lopburi 15000, Thailand']",76.4 km,1 hour 12 mins
24,พระนครศรีอยุธยา,สระบุรี,"['20 Khlong Makharm Riang Rd, Tambon Pratuchai, Amphoe Phra Nakhon Si Ayutthaya, Chang Wat Phra Nakhon Si Ayutthaya 13000, Thailand']","['10/4/19 ถนน พิชัยรณรงค์สงคราม Amphoe Mueang Saraburi, Chang Wat Saraburi 18000, Thailand']",48.0 km,1 hour 2 mins
25,พระนครศรีอยุธยา,สุพรรณบุรี,"['20 Khlong Makharm Riang Rd, Tambon Pratuchai, Amphoe Phra Nakhon Si Ayutthaya, Chang Wat Phra Nakhon Si Ayutthaya 13000, Thailand']","['F4F9+Q9P, Tha Phi Liang, Mueang Suphan Buri District, Suphan Buri 72000, Thailand']",62.8 km,1 hour 3 mins
26,พระนครศรีอยุธยา,นครปฐม,"['20 Khlong Makharm Riang Rd, Tambon Pratuchai, Amphoe Phra Nakhon Si Ayutthaya, Chang Wat Phra Nakhon Si Ayutthaya 13000, Thailand']","['30 Tesa Rd, Tambon Phra Prathom Chedi, Amphoe Mueang Nakhon Pathom, Chang Wat Nakhon Pathom 73000, Thailand']",119 km,1 hour 46 mins
27,อ่างทอง,พระนครศรีอยุธยา,"['HFQ3+M9X, Bang Kaeo, Mueang Ang Thong District, Ang Thong 14000, Thailand']","['20 Khlong Makharm Riang Rd, Tambon Pratuchai, Amphoe Phra Nakhon Si Ayutthaya, Chang Wat Phra Nakhon Si Ayutthaya 13000, Thailand']",35.1 km,37 mins
28,อ่างทอง,ลพบุรี,"['HFQ3+M9X, Bang Kaeo, Mueang Ang Thong District, Ang Thong 14000, Thailand']","['อาคารที่ว่าการอำเภอเมืองลพบุรี, ถนนนารายณ์มหาราช, ตำบลทะเลชุบศร อำเภอเมืองลพบุรี จังหวัดลพบุรี, 15000 Tambon Tha Hin, Amphoe Mueang Lop Buri, Chang Wat Lopburi 15000, Thailand']",44.5 km,47 mins
29,อ่างทอง,สิงห์บุรี,"['HFQ3+M9X, Bang Kaeo, Mueang Ang Thong District, Ang Thong 14000, Thailand']","['ที่ว่าการอำเภอเมืองสิงห์บุรี ถนน VCQ3+8V8, Wilai Chit, Tambon Bang Phutsa, Amphoe Mueang Sing Buri, Chang Wat Sing Buri 16000, Thailand']",41.0 km,39 mins
30,อ่างทอง,สุพรรณบุรี,"['HFQ3+M9X, Bang Kaeo, Mueang Ang Thong District, Ang Thong 14000, Thailand']","['F4F9+Q9P, Tha Phi Liang, Mueang Suphan Buri District, Suphan Buri 72000, Thailand']",50.4 km,48 mins
31,ลพบุรี,พระนครศรีอยุธยา,"['อาคารที่ว่าการอำเภอเมืองลพบุรี, ถนนนารายณ์มหาราช, ตำบลทะเลชุบศร อำเภอเมืองลพบุรี จังหวัดลพบุรี, 15000 Tambon Tha Hin, Amphoe Mueang Lop Buri, Chang Wat Lopburi 15000, Thailand']","['20 Khlong Makharm Riang Rd, Tambon Pratuchai, Amphoe Phra Nakhon Si Ayutthaya, Chang Wat Phra Nakhon Si Ayutthaya 13000, Thailand']",73.2 km,1 hour 11 mins
32,ลพบุรี,อ่างทอง,"['อาคารที่ว่าการอำเภอเมืองลพบุรี, ถนนนารายณ์มหาราช, ตำบลทะเลชุบศร อำเภอเมืองลพบุรี จังหวัดลพบุรี, 15000 Tambon Tha Hin, Amphoe Mueang Lop Buri, Chang Wat Lopburi 15000, Thailand']","['HFQ3+M9X, Bang Kaeo, Mueang Ang Thong District, Ang Thong 14000, Thailand']",43.4 km,47 mins
33,ลพบุรี,สิงห์บุรี,"['อาคารที่ว่าการอำเภอเมืองลพบุรี, ถนนนารายณ์มหาราช, ตำบลทะเลชุบศร อำเภอเมืองลพบุรี จังหวัดลพบุรี, 15000 Tambon Tha Hin, Amphoe Mueang Lop Buri, Chang Wat Lopburi 15000, Thailand']","['ที่ว่าการอำเภอเมืองสิงห์บุรี ถนน VCQ3+8V8, Wilai Chit, Tambon Bang Phutsa, Amphoe Mueang Sing Buri, Chang Wat Sing Buri 16000, Thailand']",34.1 km,40 mins
34,ลพบุรี,สระบุรี,"['อาคารที่ว่าการอำเภอเมืองลพบุรี, ถนนนารายณ์มหาราช, ตำบลทะเลชุบศร อำเภอเมืองลพบุรี จังหวัดลพบุรี, 15000 Tambon Tha Hin, Amphoe Mueang Lop Buri, Chang Wat Lopburi 15000, Thailand']","['10/4/19 ถนน พิชัยรณรงค์สงคราม Amphoe Mueang Saraburi, Chang Wat Saraburi 18000, Thailand']",46.5 km,54 mins
35,ลพบุรี,นครราชสีมา,"['อาคารที่ว่าการอำเภอเมืองลพบุรี, ถนนนารายณ์มหาราช, ตำบลทะเลชุบศร อำเภอเมืองลพบุรี จังหวัดลพบุรี, 15000 Tambon Tha Hin, Amphoe Mueang Lop Buri, Chang Wat Lopburi 15000, Thailand']","['X3CX+FVW, San-Prasit Rd, Tambon Nai Mueang, Amphoe Mueang Nakhon Ratchasima, Chang Wat Nakhon Ratchasima 30000, Thailand']",194 km,2 hours 46 mins
36,ลพบุรี,ชัยภูมิ,"['อาคารที่ว่าการอำเภอเมืองลพบุรี, ถนนนารายณ์มหาราช, ตำบลทะเลชุบศร อำเภอเมืองลพบุรี จังหวัดลพบุรี, 15000 Tambon Tha Hin, Amphoe Mueang Lop Buri, Chang Wat Lopburi 15000, Thailand']","['อาคารที่ว่าการอำเภอเมืองชัยภูมิ, ถนนองค์การ สาย 2, ตำบลในเมือง อำเภอเมืองชัยภูมิ จังหวัดชัยภูมิ, 36000 Tambon Nai Mueang, Amphoe Mueang Chaiyaphum, Chang Wat Chaiyaphum 36000, Thailand']",229 km,3 hours 24 mins
37,ลพบุรี,นครสวรรค์,"['อาคารที่ว่าการอำเภอเมืองลพบุรี, ถนนนารายณ์มหาราช, ตำบลทะเลชุบศร อำเภอเมืองลพบุรี จังหวัดลพบุรี, 15000 Tambon Tha Hin, Amphoe Mueang Lop Buri, Chang Wat Lopburi 15000, Thailand']","['108/19 Matulee Rd, Tambon Pak Nam Pho, Amphoe Mueang Nakhon Sawan, Chang Wat Nakhon Sawan 60000, Thailand']",131 km,1 hour 53 mins
38,ลพบุรี,เพชรบูรณ์,"['อาคารที่ว่าการอำเภอเมืองลพบุรี, ถนนนารายณ์มหาราช, ตำบลทะเลชุบศร อำเภอเมืองลพบุรี จังหวัดลพบุรี, 15000 Tambon Tha Hin, Amphoe Mueang Lop Buri, Chang Wat Lopburi 15000, Thailand']","['C4VX+5MW, Sadiang, Mueang Phetchabun District, Phetchabun 67000, Thailand']",238 km,3 hours 15 mins
39,สิงห์บุรี,อ่างทอง,"['ที่ว่าการอำเภอเมืองสิงห์บุรี ถนน VCQ3+8V8, Wilai Chit, Tambon Bang Phutsa, Amphoe Mueang Sing Buri, Chang Wat Sing Buri 16000, Thailand']","['HFQ3+M9X, Bang Kaeo, Mueang Ang Thong District, Ang Thong 14000, Thailand']",41.3 km,38 mins
40,สิงห์บุรี,ลพบุรี,"['ที่ว่าการอำเภอเมืองสิงห์บุรี ถนน VCQ3+8V8, Wilai Chit, Tambon Bang Phutsa, Amphoe Mueang Sing Buri, Chang Wat Sing Buri 16000, Thailand']","['อาคารที่ว่าการอำเภอเมืองลพบุรี, ถนนนารายณ์มหาราช, ตำบลทะเลชุบศร อำเภอเมืองลพบุรี จังหวัดลพบุรี, 15000 Tambon Tha Hin, Amphoe Mueang Lop Buri, Chang Wat Lopburi 15000, Thailand']",33.2 km,36 mins
41,สิงห์บุรี,ชัยนาท,"['ที่ว่าการอำเภอเมืองสิงห์บุรี ถนน VCQ3+8V8, Wilai Chit, Tambon Bang Phutsa, Amphoe Mueang Sing Buri, Chang Wat Sing Buri 16000, Thailand']","['328/9 ถนนลูกเสือ 2 Tambon Nai Muang, Amphoe Mueang Chai Nat, Chang Wat Chai Nat 17000, Thailand']",58.4 km,50 mins
42,สิงห์บุรี,นครสวรรค์,"['ที่ว่าการอำเภอเมืองสิงห์บุรี ถนน VCQ3+8V8, Wilai Chit, Tambon Bang Phutsa, Amphoe Mueang Sing Buri, Chang Wat Sing Buri 16000, Thailand']","['108/19 Matulee Rd, Tambon Pak Nam Pho, Amphoe Mueang Nakhon Sawan, Chang Wat Nakhon Sawan 60000, Thailand']",104 km,1 hour 30 mins
43,สิงห์บุรี,สุพรรณบุรี,"['ที่ว่าการอำเภอเมืองสิงห์บุรี ถนน VCQ3+8V8, Wilai Chit, Tambon Bang Phutsa, Amphoe Mueang Sing Buri, Chang Wat Sing Buri 16000, Thailand']","['F4F9+Q9P, Tha Phi Liang, Mueang Suphan Buri District, Suphan Buri 72000, Thailand']",73.6 km,1 hour 18 mins
44,ชัยนาท,สิงห์บุรี,"['328/9 ถนนลูกเสือ 2 Tambon Nai Muang, Amphoe Mueang Chai Nat, Chang Wat Chai Nat 17000, Thailand']","['ที่ว่าการอำเภอเมืองสิงห์บุรี ถนน VCQ3+8V8, Wilai Chit, Tambon Bang Phutsa, Amphoe Mueang Sing Buri, Chang Wat Sing Buri 16000, Thailand']",59.5 km,51 mins
45,ชัยนาท,นครสวรรค์,"['328/9 ถนนลูกเสือ 2 Tambon Nai Muang, Amphoe Mueang Chai Nat, Chang Wat Chai Nat 17000, Thailand']","['108/19 Matulee Rd, Tambon Pak Nam Pho, Amphoe Mueang Nakhon Sawan, Chang Wat Nakhon Sawan 60000, Thailand']",63.1 km,1 hour 0 mins
46,ชัยนาท,อุทัยธานี,"['328/9 ถนนลูกเสือ 2 Tambon Nai Muang, Amphoe Mueang Chai Nat, Chang Wat Chai Nat 17000, Thailand']","['Tha Chang Road , Uthai Mai , 61000 Mueang Uthai Thani , Uthai Thani, ตำบล อุทัยใหม่ อำเภอเมืองอุทัยธานี อุทัยธานี 61000, Thailand']",28.9 km,31 mins
47,ชัยนาท,สุพรรณบุรี,"['328/9 ถนนลูกเสือ 2 Tambon Nai Muang, Amphoe Mueang Chai Nat, Chang Wat Chai Nat 17000, Thailand']","['F4F9+Q9P, Tha Phi Liang, Mueang Suphan Buri District, Suphan Buri 72000, Thailand']",96.2 km,1 hour 28 mins
48,สระบุรี,ปทุมธานี,"['10/4/19 ถนน พิชัยรณรงค์สงคราม Amphoe Mueang Saraburi, Chang Wat Saraburi 18000, Thailand']","['2G9M+VVJ, Thanon Tad Bomrong, Tambon Bang Prok, Amphoe Mueang Pathum Thani, Chang Wat Pathum Thani 12000, Thailand']",80.5 km,1 hour 15 mins
49,สระบุรี,พระนครศรีอยุธยา,"['10/4/19 ถนน พิชัยรณรงค์สงคราม Amphoe Mueang Saraburi, Chang Wat Saraburi 18000, Thailand']","['20 Khlong Makharm Riang Rd, Tambon Pratuchai, Amphoe Phra Nakhon Si Ayutthaya, Chang Wat Phra Nakhon Si Ayutthaya 13000, Thailand']",48.7 km,1 hour 5 mins
50,สระบุรี,ลพบุรี,"['10/4/19 ถนน พิชัยรณรงค์สงคราม Amphoe Mueang Saraburi, Chang Wat Saraburi 18000, Thailand']","['อาคารที่ว่าการอำเภอเมืองลพบุรี, ถนนนารายณ์มหาราช, ตำบลทะเลชุบศร อำเภอเมืองลพบุรี จังหวัดลพบุรี, 15000 Tambon Tha Hin, Amphoe Mueang Lop Buri, Chang Wat Lopburi 15000, Thailand']",46.1 km,51 mins
51,สระบุรี,นครนายก,"['10/4/19 ถนน พิชัยรณรงค์สงคราม Amphoe Mueang Saraburi, Chang Wat Saraburi 18000, Thailand']","['160 Ban Yai Alley, Tambon Ban Yai, Amphoe Mueang Nakhon Nayok, Chang Wat Nakhon Nayok 26000, Thailand']",58.7 km,1 hour 2 mins
52,สระบุรี,นครราชสีมา,"['10/4/19 ถนน พิชัยรณรงค์สงคราม Amphoe Mueang Saraburi, Chang Wat Saraburi 18000, Thailand']","['X3CX+FVW, San-Prasit Rd, Tambon Nai Mueang, Amphoe Mueang Nakhon Ratchasima, Chang Wat Nakhon Ratchasima 30000, Thailand']",153 km,2 hours 3 mins
53,ชลบุรี,ระยอง,"['9X6H+PWW, Phaya Satcha Alley, Tambon Bang Pla Soi, Amphoe Mueang Chon Buri, Chang Wat Chon Buri 20000, Thailand']","['M79F+8PW, Taksin Maharat Rd, Tambon Tha Pradu, Amphoe Mueang Rayong, Chang Wat Rayong 21000, Thailand']",97.9 km,1 hour 24 mins
54,ชลบุรี,จันทบุรี,"['9X6H+PWW, Phaya Satcha Alley, Tambon Bang Pla Soi, Amphoe Mueang Chon Buri, Chang Wat Chon Buri 20000, Thailand']","['33 เลียบเนิน, Tambon Wat Mai, Amphoe Mueang Chanthaburi, Chang Wat Chanthaburi 22000, Thailand']",165 km,2 hours 27 mins
55,ชลบุรี,ฉะเชิงเทรา,"['9X6H+PWW, Phaya Satcha Alley, Tambon Bang Pla Soi, Amphoe Mueang Chon Buri, Chang Wat Chon Buri 20000, Thailand']","['39 Maha Chakkraphat 5, Tambon Na Muang, Amphoe Mueang Chachoengsao, Chang Wat Chachoengsao 24000, Thailand']",45.2 km,53 mins
56,ระยอง,ชลบุรี,"['M79F+8PW, Taksin Maharat Rd, Tambon Tha Pradu, Amphoe Mueang Rayong, Chang Wat Rayong 21000, Thailand']","['9X6H+PWW, Phaya Satcha Alley, Tambon Bang Pla Soi, Amphoe Mueang Chon Buri, Chang Wat Chon Buri 20000, Thailand']",96.6 km,1 hour 20 mins
57,ระยอง,จันทบุรี,"['M79F+8PW, Taksin Maharat Rd, Tambon Tha Pradu, Amphoe Mueang Rayong, Chang Wat Rayong 21000, Thailand']","['33 เลียบเนิน, Tambon Wat Mai, Amphoe Mueang Chanthaburi, Chang Wat Chanthaburi 22000, Thailand']",111 km,1 hour 48 mins
58,ระยอง,ฉะเชิงเทรา,"['M79F+8PW, Taksin Maharat Rd, Tambon Tha Pradu, Amphoe Mueang Rayong, Chang Wat Rayong 21000, Thailand']","['39 Maha Chakkraphat 5, Tambon Na Muang, Amphoe Mueang Chachoengsao, Chang Wat Chachoengsao 24000, Thailand']",141 km,1 hour 55 mins
59,จันทบุรี,ชลบุรี,"['33 เลียบเนิน, Tambon Wat Mai, Amphoe Mueang Chanthaburi, Chang Wat Chanthaburi 22000, Thailand']","['9X6H+PWW, Phaya Satcha Alley, Tambon Bang Pla Soi, Amphoe Mueang Chon Buri, Chang Wat Chon Buri 20000, Thailand']",165 km,2 hours 30 mins
60,จันทบุรี,ระยอง,"['33 เลียบเนิน, Tambon Wat Mai, Amphoe Mueang Chanthaburi, Chang Wat Chanthaburi 22000, Thailand']","['M79F+8PW, Taksin Maharat Rd, Tambon Tha Pradu, Amphoe Mueang Rayong, Chang Wat Rayong 21000, Thailand']",111 km,1 hour 48 mins
61,จันทบุรี,ตราด,"['33 เลียบเนิน, Tambon Wat Mai, Amphoe Mueang Chanthaburi, Chang Wat Chanthaburi 22000, Thailand']","['หมู่ที่ 5 229 Tambon Nong Samet, Amphoe Mueang Trat, Chang Wat Trat 23000, Thailand']",70.1 km,1 hour 6 mins
62,จันทบุรี,ฉะเชิงเทรา,"['33 เลียบเนิน, Tambon Wat Mai, Amphoe Mueang Chanthaburi, Chang Wat Chanthaburi 22000, Thailand']","['39 Maha Chakkraphat 5, Tambon Na Muang, Amphoe Mueang Chachoengsao, Chang Wat Chachoengsao 24000, Thailand']",190 km,2 hours 53 mins
63,จันทบุรี,สระแก้ว,"['33 เลียบเนิน, Tambon Wat Mai, Amphoe Mueang Chanthaburi, Chang Wat Chanthaburi 22000, Thailand']","['9 Thetsaban 12 Alley, Amphoe Mueang Sa Kaeo, Chang Wat Sa Kaeo 27000, Thailand']",157 km,2 hours 13 mins
64,ตราด,จันทบุรี,"['หมู่ที่ 5 229 Tambon Nong Samet, Amphoe Mueang Trat, Chang Wat Trat 23000, Thailand']","['33 เลียบเนิน, Tambon Wat Mai, Amphoe Mueang Chanthaburi, Chang Wat Chanthaburi 22000, Thailand']",69.9 km,1 hour 5 mins
65,ฉะเชิงเทรา,กรุงเทพมหานคร,"['39 Maha Chakkraphat 5, Tambon Na Muang, Amphoe Mueang Chachoengsao, Chang Wat Chachoengsao 24000, Thailand']","['Victory Monument (Din Daeng side), Khwaeng Thanon Phaya Thai, Khet Ratchathewi, Krung Thep Maha Nakhon 10400, Thailand']",68.8 km,1 hour 10 mins
66,ฉะเชิงเทรา,สมุทรปราการ,"['39 Maha Chakkraphat 5, Tambon Na Muang, Amphoe Mueang Chachoengsao, Chang Wat Chachoengsao 24000, Thailand']","['246 Sukhumvit Rd, Thai Ban, อำเภอเมือง Chang Wat Samut Prakan 10280, Thailand']",74.1 km,1 hour 13 mins
67,ฉะเชิงเทรา,ปทุมธานี,"['39 Maha Chakkraphat 5, Tambon Na Muang, Amphoe Mueang Chachoengsao, Chang Wat Chachoengsao 24000, Thailand']","['2G9M+VVJ, Thanon Tad Bomrong, Tambon Bang Prok, Amphoe Mueang Pathum Thani, Chang Wat Pathum Thani 12000, Thailand']",88.0 km,1 hour 32 mins
68,ฉะเชิงเทรา,ชลบุรี,"['39 Maha Chakkraphat 5, Tambon Na Muang, Amphoe Mueang Chachoengsao, Chang Wat Chachoengsao 24000, Thailand']","['9X6H+PWW, Phaya Satcha Alley, Tambon Bang Pla Soi, Amphoe Mueang Chon Buri, Chang Wat Chon Buri 20000, Thailand']",43.1 km,55 mins
69,ฉะเชิงเทรา,ระยอง,"['39 Maha Chakkraphat 5, Tambon Na Muang, Amphoe Mueang Chachoengsao, Chang Wat Chachoengsao 24000, Thailand']","['M79F+8PW, Taksin Maharat Rd, Tambon Tha Pradu, Amphoe Mueang Rayong, Chang Wat Rayong 21000, Thailand']",137 km,1 hour 54 mins
70,ฉะเชิงเทรา,จันทบุรี,"['39 Maha Chakkraphat 5, Tambon Na Muang, Amphoe Mueang Chachoengsao, Chang Wat Chachoengsao 24000, Thailand']","['33 เลียบเนิน, Tambon Wat Mai, Amphoe Mueang Chanthaburi, Chang Wat Chanthaburi 22000, Thailand']",190 km,2 hours 52 mins
71,ฉะเชิงเทรา,ปราจีนบุรี,"['39 Maha Chakkraphat 5, Tambon Na Muang, Amphoe Mueang Chachoengsao, Chang Wat Chachoengsao 24000, Thailand']","['306/9 Prachin Anuson, Tambon Na Muang, Amphoe Mueang Prachin Buri, Chang Wat Prachin Buri 25000, Thailand']",76.3 km,1 hour 7 mins
72,ฉะเชิงเทรา,นครนายก,"['39 Maha Chakkraphat 5, Tambon Na Muang, Amphoe Mueang Chachoengsao, Chang Wat Chachoengsao 24000, Thailand']","['160 Ban Yai Alley, Tambon Ban Yai, Amphoe Mueang Nakhon Nayok, Chang Wat Nakhon Nayok 26000, Thailand']",74.1 km,1 hour 22 mins
73,ฉะเชิงเทรา,สระแก้ว,"['39 Maha Chakkraphat 5, Tambon Na Muang, Amphoe Mueang Chachoengsao, Chang Wat Chachoengsao 24000, Thailand']","['9 Thetsaban 12 Alley, Amphoe Mueang Sa Kaeo, Chang Wat Sa Kaeo 27000, Thailand']",124 km,1 hour 39 mins
74,ปราจีนบุรี,ฉะเชิงเทรา,"['306/9 Prachin Anuson, Tambon Na Muang, Amphoe Mueang Prachin Buri, Chang Wat Prachin Buri 25000, Thailand']","['39 Maha Chakkraphat 5, Tambon Na Muang, Amphoe Mueang Chachoengsao, Chang Wat Chachoengsao 24000, Thailand']",76.3 km,1 hour 7 mins
75,ปราจีนบุรี,นครนายก,"['306/9 Prachin Anuson, Tambon Na Muang, Amphoe Mueang Prachin Buri, Chang Wat Prachin Buri 25000, Thailand']","['160 Ban Yai Alley, Tambon Ban Yai, Amphoe Mueang Nakhon Nayok, Chang Wat Nakhon Nayok 26000, Thailand']",25.4 km,27 mins
76,ปราจีนบุรี,สระแก้ว,"['306/9 Prachin Anuson, Tambon Na Muang, Amphoe Mueang Prachin Buri, Chang Wat Prachin Buri 25000, Thailand']","['9 Thetsaban 12 Alley, Amphoe Mueang Sa Kaeo, Chang Wat Sa Kaeo 27000, Thailand']",89.6 km,1 hour 27 mins
77,ปราจีนบุรี,นครราชสีมา,"['306/9 Prachin Anuson, Tambon Na Muang, Amphoe Mueang Prachin Buri, Chang Wat Prachin Buri 25000, Thailand']","['X3CX+FVW, San-Prasit Rd, Tambon Nai Mueang, Amphoe Mueang Nakhon Ratchasima, Chang Wat Nakhon Ratchasima 30000, Thailand']",189 km,2 hours 57 mins
78,นครนายก,กรุงเทพมหานคร,"['160 Ban Yai Alley, Tambon Ban Yai, Amphoe Mueang Nakhon Nayok, Chang Wat Nakhon Nayok 26000, Thailand']","['Victory Monument (Din Daeng side), Khwaeng Thanon Phaya Thai, Khet Ratchathewi, Krung Thep Maha Nakhon 10400, Thailand']",107 km,1 hour 38 mins
79,นครนายก,ปทุมธานี,"['160 Ban Yai Alley, Tambon Ban Yai, Amphoe Mueang Nakhon Nayok, Chang Wat Nakhon Nayok 26000, Thailand']","['2G9M+VVJ, Thanon Tad Bomrong, Tambon Bang Prok, Amphoe Mueang Pathum Thani, Chang Wat Pathum Thani 12000, Thailand']",90.3 km,1 hour 38 mins
80,นครนายก,สระบุรี,"['160 Ban Yai Alley, Tambon Ban Yai, Amphoe Mueang Nakhon Nayok, Chang Wat Nakhon Nayok 26000, Thailand']","['10/4/19 ถนน พิชัยรณรงค์สงคราม Amphoe Mueang Saraburi, Chang Wat Saraburi 18000, Thailand']",59.3 km,1 hour 2 mins
81,นครนายก,ฉะเชิงเทรา,"['160 Ban Yai Alley, Tambon Ban Yai, Amphoe Mueang Nakhon Nayok, Chang Wat Nakhon Nayok 26000, Thailand']","['39 Maha Chakkraphat 5, Tambon Na Muang, Amphoe Mueang Chachoengsao, Chang Wat Chachoengsao 24000, Thailand']",74.2 km,1 hour 24 mins
82,นครนายก,ปราจีนบุรี,"['160 Ban Yai Alley, Tambon Ban Yai, Amphoe Mueang Nakhon Nayok, Chang Wat Nakhon Nayok 26000, Thailand']","['306/9 Prachin Anuson, Tambon Na Muang, Amphoe Mueang Prachin Buri, Chang Wat Prachin Buri 25000, Thailand']",26.1 km,29 mins
83,นครนายก,นครราชสีมา,"['160 Ban Yai Alley, Tambon Ban Yai, Amphoe Mueang Nakhon Nayok, Chang Wat Nakhon Nayok 26000, Thailand']","['X3CX+FVW, San-Prasit Rd, Tambon Nai Mueang, Amphoe Mueang Nakhon Ratchasima, Chang Wat Nakhon Ratchasima 30000, Thailand']",198 km,2 hours 46 mins
84,สระแก้ว,จันทบุรี,"['9 Thetsaban 12 Alley, Amphoe Mueang Sa Kaeo, Chang Wat Sa Kaeo 27000, Thailand']","['33 เลียบเนิน, Tambon Wat Mai, Amphoe Mueang Chanthaburi, Chang Wat Chanthaburi 22000, Thailand']",157 km,2 hours 20 mins
85,สระแก้ว,ฉะเชิงเทรา,"['9 Thetsaban 12 Alley, Amphoe Mueang Sa Kaeo, Chang Wat Sa Kaeo 27000, Thailand']","['39 Maha Chakkraphat 5, Tambon Na Muang, Amphoe Mueang Chachoengsao, Chang Wat Chachoengsao 24000, Thailand']",121 km,1 hour 45 mins
86,สระแก้ว,ปราจีนบุรี,"['9 Thetsaban 12 Alley, Amphoe Mueang Sa Kaeo, Chang Wat Sa Kaeo 27000, Thailand']","['306/9 Prachin Anuson, Tambon Na Muang, Amphoe Mueang Prachin Buri, Chang Wat Prachin Buri 25000, Thailand']",88.6 km,1 hour 23 mins
87,สระแก้ว,นครราชสีมา,"['9 Thetsaban 12 Alley, Amphoe Mueang Sa Kaeo, Chang Wat Sa Kaeo 27000, Thailand']","['X3CX+FVW, San-Prasit Rd, Tambon Nai Mueang, Amphoe Mueang Nakhon Ratchasima, Chang Wat Nakhon Ratchasima 30000, Thailand']",174 km,2 hours 43 mins
88,สระแก้ว,บุรีรัมย์,"['9 Thetsaban 12 Alley, Amphoe Mueang Sa Kaeo, Chang Wat Sa Kaeo 27000, Thailand']","['234/6 Chira 13 Alley, Tambon Nai Mueang, Amphoe Mueang Buri Ram, Chang Wat Buri Ram 31000, Thailand']",222 km,3 hours 15 mins
89,นครราชสีมา,ลพบุรี,"['X3CX+FVW, San-Prasit Rd, Tambon Nai Mueang, Amphoe Mueang Nakhon Ratchasima, Chang Wat Nakhon Ratchasima 30000, Thailand']","['อาคารที่ว่าการอำเภอเมืองลพบุรี, ถนนนารายณ์มหาราช, ตำบลทะเลชุบศร อำเภอเมืองลพบุรี จังหวัดลพบุรี, 15000 Tambon Tha Hin, Amphoe Mueang Lop Buri, Chang Wat Lopburi 15000, Thailand']",198 km,2 hours 45 mins
90,นครราชสีมา,สระบุรี,"['X3CX+FVW, San-Prasit Rd, Tambon Nai Mueang, Amphoe Mueang Nakhon Ratchasima, Chang Wat Nakhon Ratchasima 30000, Thailand']","['10/4/19 ถนน พิชัยรณรงค์สงคราม Amphoe Mueang Saraburi, Chang Wat Saraburi 18000, Thailand']",155 km,2 hours 0 mins
91,นครราชสีมา,ปราจีนบุรี,"['X3CX+FVW, San-Prasit Rd, Tambon Nai Mueang, Amphoe Mueang Nakhon Ratchasima, Chang Wat Nakhon Ratchasima 30000, Thailand']","['306/9 Prachin Anuson, Tambon Na Muang, Amphoe Mueang Prachin Buri, Chang Wat Prachin Buri 25000, Thailand']",187 km,2 hours 55 mins
92,นครราชสีมา,นครนายก,"['X3CX+FVW, San-Prasit Rd, Tambon Nai Mueang, Amphoe Mueang Nakhon Ratchasima, Chang Wat Nakhon Ratchasima 30000, Thailand']","['160 Ban Yai Alley, Tambon Ban Yai, Amphoe Mueang Nakhon Nayok, Chang Wat Nakhon Nayok 26000, Thailand']",200 km,2 hours 44 mins
93,นครราชสีมา,สระแก้ว,"['X3CX+FVW, San-Prasit Rd, Tambon Nai Mueang, Amphoe Mueang Nakhon Ratchasima, Chang Wat Nakhon Ratchasima 30000, Thailand']","['9 Thetsaban 12 Alley, Amphoe Mueang Sa Kaeo, Chang Wat Sa Kaeo 27000, Thailand']",169 km,2 hours 39 mins
94,นครราชสีมา,บุรีรัมย์,"['X3CX+FVW, San-Prasit Rd, Tambon Nai Mueang, Amphoe Mueang Nakhon Ratchasima, Chang Wat Nakhon Ratchasima 30000, Thailand']","['234/6 Chira 13 Alley, Tambon Nai Mueang, Amphoe Mueang Buri Ram, Chang Wat Buri Ram 31000, Thailand']",125 km,1 hour 55 mins
95,นครราชสีมา,ชัยภูมิ,"['X3CX+FVW, San-Prasit Rd, Tambon Nai Mueang, Amphoe Mueang Nakhon Ratchasima, Chang Wat Nakhon Ratchasima 30000, Thailand']","['อาคารที่ว่าการอำเภอเมืองชัยภูมิ, ถนนองค์การ สาย 2, ตำบลในเมือง อำเภอเมืองชัยภูมิ จังหวัดชัยภูมิ, 36000 Tambon Nai Mueang, Amphoe Mueang Chaiyaphum, Chang Wat Chaiyaphum 36000, Thailand']",124 km,1 hour 59 mins
96,นครราชสีมา,ขอนแก่น,"['X3CX+FVW, San-Prasit Rd, Tambon Nai Mueang, Amphoe Mueang Nakhon Ratchasima, Chang Wat Nakhon Ratchasima 30000, Thailand']","['40000 Tambon Nai Mueang, Amphoe Mueang Khon Kaen, Chang Wat Khon Kaen 40000, Thailand']",193 km,2 hours 59 mins
97,บุรีรัมย์,สระแก้ว,"['234/6 Chira 13 Alley, Tambon Nai Mueang, Amphoe Mueang Buri Ram, Chang Wat Buri Ram 31000, Thailand']","['9 Thetsaban 12 Alley, Amphoe Mueang Sa Kaeo, Chang Wat Sa Kaeo 27000, Thailand']",222 km,3 hours 23 mins
98,บุรีรัมย์,นครราชสีมา,"['234/6 Chira 13 Alley, Tambon Nai Mueang, Amphoe Mueang Buri Ram, Chang Wat Buri Ram 31000, Thailand']","['X3CX+FVW, San-Prasit Rd, Tambon Nai Mueang, Amphoe Mueang Nakhon Ratchasima, Chang Wat Nakhon Ratchasima 30000, Thailand']",127 km,1 hour 56 mins
99,บุรีรัมย์,สุรินทร์,"['234/6 Chira 13 Alley, Tambon Nai Mueang, Amphoe Mueang Buri Ram, Chang Wat Buri Ram 31000, Thailand']","['ที่ว่าการ อำเภอ เมือง สุรินทร์, VFJR+VWW ถนน กรุงศรีนอก ตำบล ในเมือง อำเภอเมืองสุรินทร์ สุรินทร์ 32000, Thailand']",52.4 km,54 mins
100,บุรีรัมย์,ขอนแก่น,"['234/6 Chira 13 Alley, Tambon Nai Mueang, Amphoe Mueang Buri Ram, Chang Wat Buri Ram 31000, Thailand']","['40000 Tambon Nai Mueang, Amphoe Mueang Khon Kaen, Chang Wat Khon Kaen 40000, Thailand']",195 km,3 hours 3 mins
101,บุรีรัมย์,มหาสารคาม,"['234/6 Chira 13 Alley, Tambon Nai Mueang, Amphoe Mueang Buri Ram, Chang Wat Buri Ram 31000, Thailand']","['58M2+MM3, Talat, Mueang Maha Sarakham District, Maha Sarakham 44000, Thailand']",153 km,2 hours 16 mins
102,สุรินทร์,บุรีรัมย์,"['ที่ว่าการ อำเภอ เมือง สุรินทร์, VFJR+VWW ถนน กรุงศรีนอก ตำบล ในเมือง อำเภอเมืองสุรินทร์ สุรินทร์ 32000, Thailand']","['234/6 Chira 13 Alley, Tambon Nai Mueang, Amphoe Mueang Buri Ram, Chang Wat Buri Ram 31000, Thailand']",53.2 km,55 mins
103,สุรินทร์,ศรีสะเกษ,"['ที่ว่าการ อำเภอ เมือง สุรินทร์, VFJR+VWW ถนน กรุงศรีนอก ตำบล ในเมือง อำเภอเมืองสุรินทร์ สุรินทร์ 32000, Thailand']","['เลขที่ 278 ชุมชนกุดหวาย เทศบาลเมืองศรีสะเกษ, ตำบลศรีเกษ อำเภอเมืองศรีสะเกษ จังหวัดศรีสะเกษ, 33000 Tambon Mueang Nuea, Amphoe Mueang Si Sa Ket, Chang Wat Si Sa Ket 33000, Thailand']",106 km,1 hour 39 mins
104,สุรินทร์,มหาสารคาม,"['ที่ว่าการ อำเภอ เมือง สุรินทร์, VFJR+VWW ถนน กรุงศรีนอก ตำบล ในเมือง อำเภอเมืองสุรินทร์ สุรินทร์ 32000, Thailand']","['58M2+MM3, Talat, Mueang Maha Sarakham District, Maha Sarakham 44000, Thailand']",176 km,2 hours 42 mins
105,สุรินทร์,ร้อยเอ็ด,"['ที่ว่าการ อำเภอ เมือง สุรินทร์, VFJR+VWW ถนน กรุงศรีนอก ตำบล ในเมือง อำเภอเมืองสุรินทร์ สุรินทร์ 32000, Thailand']","['3M33+7V6, Nai Mueang, Mueang Roi Et District, Roi Et 45000, Thailand']",146 km,2 hours 11 mins
106,ศรีสะเกษ,สุรินทร์,"['เลขที่ 278 ชุมชนกุดหวาย เทศบาลเมืองศรีสะเกษ, ตำบลศรีเกษ อำเภอเมืองศรีสะเกษ จังหวัดศรีสะเกษ, 33000 Tambon Mueang Nuea, Amphoe Mueang Si Sa Ket, Chang Wat Si Sa Ket 33000, Thailand']","['ที่ว่าการ อำเภอ เมือง สุรินทร์, VFJR+VWW ถนน กรุงศรีนอก ตำบล ในเมือง อำเภอเมืองสุรินทร์ สุรินทร์ 32000, Thailand']",105 km,1 hour 38 mins
107,ศรีสะเกษ,อุบลราชธานี,"['เลขที่ 278 ชุมชนกุดหวาย เทศบาลเมืองศรีสะเกษ, ตำบลศรีเกษ อำเภอเมืองศรีสะเกษ จังหวัดศรีสะเกษ, 33000 Tambon Mueang Nuea, Amphoe Mueang Si Sa Ket, Chang Wat Si Sa Ket 33000, Thailand']","['165 Srinarong, Amphoe Mueang Ubon Ratchathani, Chang Wat Ubon Ratchathani 34000, Thailand']",64.1 km,1 hour 6 mins
108,ศรีสะเกษ,ยโสธร,"['เลขที่ 278 ชุมชนกุดหวาย เทศบาลเมืองศรีสะเกษ, ตำบลศรีเกษ อำเภอเมืองศรีสะเกษ จังหวัดศรีสะเกษ, 33000 Tambon Mueang Nuea, Amphoe Mueang Si Sa Ket, Chang Wat Si Sa Ket 33000, Thailand']","['ที่ว่าการ Chaeng Sanit Rd, Tambon Nai Mueang, Amphoe Mueang Yasothon, Chang Wat Yasothon 35000, Thailand']",104 km,1 hour 38 mins
109,ศรีสะเกษ,ร้อยเอ็ด,"['เลขที่ 278 ชุมชนกุดหวาย เทศบาลเมืองศรีสะเกษ, ตำบลศรีเกษ อำเภอเมืองศรีสะเกษ จังหวัดศรีสะเกษ, 33000 Tambon Mueang Nuea, Amphoe Mueang Si Sa Ket, Chang Wat Si Sa Ket 33000, Thailand']","['3M33+7V6, Nai Mueang, Mueang Roi Et District, Roi Et 45000, Thailand']",147 km,2 hours 12 mins
110,อุบลราชธานี,ศรีสะเกษ,"['165 Srinarong, Amphoe Mueang Ubon Ratchathani, Chang Wat Ubon Ratchathani 34000, Thailand']","['เลขที่ 278 ชุมชนกุดหวาย เทศบาลเมืองศรีสะเกษ, ตำบลศรีเกษ อำเภอเมืองศรีสะเกษ จังหวัดศรีสะเกษ, 33000 Tambon Mueang Nuea, Amphoe Mueang Si Sa Ket, Chang Wat Si Sa Ket 33000, Thailand']",65.8 km,1 hour 9 mins
111,อุบลราชธานี,ยโสธร,"['165 Srinarong, Amphoe Mueang Ubon Ratchathani, Chang Wat Ubon Ratchathani 34000, Thailand']","['ที่ว่าการ Chaeng Sanit Rd, Tambon Nai Mueang, Amphoe Mueang Yasothon, Chang Wat Yasothon 35000, Thailand']",104 km,1 hour 32 mins
112,อุบลราชธานี,อำนาจเจริญ,"['165 Srinarong, Amphoe Mueang Ubon Ratchathani, Chang Wat Ubon Ratchathani 34000, Thailand']","['VJ5H+8PV ถนนชยางกูร Tambon Bung, Amphoe Mueang Amnat Charoen, Chang Wat Amnat Charoen 37000, Thailand']",77.9 km,1 hour 15 mins
113,ยโสธร,ศรีสะเกษ,"['ที่ว่าการ Chaeng Sanit Rd, Tambon Nai Mueang, Amphoe Mueang Yasothon, Chang Wat Yasothon 35000, Thailand']","['เลขที่ 278 ชุมชนกุดหวาย เทศบาลเมืองศรีสะเกษ, ตำบลศรีเกษ อำเภอเมืองศรีสะเกษ จังหวัดศรีสะเกษ, 33000 Tambon Mueang Nuea, Amphoe Mueang Si Sa Ket, Chang Wat Si Sa Ket 33000, Thailand']",99.3 km,1 hour 36 mins
114,ยโสธร,อุบลราชธานี,"['ที่ว่าการ Chaeng Sanit Rd, Tambon Nai Mueang, Amphoe Mueang Yasothon, Chang Wat Yasothon 35000, Thailand']","['165 Srinarong, Amphoe Mueang Ubon Ratchathani, Chang Wat Ubon Ratchathani 34000, Thailand']",104 km,1 hour 32 mins
115,ยโสธร,อำนาจเจริญ,"['ที่ว่าการ Chaeng Sanit Rd, Tambon Nai Mueang, Amphoe Mueang Yasothon, Chang Wat Yasothon 35000, Thailand']","['VJ5H+8PV ถนนชยางกูร Tambon Bung, Amphoe Mueang Amnat Charoen, Chang Wat Amnat Charoen 37000, Thailand']",57.5 km,54 mins
116,ยโสธร,ร้อยเอ็ด,"['ที่ว่าการ Chaeng Sanit Rd, Tambon Nai Mueang, Amphoe Mueang Yasothon, Chang Wat Yasothon 35000, Thailand']","['3M33+7V6, Nai Mueang, Mueang Roi Et District, Roi Et 45000, Thailand']",67.3 km,1 hour 0 mins
117,ยโสธร,มุกดาหาร,"['ที่ว่าการ Chaeng Sanit Rd, Tambon Nai Mueang, Amphoe Mueang Yasothon, Chang Wat Yasothon 35000, Thailand']","['GPQ7+7WG ถนน พิทักษ์พนมเขต Amphoe Mueang Mukdahan, Chang Wat Mukdahan 49000, Thailand']",114 km,1 hour 49 mins
118,ชัยภูมิ,ลพบุรี,"['อาคารที่ว่าการอำเภอเมืองชัยภูมิ, ถนนองค์การ สาย 2, ตำบลในเมือง อำเภอเมืองชัยภูมิ จังหวัดชัยภูมิ, 36000 Tambon Nai Mueang, Amphoe Mueang Chaiyaphum, Chang Wat Chaiyaphum 36000, Thailand']","['อาคารที่ว่าการอำเภอเมืองลพบุรี, ถนนนารายณ์มหาราช, ตำบลทะเลชุบศร อำเภอเมืองลพบุรี จังหวัดลพบุรี, 15000 Tambon Tha Hin, Amphoe Mueang Lop Buri, Chang Wat Lopburi 15000, Thailand']",229 km,3 hours 26 mins
119,ชัยภูมิ,นครราชสีมา,"['อาคารที่ว่าการอำเภอเมืองชัยภูมิ, ถนนองค์การ สาย 2, ตำบลในเมือง อำเภอเมืองชัยภูมิ จังหวัดชัยภูมิ, 36000 Tambon Nai Mueang, Amphoe Mueang Chaiyaphum, Chang Wat Chaiyaphum 36000, Thailand']","['X3CX+FVW, San-Prasit Rd, Tambon Nai Mueang, Amphoe Mueang Nakhon Ratchasima, Chang Wat Nakhon Ratchasima 30000, Thailand']",110 km,1 hour 56 mins
120,ชัยภูมิ,ขอนแก่น,"['อาคารที่ว่าการอำเภอเมืองชัยภูมิ, ถนนองค์การ สาย 2, ตำบลในเมือง อำเภอเมืองชัยภูมิ จังหวัดชัยภูมิ, 36000 Tambon Nai Mueang, Amphoe Mueang Chaiyaphum, Chang Wat Chaiyaphum 36000, Thailand']","['40000 Tambon Nai Mueang, Amphoe Mueang Khon Kaen, Chang Wat Khon Kaen 40000, Thailand']",126 km,1 hour 58 mins
121,ชัยภูมิ,เพชรบูรณ์,"['อาคารที่ว่าการอำเภอเมืองชัยภูมิ, ถนนองค์การ สาย 2, ตำบลในเมือง อำเภอเมืองชัยภูมิ จังหวัดชัยภูมิ, 36000 Tambon Nai Mueang, Amphoe Mueang Chaiyaphum, Chang Wat Chaiyaphum 36000, Thailand']","['C4VX+5MW, Sadiang, Mueang Phetchabun District, Phetchabun 67000, Thailand']",202 km,3 hours 17 mins
122,อำนาจเจริญ,อุบลราชธานี,"['VJ5H+8PV ถนนชยางกูร Tambon Bung, Amphoe Mueang Amnat Charoen, Chang Wat Amnat Charoen 37000, Thailand']","['165 Srinarong, Amphoe Mueang Ubon Ratchathani, Chang Wat Ubon Ratchathani 34000, Thailand']",76.4 km,1 hour 13 mins
123,อำนาจเจริญ,ยโสธร,"['VJ5H+8PV ถนนชยางกูร Tambon Bung, Amphoe Mueang Amnat Charoen, Chang Wat Amnat Charoen 37000, Thailand']","['ที่ว่าการ Chaeng Sanit Rd, Tambon Nai Mueang, Amphoe Mueang Yasothon, Chang Wat Yasothon 35000, Thailand']",62.0 km,1 hour 7 mins
124,อำนาจเจริญ,มุกดาหาร,"['VJ5H+8PV ถนนชยางกูร Tambon Bung, Amphoe Mueang Amnat Charoen, Chang Wat Amnat Charoen 37000, Thailand']","['GPQ7+7WG ถนน พิทักษ์พนมเขต Amphoe Mueang Mukdahan, Chang Wat Mukdahan 49000, Thailand']",89.7 km,1 hour 21 mins
125,บึงกาฬ,หนองคาย,"['9M53+945 ถนนบึงกาฬ-นครพนม Amphoe Mueang Bueng Kan, Chang Wat Bueng Kan 38000, Thailand']","['VPJR+346, Nai Mueang, Mueang Nong Khai District, Nong Khai 43000, Thailand']",138 km,1 hour 58 mins
126,บึงกาฬ,สกลนคร,"['9M53+945 ถนนบึงกาฬ-นครพนม Amphoe Mueang Bueng Kan, Chang Wat Bueng Kan 38000, Thailand']","['อาคารที่ว่าการ 544M+8H4, Ratchakan Alley, Tambon That Na Weng, Amphoe Mueang Sakon Nakhon, Chang Wat Sakon Nakhon 47000, Thailand']",179 km,2 hours 53 mins
127,บึงกาฬ,นครพนม,"['9M53+945 ถนนบึงกาฬ-นครพนม Amphoe Mueang Bueng Kan, Chang Wat Bueng Kan 38000, Thailand']","['9Q86+V8M, Nong Yat, Mueang Nakhon Phanom District, Nakhon Phanom 48000, Thailand']",184 km,2 hours 31 mins
128,หนองบัวลำภู,ขอนแก่น,"['6C3V+JCP, 129 Annaloyo St, Tambon Nong Bua, Amphoe Mueang Nong Bua Lam Phu, Chang Wat Nong Bua Lam Phu 39000, Thailand']","['40000 Tambon Nai Mueang, Amphoe Mueang Khon Kaen, Chang Wat Khon Kaen 40000, Thailand']",113 km,1 hour 52 mins
129,หนองบัวลำภู,อุดรธานี,"['6C3V+JCP, 129 Annaloyo St, Tambon Nong Bua, Amphoe Mueang Nong Bua Lam Phu, Chang Wat Nong Bua Lam Phu 39000, Thailand']","['CQ8P+4CX, Mukkha Montri, Tambon Mak Khaeng, Amphoe Mueang Udon Thani, Chang Wat Udon Thani 41000, Thailand']",47.6 km,51 mins
130,หนองบัวลำภู,เลย,"['6C3V+JCP, 129 Annaloyo St, Tambon Nong Bua, Amphoe Mueang Nong Bua Lam Phu, Chang Wat Nong Bua Lam Phu 39000, Thailand']","['FPQ9+5QC, Kut Pong, Mueang Loei District, Loei 42000, Thailand']",102 km,1 hour 35 mins
131,ขอนแก่น,นครราชสีมา,"['40000 Tambon Nai Mueang, Amphoe Mueang Khon Kaen, Chang Wat Khon Kaen 40000, Thailand']","['X3CX+FVW, San-Prasit Rd, Tambon Nai Mueang, Amphoe Mueang Nakhon Ratchasima, Chang Wat Nakhon Ratchasima 30000, Thailand']",194 km,2 hours 58 mins
132,ขอนแก่น,บุรีรัมย์,"['40000 Tambon Nai Mueang, Amphoe Mueang Khon Kaen, Chang Wat Khon Kaen 40000, Thailand']","['234/6 Chira 13 Alley, Tambon Nai Mueang, Amphoe Mueang Buri Ram, Chang Wat Buri Ram 31000, Thailand']",196 km,3 hours 4 mins
133,ขอนแก่น,ชัยภูมิ,"['40000 Tambon Nai Mueang, Amphoe Mueang Khon Kaen, Chang Wat Khon Kaen 40000, Thailand']","['อาคารที่ว่าการอำเภอเมืองชัยภูมิ, ถนนองค์การ สาย 2, ตำบลในเมือง อำเภอเมืองชัยภูมิ จังหวัดชัยภูมิ, 36000 Tambon Nai Mueang, Amphoe Mueang Chaiyaphum, Chang Wat Chaiyaphum 36000, Thailand']",126 km,1 hour 59 mins
134,ขอนแก่น,หนองบัวลำภู,"['40000 Tambon Nai Mueang, Amphoe Mueang Khon Kaen, Chang Wat Khon Kaen 40000, Thailand']","['6C3V+JCP, 129 Annaloyo St, Tambon Nong Bua, Amphoe Mueang Nong Bua Lam Phu, Chang Wat Nong Bua Lam Phu 39000, Thailand']",113 km,1 hour 55 mins
135,ขอนแก่น,อุดรธานี,"['40000 Tambon Nai Mueang, Amphoe Mueang Khon Kaen, Chang Wat Khon Kaen 40000, Thailand']","['CQ8P+4CX, Mukkha Montri, Tambon Mak Khaeng, Amphoe Mueang Udon Thani, Chang Wat Udon Thani 41000, Thailand']",121 km,1 hour 54 mins
136,ขอนแก่น,เลย,"['40000 Tambon Nai Mueang, Amphoe Mueang Khon Kaen, Chang Wat Khon Kaen 40000, Thailand']","['FPQ9+5QC, Kut Pong, Mueang Loei District, Loei 42000, Thailand']",208 km,3 hours 10 mins
137,ขอนแก่น,มหาสารคาม,"['40000 Tambon Nai Mueang, Amphoe Mueang Khon Kaen, Chang Wat Khon Kaen 40000, Thailand']","['58M2+MM3, Talat, Mueang Maha Sarakham District, Maha Sarakham 44000, Thailand']",77.7 km,1 hour 17 mins
138,ขอนแก่น,กาฬสินธุ์,"['40000 Tambon Nai Mueang, Amphoe Mueang Khon Kaen, Chang Wat Khon Kaen 40000, Thailand']","['CGVM+3MM, Phangmuang Rd, Tambon Nuea, Amphoe Mueang Kalasin, Chang Wat Kalasin 46000, Thailand']",82.4 km,1 hour 18 mins
139,ขอนแก่น,เพชรบูรณ์,"['40000 Tambon Nai Mueang, Amphoe Mueang Khon Kaen, Chang Wat Khon Kaen 40000, Thailand']","['C4VX+5MW, Sadiang, Mueang Phetchabun District, Phetchabun 67000, Thailand']",235 km,3 hours 30 mins
140,อุดรธานี,หนองบัวลำภู,"['CQ8P+4CX, Mukkha Montri, Tambon Mak Khaeng, Amphoe Mueang Udon Thani, Chang Wat Udon Thani 41000, Thailand']","['6C3V+JCP, 129 Annaloyo St, Tambon Nong Bua, Amphoe Mueang Nong Bua Lam Phu, Chang Wat Nong Bua Lam Phu 39000, Thailand']",47.4 km,50 mins
141,อุดรธานี,ขอนแก่น,"['CQ8P+4CX, Mukkha Montri, Tambon Mak Khaeng, Amphoe Mueang Udon Thani, Chang Wat Udon Thani 41000, Thailand']","['40000 Tambon Nai Mueang, Amphoe Mueang Khon Kaen, Chang Wat Khon Kaen 40000, Thailand']",120 km,1 hour 52 mins
142,อุดรธานี,เลย,"['CQ8P+4CX, Mukkha Montri, Tambon Mak Khaeng, Amphoe Mueang Udon Thani, Chang Wat Udon Thani 41000, Thailand']","['FPQ9+5QC, Kut Pong, Mueang Loei District, Loei 42000, Thailand']",148 km,2 hours 22 mins
143,อุดรธานี,หนองคาย,"['CQ8P+4CX, Mukkha Montri, Tambon Mak Khaeng, Amphoe Mueang Udon Thani, Chang Wat Udon Thani 41000, Thailand']","['VPJR+346, Nai Mueang, Mueang Nong Khai District, Nong Khai 43000, Thailand']",53.5 km,49 mins
144,อุดรธานี,กาฬสินธุ์,"['CQ8P+4CX, Mukkha Montri, Tambon Mak Khaeng, Amphoe Mueang Udon Thani, Chang Wat Udon Thani 41000, Thailand']","['CGVM+3MM, Phangmuang Rd, Tambon Nuea, Amphoe Mueang Kalasin, Chang Wat Kalasin 46000, Thailand']",165 km,2 hours 46 mins
145,อุดรธานี,สกลนคร,"['CQ8P+4CX, Mukkha Montri, Tambon Mak Khaeng, Amphoe Mueang Udon Thani, Chang Wat Udon Thani 41000, Thailand']","['อาคารที่ว่าการ 544M+8H4, Ratchakan Alley, Tambon That Na Weng, Amphoe Mueang Sakon Nakhon, Chang Wat Sakon Nakhon 47000, Thailand']",163 km,2 hours 32 mins
146,เลย,หนองบัวลำภู,"['FPQ9+5QC, Kut Pong, Mueang Loei District, Loei 42000, Thailand']","['6C3V+JCP, 129 Annaloyo St, Tambon Nong Bua, Amphoe Mueang Nong Bua Lam Phu, Chang Wat Nong Bua Lam Phu 39000, Thailand']",102 km,1 hour 35 mins
147,เลย,ขอนแก่น,"['FPQ9+5QC, Kut Pong, Mueang Loei District, Loei 42000, Thailand']","['40000 Tambon Nai Mueang, Amphoe Mueang Khon Kaen, Chang Wat Khon Kaen 40000, Thailand']",207 km,3 hours 11 mins
148,เลย,อุดรธานี,"['FPQ9+5QC, Kut Pong, Mueang Loei District, Loei 42000, Thailand']","['CQ8P+4CX, Mukkha Montri, Tambon Mak Khaeng, Amphoe Mueang Udon Thani, Chang Wat Udon Thani 41000, Thailand']",149 km,2 hours 21 mins
149,เลย,หนองคาย,"['FPQ9+5QC, Kut Pong, Mueang Loei District, Loei 42000, Thailand']","['VPJR+346, Nai Mueang, Mueang Nong Khai District, Nong Khai 43000, Thailand']",182 km,3 hours 1 min
150,เลย,พิษณุโลก,"['FPQ9+5QC, Kut Pong, Mueang Loei District, Loei 42000, Thailand']","['7, Ban Khlong, อำเภอเมือง Chang Wat Phitsanulok 65000, Thailand']",228 km,3 hours 25 mins
151,เลย,เพชรบูรณ์,"['FPQ9+5QC, Kut Pong, Mueang Loei District, Loei 42000, Thailand']","['C4VX+5MW, Sadiang, Mueang Phetchabun District, Phetchabun 67000, Thailand']",190 km,2 hours 57 mins
152,หนองคาย,บึงกาฬ,"['VPJR+346, Nai Mueang, Mueang Nong Khai District, Nong Khai 43000, Thailand']","['9M53+945 ถนนบึงกาฬ-นครพนม Amphoe Mueang Bueng Kan, Chang Wat Bueng Kan 38000, Thailand']",137 km,1 hour 56 mins
153,หนองคาย,อุดรธานี,"['VPJR+346, Nai Mueang, Mueang Nong Khai District, Nong Khai 43000, Thailand']","['CQ8P+4CX, Mukkha Montri, Tambon Mak Khaeng, Amphoe Mueang Udon Thani, Chang Wat Udon Thani 41000, Thailand']",54.0 km,52 mins
154,หนองคาย,เลย,"['VPJR+346, Nai Mueang, Mueang Nong Khai District, Nong Khai 43000, Thailand']","['FPQ9+5QC, Kut Pong, Mueang Loei District, Loei 42000, Thailand']",181 km,2 hours 59 mins
155,หนองคาย,สกลนคร,"['VPJR+346, Nai Mueang, Mueang Nong Khai District, Nong Khai 43000, Thailand']","['อาคารที่ว่าการ 544M+8H4, Ratchakan Alley, Tambon That Na Weng, Amphoe Mueang Sakon Nakhon, Chang Wat Sakon Nakhon 47000, Thailand']",216 km,3 hours 14 mins
156,มหาสารคาม,บุรีรัมย์,"['58M2+MM3, Talat, Mueang Maha Sarakham District, Maha Sarakham 44000, Thailand']","['234/6 Chira 13 Alley, Tambon Nai Mueang, Amphoe Mueang Buri Ram, Chang Wat Buri Ram 31000, Thailand']",154 km,2 hours 24 mins
157,มหาสารคาม,สุรินทร์,"['58M2+MM3, Talat, Mueang Maha Sarakham District, Maha Sarakham 44000, Thailand']","['ที่ว่าการ อำเภอ เมือง สุรินทร์, VFJR+VWW ถนน กรุงศรีนอก ตำบล ในเมือง อำเภอเมืองสุรินทร์ สุรินทร์ 32000, Thailand']",173 km,2 hours 43 mins
158,มหาสารคาม,ขอนแก่น,"['58M2+MM3, Talat, Mueang Maha Sarakham District, Maha Sarakham 44000, Thailand']","['40000 Tambon Nai Mueang, Amphoe Mueang Khon Kaen, Chang Wat Khon Kaen 40000, Thailand']",68.9 km,1 hour 16 mins
159,มหาสารคาม,ร้อยเอ็ด,"['58M2+MM3, Talat, Mueang Maha Sarakham District, Maha Sarakham 44000, Thailand']","['3M33+7V6, Nai Mueang, Mueang Roi Et District, Roi Et 45000, Thailand']",41.6 km,46 mins
160,มหาสารคาม,กาฬสินธุ์,"['58M2+MM3, Talat, Mueang Maha Sarakham District, Maha Sarakham 44000, Thailand']","['CGVM+3MM, Phangmuang Rd, Tambon Nuea, Amphoe Mueang Kalasin, Chang Wat Kalasin 46000, Thailand']",49.8 km,55 mins
161,ร้อยเอ็ด,สุรินทร์,"['3M33+7V6, Nai Mueang, Mueang Roi Et District, Roi Et 45000, Thailand']","['ที่ว่าการ อำเภอ เมือง สุรินทร์, VFJR+VWW ถนน กรุงศรีนอก ตำบล ในเมือง อำเภอเมืองสุรินทร์ สุรินทร์ 32000, Thailand']",145 km,2 hours 11 mins
162,ร้อยเอ็ด,ศรีสะเกษ,"['3M33+7V6, Nai Mueang, Mueang Roi Et District, Roi Et 45000, Thailand']","['เลขที่ 278 ชุมชนกุดหวาย เทศบาลเมืองศรีสะเกษ, ตำบลศรีเกษ อำเภอเมืองศรีสะเกษ จังหวัดศรีสะเกษ, 33000 Tambon Mueang Nuea, Amphoe Mueang Si Sa Ket, Chang Wat Si Sa Ket 33000, Thailand']",146 km,2 hours 11 mins
163,ร้อยเอ็ด,ยโสธร,"['3M33+7V6, Nai Mueang, Mueang Roi Et District, Roi Et 45000, Thailand']","['ที่ว่าการ Chaeng Sanit Rd, Tambon Nai Mueang, Amphoe Mueang Yasothon, Chang Wat Yasothon 35000, Thailand']",67.5 km,1 hour 1 min
164,ร้อยเอ็ด,มหาสารคาม,"['3M33+7V6, Nai Mueang, Mueang Roi Et District, Roi Et 45000, Thailand']","['58M2+MM3, Talat, Mueang Maha Sarakham District, Maha Sarakham 44000, Thailand']",41.3 km,46 mins
165,ร้อยเอ็ด,กาฬสินธุ์,"['3M33+7V6, Nai Mueang, Mueang Roi Et District, Roi Et 45000, Thailand']","['CGVM+3MM, Phangmuang Rd, Tambon Nuea, Amphoe Mueang Kalasin, Chang Wat Kalasin 46000, Thailand']",50.9 km,56 mins
166,ร้อยเอ็ด,มุกดาหาร,"['3M33+7V6, Nai Mueang, Mueang Roi Et District, Roi Et 45000, Thailand']","['GPQ7+7WG ถนน พิทักษ์พนมเขต Amphoe Mueang Mukdahan, Chang Wat Mukdahan 49000, Thailand']",153 km,2 hours 10 mins
167,กาฬสินธุ์,ขอนแก่น,"['CGVM+3MM, Phangmuang Rd, Tambon Nuea, Amphoe Mueang Kalasin, Chang Wat Kalasin 46000, Thailand']","['40000 Tambon Nai Mueang, Amphoe Mueang Khon Kaen, Chang Wat Khon Kaen 40000, Thailand']",83.6 km,1 hour 21 mins
168,กาฬสินธุ์,อุดรธานี,"['CGVM+3MM, Phangmuang Rd, Tambon Nuea, Amphoe Mueang Kalasin, Chang Wat Kalasin 46000, Thailand']","['CQ8P+4CX, Mukkha Montri, Tambon Mak Khaeng, Amphoe Mueang Udon Thani, Chang Wat Udon Thani 41000, Thailand']",166 km,2 hours 45 mins
169,กาฬสินธุ์,มหาสารคาม,"['CGVM+3MM, Phangmuang Rd, Tambon Nuea, Amphoe Mueang Kalasin, Chang Wat Kalasin 46000, Thailand']","['58M2+MM3, Talat, Mueang Maha Sarakham District, Maha Sarakham 44000, Thailand']",51.0 km,57 mins
170,กาฬสินธุ์,ร้อยเอ็ด,"['CGVM+3MM, Phangmuang Rd, Tambon Nuea, Amphoe Mueang Kalasin, Chang Wat Kalasin 46000, Thailand']","['3M33+7V6, Nai Mueang, Mueang Roi Et District, Roi Et 45000, Thailand']",52.0 km,58 mins
171,กาฬสินธุ์,สกลนคร,"['CGVM+3MM, Phangmuang Rd, Tambon Nuea, Amphoe Mueang Kalasin, Chang Wat Kalasin 46000, Thailand']","['อาคารที่ว่าการ 544M+8H4, Ratchakan Alley, Tambon That Na Weng, Amphoe Mueang Sakon Nakhon, Chang Wat Sakon Nakhon 47000, Thailand']",125 km,2 hours 3 mins
172,กาฬสินธุ์,มุกดาหาร,"['CGVM+3MM, Phangmuang Rd, Tambon Nuea, Amphoe Mueang Kalasin, Chang Wat Kalasin 46000, Thailand']","['GPQ7+7WG ถนน พิทักษ์พนมเขต Amphoe Mueang Mukdahan, Chang Wat Mukdahan 49000, Thailand']",143 km,1 hour 53 mins
173,สกลนคร,บึงกาฬ,"['อาคารที่ว่าการ 544M+8H4, Ratchakan Alley, Tambon That Na Weng, Amphoe Mueang Sakon Nakhon, Chang Wat Sakon Nakhon 47000, Thailand']","['9M53+945 ถนนบึงกาฬ-นครพนม Amphoe Mueang Bueng Kan, Chang Wat Bueng Kan 38000, Thailand']",184 km,2 hours 50 mins
174,สกลนคร,อุดรธานี,"['อาคารที่ว่าการ 544M+8H4, Ratchakan Alley, Tambon That Na Weng, Amphoe Mueang Sakon Nakhon, Chang Wat Sakon Nakhon 47000, Thailand']","['CQ8P+4CX, Mukkha Montri, Tambon Mak Khaeng, Amphoe Mueang Udon Thani, Chang Wat Udon Thani 41000, Thailand']",164 km,2 hours 29 mins
175,สกลนคร,หนองคาย,"['อาคารที่ว่าการ 544M+8H4, Ratchakan Alley, Tambon That Na Weng, Amphoe Mueang Sakon Nakhon, Chang Wat Sakon Nakhon 47000, Thailand']","['VPJR+346, Nai Mueang, Mueang Nong Khai District, Nong Khai 43000, Thailand']",216 km,3 hours 12 mins
176,สกลนคร,กาฬสินธุ์,"['อาคารที่ว่าการ 544M+8H4, Ratchakan Alley, Tambon That Na Weng, Amphoe Mueang Sakon Nakhon, Chang Wat Sakon Nakhon 47000, Thailand']","['CGVM+3MM, Phangmuang Rd, Tambon Nuea, Amphoe Mueang Kalasin, Chang Wat Kalasin 46000, Thailand']",126 km,2 hours 0 mins
177,สกลนคร,นครพนม,"['อาคารที่ว่าการ 544M+8H4, Ratchakan Alley, Tambon That Na Weng, Amphoe Mueang Sakon Nakhon, Chang Wat Sakon Nakhon 47000, Thailand']","['9Q86+V8M, Nong Yat, Mueang Nakhon Phanom District, Nakhon Phanom 48000, Thailand']",91.8 km,1 hour 22 mins
178,สกลนคร,มุกดาหาร,"['อาคารที่ว่าการ 544M+8H4, Ratchakan Alley, Tambon That Na Weng, Amphoe Mueang Sakon Nakhon, Chang Wat Sakon Nakhon 47000, Thailand']","['GPQ7+7WG ถนน พิทักษ์พนมเขต Amphoe Mueang Mukdahan, Chang Wat Mukdahan 49000, Thailand']",117 km,1 hour 47 mins
179,นครพนม,บึงกาฬ,"['9Q86+V8M, Nong Yat, Mueang Nakhon Phanom District, Nakhon Phanom 48000, Thailand']","['9M53+945 ถนนบึงกาฬ-นครพนม Amphoe Mueang Bueng Kan, Chang Wat Bueng Kan 38000, Thailand']",185 km,2 hours 33 mins
180,นครพนม,สกลนคร,"['9Q86+V8M, Nong Yat, Mueang Nakhon Phanom District, Nakhon Phanom 48000, Thailand']","['อาคารที่ว่าการ 544M+8H4, Ratchakan Alley, Tambon That Na Weng, Amphoe Mueang Sakon Nakhon, Chang Wat Sakon Nakhon 47000, Thailand']",91.4 km,1 hour 22 mins
181,นครพนม,มุกดาหาร,"['9Q86+V8M, Nong Yat, Mueang Nakhon Phanom District, Nakhon Phanom 48000, Thailand']","['GPQ7+7WG ถนน พิทักษ์พนมเขต Amphoe Mueang Mukdahan, Chang Wat Mukdahan 49000, Thailand']",107 km,1 hour 40 mins
182,มุกดาหาร,ยโสธร,"['GPQ7+7WG ถนน พิทักษ์พนมเขต Amphoe Mueang Mukdahan, Chang Wat Mukdahan 49000, Thailand']","['ที่ว่าการ Chaeng Sanit Rd, Tambon Nai Mueang, Amphoe Mueang Yasothon, Chang Wat Yasothon 35000, Thailand']",115 km,1 hour 48 mins
183,มุกดาหาร,อำนาจเจริญ,"['GPQ7+7WG ถนน พิทักษ์พนมเขต Amphoe Mueang Mukdahan, Chang Wat Mukdahan 49000, Thailand']","['VJ5H+8PV ถนนชยางกูร Tambon Bung, Amphoe Mueang Amnat Charoen, Chang Wat Amnat Charoen 37000, Thailand']",89.6 km,1 hour 20 mins
184,มุกดาหาร,ร้อยเอ็ด,"['GPQ7+7WG ถนน พิทักษ์พนมเขต Amphoe Mueang Mukdahan, Chang Wat Mukdahan 49000, Thailand']","['3M33+7V6, Nai Mueang, Mueang Roi Et District, Roi Et 45000, Thailand']",153 km,2 hours 10 mins
185,มุกดาหาร,กาฬสินธุ์,"['GPQ7+7WG ถนน พิทักษ์พนมเขต Amphoe Mueang Mukdahan, Chang Wat Mukdahan 49000, Thailand']","['CGVM+3MM, Phangmuang Rd, Tambon Nuea, Amphoe Mueang Kalasin, Chang Wat Kalasin 46000, Thailand']",145 km,1 hour 53 mins
186,มุกดาหาร,สกลนคร,"['GPQ7+7WG ถนน พิทักษ์พนมเขต Amphoe Mueang Mukdahan, Chang Wat Mukdahan 49000, Thailand']","['อาคารที่ว่าการ 544M+8H4, Ratchakan Alley, Tambon That Na Weng, Amphoe Mueang Sakon Nakhon, Chang Wat Sakon Nakhon 47000, Thailand']",117 km,1 hour 50 mins
187,มุกดาหาร,นครพนม,"['GPQ7+7WG ถนน พิทักษ์พนมเขต Amphoe Mueang Mukdahan, Chang Wat Mukdahan 49000, Thailand']","['9Q86+V8M, Nong Yat, Mueang Nakhon Phanom District, Nakhon Phanom 48000, Thailand']",108 km,1 hour 40 mins
188,เชียงใหม่,ลำพูน,"['99/9 Chotana Rd, Tambon Chang Phueak, Amphoe Mueang Chiang Mai, Chang Wat Chiang Mai 50300, Thailand']","['H2H9+69C, Wiang Yong, Mueang Lamphun District, Lamphun 51000, Thailand']",36.4 km,41 mins
189,เชียงใหม่,ลำปาง,"['99/9 Chotana Rd, Tambon Chang Phueak, Amphoe Mueang Chiang Mai, Chang Wat Chiang Mai 50300, Thailand']","['8 ถนนบุญวาทย์ Tambon Hua Wiang, Amphoe Mueang Lampang, Chang Wat Lampang 52000, Thailand']",107 km,1 hour 39 mins
190,เชียงใหม่,เชียงราย,"['99/9 Chotana Rd, Tambon Chang Phueak, Amphoe Mueang Chiang Mai, Chang Wat Chiang Mai 50300, Thailand']","['525 หมู่ที่ 6 Tambon Rim Kok, Amphoe Mueang Chiang Rai, Chang Wat Chiang Rai 57100, Thailand']",194 km,3 hours 5 mins
191,เชียงใหม่,แม่ฮ่องสอน,"['99/9 Chotana Rd, Tambon Chang Phueak, Amphoe Mueang Chiang Mai, Chang Wat Chiang Mai 50300, Thailand']","['อาคารที่ว่าการอำเภอเมืองแม่ฮ่องสอน, ถนนปางล้อนิคม, ตำบลจองคำ อำเภอเมืองแม่ฮ่องสอน จังหวัดแม่ฮ่องสอน, 58000 Tambon Pang Mu, Amphoe Mueang Mae Hong Son, Chang Wat Mae Hong Son 58000, Thailand']",230 km,4 hours 53 mins
192,เชียงใหม่,ตาก,"['99/9 Chotana Rd, Tambon Chang Phueak, Amphoe Mueang Chiang Mai, Chang Wat Chiang Mai 50300, Thailand']","['V4JF+HF3, Nong Luang, Mueang Tak District, Tak 63000, Thailand']",281 km,3 hours 37 mins
193,ลำพูน,เชียงใหม่,"['H2H9+69C, Wiang Yong, Mueang Lamphun District, Lamphun 51000, Thailand']","['99/9 Chotana Rd, Tambon Chang Phueak, Amphoe Mueang Chiang Mai, Chang Wat Chiang Mai 50300, Thailand']",37.7 km,38 mins
194,ลำพูน,ลำปาง,"['H2H9+69C, Wiang Yong, Mueang Lamphun District, Lamphun 51000, Thailand']","['8 ถนนบุญวาทย์ Tambon Hua Wiang, Amphoe Mueang Lampang, Chang Wat Lampang 52000, Thailand']",74.8 km,1 hour 8 mins
195,ลำพูน,ตาก,"['H2H9+69C, Wiang Yong, Mueang Lamphun District, Lamphun 51000, Thailand']","['V4JF+HF3, Nong Luang, Mueang Tak District, Tak 63000, Thailand']",248 km,3 hours 6 mins
196,ลำปาง,เชียงใหม่,"['8 ถนนบุญวาทย์ Tambon Hua Wiang, Amphoe Mueang Lampang, Chang Wat Lampang 52000, Thailand']","['99/9 Chotana Rd, Tambon Chang Phueak, Amphoe Mueang Chiang Mai, Chang Wat Chiang Mai 50300, Thailand']",107 km,1 hour 37 mins
197,ลำปาง,ลำพูน,"['8 ถนนบุญวาทย์ Tambon Hua Wiang, Amphoe Mueang Lampang, Chang Wat Lampang 52000, Thailand']","['H2H9+69C, Wiang Yong, Mueang Lamphun District, Lamphun 51000, Thailand']",75.3 km,1 hour 8 mins
198,ลำปาง,แพร่,"['8 ถนนบุญวาทย์ Tambon Hua Wiang, Amphoe Mueang Lampang, Chang Wat Lampang 52000, Thailand']","['ที่ว่าการอำเภอเมืองแพร่ ถนน 44WR+5GH, Chaiyabun Rd, Tambon Nai Wiang, Amphoe Mueang Phrae, Chang Wat Phrae 54000, Thailand']",102 km,1 hour 33 mins
199,ลำปาง,พะเยา,"['8 ถนนบุญวาทย์ Tambon Hua Wiang, Amphoe Mueang Lampang, Chang Wat Lampang 52000, Thailand']","['99 หมู่ 12, ตำบลจําป่าหวาย อำเภอเมือง จังหวัดพะเยา, 56000 Tambon Ban Tom, Amphoe Mueang Phayao, Chang Wat Phayao 56000, Thailand']",137 km,2 hours 4 mins
200,ลำปาง,เชียงราย,"['8 ถนนบุญวาทย์ Tambon Hua Wiang, Amphoe Mueang Lampang, Chang Wat Lampang 52000, Thailand']","['525 หมู่ที่ 6 Tambon Rim Kok, Amphoe Mueang Chiang Rai, Chang Wat Chiang Rai 57100, Thailand']",231 km,3 hours 28 mins
201,ลำปาง,ตาก,"['8 ถนนบุญวาทย์ Tambon Hua Wiang, Amphoe Mueang Lampang, Chang Wat Lampang 52000, Thailand']","['V4JF+HF3, Nong Luang, Mueang Tak District, Tak 63000, Thailand']",183 km,2 hours 19 mins
202,ลำปาง,สุโขทัย,"['8 ถนนบุญวาทย์ Tambon Hua Wiang, Amphoe Mueang Lampang, Chang Wat Lampang 52000, Thailand']","['2R5F+596, Thani, Mueang Sukhothai District, Sukhothai 64000, Thailand']",210 km,3 hours 1 min
203,อุตรดิตถ์,แพร่,"['J3GW+8Q6, Pracha Nimit Rd, Tambon Tha It, Amphoe Mueang Uttaradit, Chang Wat Uttaradit 53000, Thailand']","['ที่ว่าการอำเภอเมืองแพร่ ถนน 44WR+5GH, Chaiyabun Rd, Tambon Nai Wiang, Amphoe Mueang Phrae, Chang Wat Phrae 54000, Thailand']",75.3 km,1 hour 9 mins
204,อุตรดิตถ์,น่าน,"['J3GW+8Q6, Pracha Nimit Rd, Tambon Tha It, Amphoe Mueang Uttaradit, Chang Wat Uttaradit 53000, Thailand']","['45 ม.6, อ.เมือง จ.น่าน, 55000 Tambon Chaiyasathan, Amphoe Mueang Nan, Chang Wat Nan 55000, Thailand']",195 km,2 hours 50 mins
205,อุตรดิตถ์,สุโขทัย,"['J3GW+8Q6, Pracha Nimit Rd, Tambon Tha It, Amphoe Mueang Uttaradit, Chang Wat Uttaradit 53000, Thailand']","['2R5F+596, Thani, Mueang Sukhothai District, Sukhothai 64000, Thailand']",88.5 km,1 hour 28 mins
206,อุตรดิตถ์,พิษณุโลก,"['J3GW+8Q6, Pracha Nimit Rd, Tambon Tha It, Amphoe Mueang Uttaradit, Chang Wat Uttaradit 53000, Thailand']","['7, Ban Khlong, อำเภอเมือง Chang Wat Phitsanulok 65000, Thailand']",110 km,1 hour 32 mins
207,แพร่,ลำปาง,"['ที่ว่าการอำเภอเมืองแพร่ ถนน 44WR+5GH, Chaiyabun Rd, Tambon Nai Wiang, Amphoe Mueang Phrae, Chang Wat Phrae 54000, Thailand']","['8 ถนนบุญวาทย์ Tambon Hua Wiang, Amphoe Mueang Lampang, Chang Wat Lampang 52000, Thailand']",103 km,1 hour 34 mins
208,แพร่,อุตรดิตถ์,"['ที่ว่าการอำเภอเมืองแพร่ ถนน 44WR+5GH, Chaiyabun Rd, Tambon Nai Wiang, Amphoe Mueang Phrae, Chang Wat Phrae 54000, Thailand']","['J3GW+8Q6, Pracha Nimit Rd, Tambon Tha It, Amphoe Mueang Uttaradit, Chang Wat Uttaradit 53000, Thailand']",75.5 km,1 hour 10 mins
209,แพร่,น่าน,"['ที่ว่าการอำเภอเมืองแพร่ ถนน 44WR+5GH, Chaiyabun Rd, Tambon Nai Wiang, Amphoe Mueang Phrae, Chang Wat Phrae 54000, Thailand']","['45 ม.6, อ.เมือง จ.น่าน, 55000 Tambon Chaiyasathan, Amphoe Mueang Nan, Chang Wat Nan 55000, Thailand']",121 km,1 hour 48 mins
210,แพร่,พะเยา,"['ที่ว่าการอำเภอเมืองแพร่ ถนน 44WR+5GH, Chaiyabun Rd, Tambon Nai Wiang, Amphoe Mueang Phrae, Chang Wat Phrae 54000, Thailand']","['99 หมู่ 12, ตำบลจําป่าหวาย อำเภอเมือง จังหวัดพะเยา, 56000 Tambon Ban Tom, Amphoe Mueang Phayao, Chang Wat Phayao 56000, Thailand']",149 km,2 hours 14 mins
211,แพร่,สุโขทัย,"['ที่ว่าการอำเภอเมืองแพร่ ถนน 44WR+5GH, Chaiyabun Rd, Tambon Nai Wiang, Amphoe Mueang Phrae, Chang Wat Phrae 54000, Thailand']","['2R5F+596, Thani, Mueang Sukhothai District, Sukhothai 64000, Thailand']",164 km,2 hours 34 mins
212,น่าน,อุตรดิตถ์,"['45 ม.6, อ.เมือง จ.น่าน, 55000 Tambon Chaiyasathan, Amphoe Mueang Nan, Chang Wat Nan 55000, Thailand']","['J3GW+8Q6, Pracha Nimit Rd, Tambon Tha It, Amphoe Mueang Uttaradit, Chang Wat Uttaradit 53000, Thailand']",195 km,2 hours 50 mins
213,น่าน,แพร่,"['45 ม.6, อ.เมือง จ.น่าน, 55000 Tambon Chaiyasathan, Amphoe Mueang Nan, Chang Wat Nan 55000, Thailand']","['ที่ว่าการอำเภอเมืองแพร่ ถนน 44WR+5GH, Chaiyabun Rd, Tambon Nai Wiang, Amphoe Mueang Phrae, Chang Wat Phrae 54000, Thailand']",121 km,1 hour 50 mins
214,น่าน,พะเยา,"['45 ม.6, อ.เมือง จ.น่าน, 55000 Tambon Chaiyasathan, Amphoe Mueang Nan, Chang Wat Nan 55000, Thailand']","['99 หมู่ 12, ตำบลจําป่าหวาย อำเภอเมือง จังหวัดพะเยา, 56000 Tambon Ban Tom, Amphoe Mueang Phayao, Chang Wat Phayao 56000, Thailand']",147 km,2 hours 40 mins
215,พะเยา,ลำปาง,"['99 หมู่ 12, ตำบลจําป่าหวาย อำเภอเมือง จังหวัดพะเยา, 56000 Tambon Ban Tom, Amphoe Mueang Phayao, Chang Wat Phayao 56000, Thailand']","['8 ถนนบุญวาทย์ Tambon Hua Wiang, Amphoe Mueang Lampang, Chang Wat Lampang 52000, Thailand']",137 km,2 hours 3 mins
216,พะเยา,แพร่,"['99 หมู่ 12, ตำบลจําป่าหวาย อำเภอเมือง จังหวัดพะเยา, 56000 Tambon Ban Tom, Amphoe Mueang Phayao, Chang Wat Phayao 56000, Thailand']","['ที่ว่าการอำเภอเมืองแพร่ ถนน 44WR+5GH, Chaiyabun Rd, Tambon Nai Wiang, Amphoe Mueang Phrae, Chang Wat Phrae 54000, Thailand']",149 km,2 hours 16 mins
217,พะเยา,น่าน,"['99 หมู่ 12, ตำบลจําป่าหวาย อำเภอเมือง จังหวัดพะเยา, 56000 Tambon Ban Tom, Amphoe Mueang Phayao, Chang Wat Phayao 56000, Thailand']","['45 ม.6, อ.เมือง จ.น่าน, 55000 Tambon Chaiyasathan, Amphoe Mueang Nan, Chang Wat Nan 55000, Thailand']",147 km,2 hours 39 mins
218,พะเยา,เชียงราย,"['99 หมู่ 12, ตำบลจําป่าหวาย อำเภอเมือง จังหวัดพะเยา, 56000 Tambon Ban Tom, Amphoe Mueang Phayao, Chang Wat Phayao 56000, Thailand']","['525 หมู่ที่ 6 Tambon Rim Kok, Amphoe Mueang Chiang Rai, Chang Wat Chiang Rai 57100, Thailand']",94.8 km,1 hour 28 mins
219,เชียงราย,เชียงใหม่,"['525 หมู่ที่ 6 Tambon Rim Kok, Amphoe Mueang Chiang Rai, Chang Wat Chiang Rai 57100, Thailand']","['99/9 Chotana Rd, Tambon Chang Phueak, Amphoe Mueang Chiang Mai, Chang Wat Chiang Mai 50300, Thailand']",194 km,3 hours 3 mins
220,เชียงราย,ลำปาง,"['525 หมู่ที่ 6 Tambon Rim Kok, Amphoe Mueang Chiang Rai, Chang Wat Chiang Rai 57100, Thailand']","['8 ถนนบุญวาทย์ Tambon Hua Wiang, Amphoe Mueang Lampang, Chang Wat Lampang 52000, Thailand']",231 km,3 hours 27 mins
221,เชียงราย,พะเยา,"['525 หมู่ที่ 6 Tambon Rim Kok, Amphoe Mueang Chiang Rai, Chang Wat Chiang Rai 57100, Thailand']","['99 หมู่ 12, ตำบลจําป่าหวาย อำเภอเมือง จังหวัดพะเยา, 56000 Tambon Ban Tom, Amphoe Mueang Phayao, Chang Wat Phayao 56000, Thailand']",94.4 km,1 hour 26 mins
222,แม่ฮ่องสอน,เชียงใหม่,"['อาคารที่ว่าการอำเภอเมืองแม่ฮ่องสอน, ถนนปางล้อนิคม, ตำบลจองคำ อำเภอเมืองแม่ฮ่องสอน จังหวัดแม่ฮ่องสอน, 58000 Tambon Pang Mu, Amphoe Mueang Mae Hong Son, Chang Wat Mae Hong Son 58000, Thailand']","['99/9 Chotana Rd, Tambon Chang Phueak, Amphoe Mueang Chiang Mai, Chang Wat Chiang Mai 50300, Thailand']",231 km,4 hours 52 mins
223,แม่ฮ่องสอน,ตาก,"['อาคารที่ว่าการอำเภอเมืองแม่ฮ่องสอน, ถนนปางล้อนิคม, ตำบลจองคำ อำเภอเมืองแม่ฮ่องสอน จังหวัดแม่ฮ่องสอน, 58000 Tambon Pang Mu, Amphoe Mueang Mae Hong Son, Chang Wat Mae Hong Son 58000, Thailand']","['V4JF+HF3, Nong Luang, Mueang Tak District, Tak 63000, Thailand']",476 km,8 hours 17 mins
224,นครสวรรค์,ลพบุรี,"['108/19 Matulee Rd, Tambon Pak Nam Pho, Amphoe Mueang Nakhon Sawan, Chang Wat Nakhon Sawan 60000, Thailand']","['อาคารที่ว่าการอำเภอเมืองลพบุรี, ถนนนารายณ์มหาราช, ตำบลทะเลชุบศร อำเภอเมืองลพบุรี จังหวัดลพบุรี, 15000 Tambon Tha Hin, Amphoe Mueang Lop Buri, Chang Wat Lopburi 15000, Thailand']",131 km,1 hour 50 mins
225,นครสวรรค์,สิงห์บุรี,"['108/19 Matulee Rd, Tambon Pak Nam Pho, Amphoe Mueang Nakhon Sawan, Chang Wat Nakhon Sawan 60000, Thailand']","['ที่ว่าการอำเภอเมืองสิงห์บุรี ถนน VCQ3+8V8, Wilai Chit, Tambon Bang Phutsa, Amphoe Mueang Sing Buri, Chang Wat Sing Buri 16000, Thailand']",104 km,1 hour 29 mins
226,นครสวรรค์,ชัยนาท,"['108/19 Matulee Rd, Tambon Pak Nam Pho, Amphoe Mueang Nakhon Sawan, Chang Wat Nakhon Sawan 60000, Thailand']","['328/9 ถนนลูกเสือ 2 Tambon Nai Muang, Amphoe Mueang Chai Nat, Chang Wat Chai Nat 17000, Thailand']",63.4 km,1 hour 0 mins
227,นครสวรรค์,อุทัยธานี,"['108/19 Matulee Rd, Tambon Pak Nam Pho, Amphoe Mueang Nakhon Sawan, Chang Wat Nakhon Sawan 60000, Thailand']","['Tha Chang Road , Uthai Mai , 61000 Mueang Uthai Thani , Uthai Thani, ตำบล อุทัยใหม่ อำเภอเมืองอุทัยธานี อุทัยธานี 61000, Thailand']",44.4 km,50 mins
228,นครสวรรค์,กำแพงเพชร,"['108/19 Matulee Rd, Tambon Pak Nam Pho, Amphoe Mueang Nakhon Sawan, Chang Wat Nakhon Sawan 60000, Thailand']","['FGPF+3XG, Nai Mueang, Mueang Kamphaeng Phet District, Kamphaeng Phet 62000, Thailand']",122 km,1 hour 43 mins
229,นครสวรรค์,ตาก,"['108/19 Matulee Rd, Tambon Pak Nam Pho, Amphoe Mueang Nakhon Sawan, Chang Wat Nakhon Sawan 60000, Thailand']","['V4JF+HF3, Nong Luang, Mueang Tak District, Tak 63000, Thailand']",186 km,2 hours 31 mins
230,นครสวรรค์,พิจิตร,"['108/19 Matulee Rd, Tambon Pak Nam Pho, Amphoe Mueang Nakhon Sawan, Chang Wat Nakhon Sawan 60000, Thailand']","['4/411ต.ในเมือง อ.เมือง Tambon Nai Mueang, Amphoe Mueang Phichit, Chang Wat Phichit 66000, Thailand']",109 km,1 hour 38 mins
231,นครสวรรค์,เพชรบูรณ์,"['108/19 Matulee Rd, Tambon Pak Nam Pho, Amphoe Mueang Nakhon Sawan, Chang Wat Nakhon Sawan 60000, Thailand']","['C4VX+5MW, Sadiang, Mueang Phetchabun District, Phetchabun 67000, Thailand']",194 km,2 hours 52 mins
232,อุทัยธานี,ชัยนาท,"['Tha Chang Road , Uthai Mai , 61000 Mueang Uthai Thani , Uthai Thani, ตำบล อุทัยใหม่ อำเภอเมืองอุทัยธานี อุทัยธานี 61000, Thailand']","['328/9 ถนนลูกเสือ 2 Tambon Nai Muang, Amphoe Mueang Chai Nat, Chang Wat Chai Nat 17000, Thailand']",29.1 km,31 mins
233,อุทัยธานี,นครสวรรค์,"['Tha Chang Road , Uthai Mai , 61000 Mueang Uthai Thani , Uthai Thani, ตำบล อุทัยใหม่ อำเภอเมืองอุทัยธานี อุทัยธานี 61000, Thailand']","['108/19 Matulee Rd, Tambon Pak Nam Pho, Amphoe Mueang Nakhon Sawan, Chang Wat Nakhon Sawan 60000, Thailand']",44.5 km,48 mins
234,อุทัยธานี,ตาก,"['Tha Chang Road , Uthai Mai , 61000 Mueang Uthai Thani , Uthai Thani, ตำบล อุทัยใหม่ อำเภอเมืองอุทัยธานี อุทัยธานี 61000, Thailand']","['V4JF+HF3, Nong Luang, Mueang Tak District, Tak 63000, Thailand']",221 km,2 hours 57 mins
235,อุทัยธานี,กาญจนบุรี,"['Tha Chang Road , Uthai Mai , 61000 Mueang Uthai Thani , Uthai Thani, ตำบล อุทัยใหม่ อำเภอเมืองอุทัยธานี อุทัยธานี 61000, Thailand']","['328 Sangchuto Rd, Ban Tai, Amphoe Mueang Kanchanaburi, Chang Wat Kanchanaburi 71000, Thailand']",187 km,2 hours 58 mins
236,อุทัยธานี,สุพรรณบุรี,"['Tha Chang Road , Uthai Mai , 61000 Mueang Uthai Thani , Uthai Thani, ตำบล อุทัยใหม่ อำเภอเมืองอุทัยธานี อุทัยธานี 61000, Thailand']","['F4F9+Q9P, Tha Phi Liang, Mueang Suphan Buri District, Suphan Buri 72000, Thailand']",123 km,1 hour 53 mins
237,กำแพงเพชร,นครสวรรค์,"['FGPF+3XG, Nai Mueang, Mueang Kamphaeng Phet District, Kamphaeng Phet 62000, Thailand']","['108/19 Matulee Rd, Tambon Pak Nam Pho, Amphoe Mueang Nakhon Sawan, Chang Wat Nakhon Sawan 60000, Thailand']",123 km,1 hour 41 mins
238,กำแพงเพชร,ตาก,"['FGPF+3XG, Nai Mueang, Mueang Kamphaeng Phet District, Kamphaeng Phet 62000, Thailand']","['V4JF+HF3, Nong Luang, Mueang Tak District, Tak 63000, Thailand']",71.5 km,1 hour 0 mins
239,กำแพงเพชร,สุโขทัย,"['FGPF+3XG, Nai Mueang, Mueang Kamphaeng Phet District, Kamphaeng Phet 62000, Thailand']","['2R5F+596, Thani, Mueang Sukhothai District, Sukhothai 64000, Thailand']",79.3 km,1 hour 12 mins
240,กำแพงเพชร,พิษณุโลก,"['FGPF+3XG, Nai Mueang, Mueang Kamphaeng Phet District, Kamphaeng Phet 62000, Thailand']","['7, Ban Khlong, อำเภอเมือง Chang Wat Phitsanulok 65000, Thailand']",108 km,1 hour 38 mins
241,กำแพงเพชร,พิจิตร,"['FGPF+3XG, Nai Mueang, Mueang Kamphaeng Phet District, Kamphaeng Phet 62000, Thailand']","['4/411ต.ในเมือง อ.เมือง Tambon Nai Mueang, Amphoe Mueang Phichit, Chang Wat Phichit 66000, Thailand']",94.1 km,1 hour 26 mins
242,ตาก,เชียงใหม่,"['V4JF+HF3, Nong Luang, Mueang Tak District, Tak 63000, Thailand']","['99/9 Chotana Rd, Tambon Chang Phueak, Amphoe Mueang Chiang Mai, Chang Wat Chiang Mai 50300, Thailand']",272 km,3 hours 34 mins
243,ตาก,ลำพูน,"['V4JF+HF3, Nong Luang, Mueang Tak District, Tak 63000, Thailand']","['H2H9+69C, Wiang Yong, Mueang Lamphun District, Lamphun 51000, Thailand']",240 km,3 hours 6 mins
244,ตาก,ลำปาง,"['V4JF+HF3, Nong Luang, Mueang Tak District, Tak 63000, Thailand']","['8 ถนนบุญวาทย์ Tambon Hua Wiang, Amphoe Mueang Lampang, Chang Wat Lampang 52000, Thailand']",183 km,2 hours 23 mins
245,ตาก,แม่ฮ่องสอน,"['V4JF+HF3, Nong Luang, Mueang Tak District, Tak 63000, Thailand']","['อาคารที่ว่าการอำเภอเมืองแม่ฮ่องสอน, ถนนปางล้อนิคม, ตำบลจองคำ อำเภอเมืองแม่ฮ่องสอน จังหวัดแม่ฮ่องสอน, 58000 Tambon Pang Mu, Amphoe Mueang Mae Hong Son, Chang Wat Mae Hong Son 58000, Thailand']",459 km,8 hours 18 mins
246,ตาก,นครสวรรค์,"['V4JF+HF3, Nong Luang, Mueang Tak District, Tak 63000, Thailand']","['108/19 Matulee Rd, Tambon Pak Nam Pho, Amphoe Mueang Nakhon Sawan, Chang Wat Nakhon Sawan 60000, Thailand']",187 km,2 hours 29 mins
247,ตาก,อุทัยธานี,"['V4JF+HF3, Nong Luang, Mueang Tak District, Tak 63000, Thailand']","['Tha Chang Road , Uthai Mai , 61000 Mueang Uthai Thani , Uthai Thani, ตำบล อุทัยใหม่ อำเภอเมืองอุทัยธานี อุทัยธานี 61000, Thailand']",221 km,2 hours 57 mins
248,ตาก,กำแพงเพชร,"['V4JF+HF3, Nong Luang, Mueang Tak District, Tak 63000, Thailand']","['FGPF+3XG, Nai Mueang, Mueang Kamphaeng Phet District, Kamphaeng Phet 62000, Thailand']",71.4 km,59 mins
249,ตาก,สุโขทัย,"['V4JF+HF3, Nong Luang, Mueang Tak District, Tak 63000, Thailand']","['2R5F+596, Thani, Mueang Sukhothai District, Sukhothai 64000, Thailand']",84.7 km,1 hour 11 mins
250,ตาก,กาญจนบุรี,"['V4JF+HF3, Nong Luang, Mueang Tak District, Tak 63000, Thailand']","['328 Sangchuto Rd, Ban Tai, Amphoe Mueang Kanchanaburi, Chang Wat Kanchanaburi 71000, Thailand']",411 km,5 hours 48 mins
251,สุโขทัย,ลำปาง,"['2R5F+596, Thani, Mueang Sukhothai District, Sukhothai 64000, Thailand']","['8 ถนนบุญวาทย์ Tambon Hua Wiang, Amphoe Mueang Lampang, Chang Wat Lampang 52000, Thailand']",210 km,3 hours 4 mins
252,สุโขทัย,อุตรดิตถ์,"['2R5F+596, Thani, Mueang Sukhothai District, Sukhothai 64000, Thailand']","['J3GW+8Q6, Pracha Nimit Rd, Tambon Tha It, Amphoe Mueang Uttaradit, Chang Wat Uttaradit 53000, Thailand']",89.4 km,1 hour 30 mins
253,สุโขทัย,แพร่,"['2R5F+596, Thani, Mueang Sukhothai District, Sukhothai 64000, Thailand']","['ที่ว่าการอำเภอเมืองแพร่ ถนน 44WR+5GH, Chaiyabun Rd, Tambon Nai Wiang, Amphoe Mueang Phrae, Chang Wat Phrae 54000, Thailand']",164 km,2 hours 35 mins
254,สุโขทัย,กำแพงเพชร,"['2R5F+596, Thani, Mueang Sukhothai District, Sukhothai 64000, Thailand']","['FGPF+3XG, Nai Mueang, Mueang Kamphaeng Phet District, Kamphaeng Phet 62000, Thailand']",79.1 km,1 hour 10 mins
255,สุโขทัย,ตาก,"['2R5F+596, Thani, Mueang Sukhothai District, Sukhothai 64000, Thailand']","['V4JF+HF3, Nong Luang, Mueang Tak District, Tak 63000, Thailand']",84.5 km,1 hour 11 mins
256,สุโขทัย,พิษณุโลก,"['2R5F+596, Thani, Mueang Sukhothai District, Sukhothai 64000, Thailand']","['7, Ban Khlong, อำเภอเมือง Chang Wat Phitsanulok 65000, Thailand']",58.1 km,54 mins
257,พิษณุโลก,เลย,"['7, Ban Khlong, อำเภอเมือง Chang Wat Phitsanulok 65000, Thailand']","['FPQ9+5QC, Kut Pong, Mueang Loei District, Loei 42000, Thailand']",227 km,3 hours 26 mins
258,พิษณุโลก,อุตรดิตถ์,"['7, Ban Khlong, อำเภอเมือง Chang Wat Phitsanulok 65000, Thailand']","['J3GW+8Q6, Pracha Nimit Rd, Tambon Tha It, Amphoe Mueang Uttaradit, Chang Wat Uttaradit 53000, Thailand']",110 km,1 hour 31 mins
259,พิษณุโลก,กำแพงเพชร,"['7, Ban Khlong, อำเภอเมือง Chang Wat Phitsanulok 65000, Thailand']","['FGPF+3XG, Nai Mueang, Mueang Kamphaeng Phet District, Kamphaeng Phet 62000, Thailand']",108 km,1 hour 39 mins
260,พิษณุโลก,สุโขทัย,"['7, Ban Khlong, อำเภอเมือง Chang Wat Phitsanulok 65000, Thailand']","['2R5F+596, Thani, Mueang Sukhothai District, Sukhothai 64000, Thailand']",58.1 km,54 mins
261,พิษณุโลก,พิจิตร,"['7, Ban Khlong, อำเภอเมือง Chang Wat Phitsanulok 65000, Thailand']","['4/411ต.ในเมือง อ.เมือง Tambon Nai Mueang, Amphoe Mueang Phichit, Chang Wat Phichit 66000, Thailand']",66.4 km,1 hour 4 mins
262,พิษณุโลก,เพชรบูรณ์,"['7, Ban Khlong, อำเภอเมือง Chang Wat Phitsanulok 65000, Thailand']","['C4VX+5MW, Sadiang, Mueang Phetchabun District, Phetchabun 67000, Thailand']",161 km,2 hours 18 mins
263,พิจิตร,นครสวรรค์,"['4/411ต.ในเมือง อ.เมือง Tambon Nai Mueang, Amphoe Mueang Phichit, Chang Wat Phichit 66000, Thailand']","['108/19 Matulee Rd, Tambon Pak Nam Pho, Amphoe Mueang Nakhon Sawan, Chang Wat Nakhon Sawan 60000, Thailand']",105 km,1 hour 29 mins
264,พิจิตร,กำแพงเพชร,"['4/411ต.ในเมือง อ.เมือง Tambon Nai Mueang, Amphoe Mueang Phichit, Chang Wat Phichit 66000, Thailand']","['FGPF+3XG, Nai Mueang, Mueang Kamphaeng Phet District, Kamphaeng Phet 62000, Thailand']",94.4 km,1 hour 26 mins
265,พิจิตร,พิษณุโลก,"['4/411ต.ในเมือง อ.เมือง Tambon Nai Mueang, Amphoe Mueang Phichit, Chang Wat Phichit 66000, Thailand']","['7, Ban Khlong, อำเภอเมือง Chang Wat Phitsanulok 65000, Thailand']",66.5 km,1 hour 5 mins
266,พิจิตร,เพชรบูรณ์,"['4/411ต.ในเมือง อ.เมือง Tambon Nai Mueang, Amphoe Mueang Phichit, Chang Wat Phichit 66000, Thailand']","['C4VX+5MW, Sadiang, Mueang Phetchabun District, Phetchabun 67000, Thailand']",132 km,2 hours 13 mins
267,เพชรบูรณ์,ลพบุรี,"['C4VX+5MW, Sadiang, Mueang Phetchabun District, Phetchabun 67000, Thailand']","['อาคารที่ว่าการอำเภอเมืองลพบุรี, ถนนนารายณ์มหาราช, ตำบลทะเลชุบศร อำเภอเมืองลพบุรี จังหวัดลพบุรี, 15000 Tambon Tha Hin, Amphoe Mueang Lop Buri, Chang Wat Lopburi 15000, Thailand']",239 km,3 hours 17 mins
268,เพชรบูรณ์,ชัยภูมิ,"['C4VX+5MW, Sadiang, Mueang Phetchabun District, Phetchabun 67000, Thailand']","['อาคารที่ว่าการอำเภอเมืองชัยภูมิ, ถนนองค์การ สาย 2, ตำบลในเมือง อำเภอเมืองชัยภูมิ จังหวัดชัยภูมิ, 36000 Tambon Nai Mueang, Amphoe Mueang Chaiyaphum, Chang Wat Chaiyaphum 36000, Thailand']",202 km,3 hours 18 mins
269,เพชรบูรณ์,ขอนแก่น,"['C4VX+5MW, Sadiang, Mueang Phetchabun District, Phetchabun 67000, Thailand']","['40000 Tambon Nai Mueang, Amphoe Mueang Khon Kaen, Chang Wat Khon Kaen 40000, Thailand']",234 km,3 hours 34 mins
270,เพชรบูรณ์,เลย,"['C4VX+5MW, Sadiang, Mueang Phetchabun District, Phetchabun 67000, Thailand']","['FPQ9+5QC, Kut Pong, Mueang Loei District, Loei 42000, Thailand']",186 km,2 hours 58 mins
271,เพชรบูรณ์,นครสวรรค์,"['C4VX+5MW, Sadiang, Mueang Phetchabun District, Phetchabun 67000, Thailand']","['108/19 Matulee Rd, Tambon Pak Nam Pho, Amphoe Mueang Nakhon Sawan, Chang Wat Nakhon Sawan 60000, Thailand']",195 km,2 hours 53 mins
272,เพชรบูรณ์,พิษณุโลก,"['C4VX+5MW, Sadiang, Mueang Phetchabun District, Phetchabun 67000, Thailand']","['7, Ban Khlong, อำเภอเมือง Chang Wat Phitsanulok 65000, Thailand']",160 km,2 hours 16 mins
273,เพชรบูรณ์,พิจิตร,"['C4VX+5MW, Sadiang, Mueang Phetchabun District, Phetchabun 67000, Thailand']","['4/411ต.ในเมือง อ.เมือง Tambon Nai Mueang, Amphoe Mueang Phichit, Chang Wat Phichit 66000, Thailand']",133 km,2 hours 15 mins
274,ราชบุรี,กาญจนบุรี,"['GRH7+G3R, Na Muang, Mueang Ratchaburi, Ratchaburi 70000, Thailand']","['328 Sangchuto Rd, Ban Tai, Amphoe Mueang Kanchanaburi, Chang Wat Kanchanaburi 71000, Thailand']",75.3 km,1 hour 29 mins
275,ราชบุรี,นครปฐม,"['GRH7+G3R, Na Muang, Mueang Ratchaburi, Ratchaburi 70000, Thailand']","['30 Tesa Rd, Tambon Phra Prathom Chedi, Amphoe Mueang Nakhon Pathom, Chang Wat Nakhon Pathom 73000, Thailand']",49.6 km,50 mins
276,ราชบุรี,สมุทรสาคร,"['GRH7+G3R, Na Muang, Mueang Ratchaburi, Ratchaburi 70000, Thailand']","['เลขที่ - หมู่บ้าน ตลาดสดเทศบาลมหาชัย ชั้น2 มหาชัย Tambon Mahachai, Amphoe Mueang Samut Sakhon, Chang Wat Samut Sakhon 74000, Thailand']",81.9 km,1 hour 11 mins
277,ราชบุรี,สมุทรสงคราม,"['GRH7+G3R, Na Muang, Mueang Ratchaburi, Ratchaburi 70000, Thailand']","['ที่ว่าการ Soi Ekkachai, Tambon Mae Klong, Amphoe Mueang Samut Songkhram, Chang Wat Samut Songkhram 75000, Thailand']",46.3 km,43 mins
278,ราชบุรี,เพชรบุรี,"['GRH7+G3R, Na Muang, Mueang Ratchaburi, Ratchaburi 70000, Thailand']","['4W6V+PJ5, Khlong Kra Saeng, Mueang Phetchaburi District, Phetchaburi 76000, Thailand']",57.0 km,49 mins
279,กาญจนบุรี,อุทัยธานี,"['328 Sangchuto Rd, Ban Tai, Amphoe Mueang Kanchanaburi, Chang Wat Kanchanaburi 71000, Thailand']","['Tha Chang Road , Uthai Mai , 61000 Mueang Uthai Thani , Uthai Thani, ตำบล อุทัยใหม่ อำเภอเมืองอุทัยธานี อุทัยธานี 61000, Thailand']",185 km,2 hours 58 mins
280,กาญจนบุรี,ตาก,"['328 Sangchuto Rd, Ban Tai, Amphoe Mueang Kanchanaburi, Chang Wat Kanchanaburi 71000, Thailand']","['V4JF+HF3, Nong Luang, Mueang Tak District, Tak 63000, Thailand']",421 km,5 hours 51 mins
281,กาญจนบุรี,ราชบุรี,"['328 Sangchuto Rd, Ban Tai, Amphoe Mueang Kanchanaburi, Chang Wat Kanchanaburi 71000, Thailand']","['GRH7+G3R, Na Muang, Mueang Ratchaburi, Ratchaburi 70000, Thailand']",74.0 km,1 hour 25 mins
282,กาญจนบุรี,สุพรรณบุรี,"['328 Sangchuto Rd, Ban Tai, Amphoe Mueang Kanchanaburi, Chang Wat Kanchanaburi 71000, Thailand']","['F4F9+Q9P, Tha Phi Liang, Mueang Suphan Buri District, Suphan Buri 72000, Thailand']",93.2 km,1 hour 33 mins
283,กาญจนบุรี,นครปฐม,"['328 Sangchuto Rd, Ban Tai, Amphoe Mueang Kanchanaburi, Chang Wat Kanchanaburi 71000, Thailand']","['30 Tesa Rd, Tambon Phra Prathom Chedi, Amphoe Mueang Nakhon Pathom, Chang Wat Nakhon Pathom 73000, Thailand']",72.2 km,1 hour 0 mins
284,สุพรรณบุรี,พระนครศรีอยุธยา,"['F4F9+Q9P, Tha Phi Liang, Mueang Suphan Buri District, Suphan Buri 72000, Thailand']","['20 Khlong Makharm Riang Rd, Tambon Pratuchai, Amphoe Phra Nakhon Si Ayutthaya, Chang Wat Phra Nakhon Si Ayutthaya 13000, Thailand']",62.4 km,1 hour 3 mins
285,สุพรรณบุรี,อ่างทอง,"['F4F9+Q9P, Tha Phi Liang, Mueang Suphan Buri District, Suphan Buri 72000, Thailand']","['HFQ3+M9X, Bang Kaeo, Mueang Ang Thong District, Ang Thong 14000, Thailand']",44.8 km,46 mins
286,สุพรรณบุรี,สิงห์บุรี,"['F4F9+Q9P, Tha Phi Liang, Mueang Suphan Buri District, Suphan Buri 72000, Thailand']","['ที่ว่าการอำเภอเมืองสิงห์บุรี ถนน VCQ3+8V8, Wilai Chit, Tambon Bang Phutsa, Amphoe Mueang Sing Buri, Chang Wat Sing Buri 16000, Thailand']",71.2 km,1 hour 13 mins
287,สุพรรณบุรี,ชัยนาท,"['F4F9+Q9P, Tha Phi Liang, Mueang Suphan Buri District, Suphan Buri 72000, Thailand']","['328/9 ถนนลูกเสือ 2 Tambon Nai Muang, Amphoe Mueang Chai Nat, Chang Wat Chai Nat 17000, Thailand']",96.8 km,1 hour 24 mins
288,สุพรรณบุรี,อุทัยธานี,"['F4F9+Q9P, Tha Phi Liang, Mueang Suphan Buri District, Suphan Buri 72000, Thailand']","['Tha Chang Road , Uthai Mai , 61000 Mueang Uthai Thani , Uthai Thani, ตำบล อุทัยใหม่ อำเภอเมืองอุทัยธานี อุทัยธานี 61000, Thailand']",124 km,1 hour 50 mins
289,สุพรรณบุรี,กาญจนบุรี,"['F4F9+Q9P, Tha Phi Liang, Mueang Suphan Buri District, Suphan Buri 72000, Thailand']","['328 Sangchuto Rd, Ban Tai, Amphoe Mueang Kanchanaburi, Chang Wat Kanchanaburi 71000, Thailand']",94.1 km,1 hour 34 mins
290,สุพรรณบุรี,นครปฐม,"['F4F9+Q9P, Tha Phi Liang, Mueang Suphan Buri District, Suphan Buri 72000, Thailand']","['30 Tesa Rd, Tambon Phra Prathom Chedi, Amphoe Mueang Nakhon Pathom, Chang Wat Nakhon Pathom 73000, Thailand']",92.2 km,1 hour 36 mins
291,นครปฐม,กรุงเทพมหานคร,"['30 Tesa Rd, Tambon Phra Prathom Chedi, Amphoe Mueang Nakhon Pathom, Chang Wat Nakhon Pathom 73000, Thailand']","['Victory Monument (Din Daeng side), Khwaeng Thanon Phaya Thai, Khet Ratchathewi, Krung Thep Maha Nakhon 10400, Thailand']",55.8 km,1 hour 0 mins
292,นครปฐม,นนทบุรี,"['30 Tesa Rd, Tambon Phra Prathom Chedi, Amphoe Mueang Nakhon Pathom, Chang Wat Nakhon Pathom 73000, Thailand']","['VG67+X92, Bang Krasaw, Mueang Nonthaburi District, Nonthaburi 11000, Thailand']",64.8 km,59 mins
293,นครปฐม,พระนครศรีอยุธยา,"['30 Tesa Rd, Tambon Phra Prathom Chedi, Amphoe Mueang Nakhon Pathom, Chang Wat Nakhon Pathom 73000, Thailand']","['20 Khlong Makharm Riang Rd, Tambon Pratuchai, Amphoe Phra Nakhon Si Ayutthaya, Chang Wat Phra Nakhon Si Ayutthaya 13000, Thailand']",118 km,1 hour 48 mins
294,นครปฐม,ราชบุรี,"['30 Tesa Rd, Tambon Phra Prathom Chedi, Amphoe Mueang Nakhon Pathom, Chang Wat Nakhon Pathom 73000, Thailand']","['GRH7+G3R, Na Muang, Mueang Ratchaburi, Ratchaburi 70000, Thailand']",49.4 km,47 mins
295,นครปฐม,กาญจนบุรี,"['30 Tesa Rd, Tambon Phra Prathom Chedi, Amphoe Mueang Nakhon Pathom, Chang Wat Nakhon Pathom 73000, Thailand']","['328 Sangchuto Rd, Ban Tai, Amphoe Mueang Kanchanaburi, Chang Wat Kanchanaburi 71000, Thailand']",70.3 km,1 hour 16 mins
296,นครปฐม,สุพรรณบุรี,"['30 Tesa Rd, Tambon Phra Prathom Chedi, Amphoe Mueang Nakhon Pathom, Chang Wat Nakhon Pathom 73000, Thailand']","['F4F9+Q9P, Tha Phi Liang, Mueang Suphan Buri District, Suphan Buri 72000, Thailand']",89.2 km,1 hour 33 mins
297,นครปฐม,สมุทรสาคร,"['30 Tesa Rd, Tambon Phra Prathom Chedi, Amphoe Mueang Nakhon Pathom, Chang Wat Nakhon Pathom 73000, Thailand']","['เลขที่ - หมู่บ้าน ตลาดสดเทศบาลมหาชัย ชั้น2 มหาชัย Tambon Mahachai, Amphoe Mueang Samut Sakhon, Chang Wat Samut Sakhon 74000, Thailand']",54.2 km,56 mins
298,สมุทรสาคร,กรุงเทพมหานคร,"['เลขที่ - หมู่บ้าน ตลาดสดเทศบาลมหาชัย ชั้น2 มหาชัย Tambon Mahachai, Amphoe Mueang Samut Sakhon, Chang Wat Samut Sakhon 74000, Thailand']","['Victory Monument (Din Daeng side), Khwaeng Thanon Phaya Thai, Khet Ratchathewi, Krung Thep Maha Nakhon 10400, Thailand']",46.8 km,46 mins
299,สมุทรสาคร,ราชบุรี,"['เลขที่ - หมู่บ้าน ตลาดสดเทศบาลมหาชัย ชั้น2 มหาชัย Tambon Mahachai, Amphoe Mueang Samut Sakhon, Chang Wat Samut Sakhon 74000, Thailand']","['GRH7+G3R, Na Muang, Mueang Ratchaburi, Ratchaburi 70000, Thailand']",80.5 km,1 hour 7 mins
300,สมุทรสาคร,นครปฐม,"['เลขที่ - หมู่บ้าน ตลาดสดเทศบาลมหาชัย ชั้น2 มหาชัย Tambon Mahachai, Amphoe Mueang Samut Sakhon, Chang Wat Samut Sakhon 74000, Thailand']","['30 Tesa Rd, Tambon Phra Prathom Chedi, Amphoe Mueang Nakhon Pathom, Chang Wat Nakhon Pathom 73000, Thailand']",53.8 km,56 mins
301,สมุทรสาคร,สมุทรสงคราม,"['เลขที่ - หมู่บ้าน ตลาดสดเทศบาลมหาชัย ชั้น2 มหาชัย Tambon Mahachai, Amphoe Mueang Samut Sakhon, Chang Wat Samut Sakhon 74000, Thailand']","['ที่ว่าการ Soi Ekkachai, Tambon Mae Klong, Amphoe Mueang Samut Songkhram, Chang Wat Samut Songkhram 75000, Thailand']",37.8 km,35 mins
302,สมุทรสงคราม,ราชบุรี,"['ที่ว่าการ Soi Ekkachai, Tambon Mae Klong, Amphoe Mueang Samut Songkhram, Chang Wat Samut Songkhram 75000, Thailand']","['GRH7+G3R, Na Muang, Mueang Ratchaburi, Ratchaburi 70000, Thailand']",48.2 km,44 mins
303,สมุทรสงคราม,สมุทรสาคร,"['ที่ว่าการ Soi Ekkachai, Tambon Mae Klong, Amphoe Mueang Samut Songkhram, Chang Wat Samut Songkhram 75000, Thailand']","['เลขที่ - หมู่บ้าน ตลาดสดเทศบาลมหาชัย ชั้น2 มหาชัย Tambon Mahachai, Amphoe Mueang Samut Sakhon, Chang Wat Samut Sakhon 74000, Thailand']",38.7 km,39 mins
304,สมุทรสงคราม,เพชรบุรี,"['ที่ว่าการ Soi Ekkachai, Tambon Mae Klong, Amphoe Mueang Samut Songkhram, Chang Wat Samut Songkhram 75000, Thailand']","['4W6V+PJ5, Khlong Kra Saeng, Mueang Phetchaburi District, Phetchaburi 76000, Thailand']",57.6 km,48 mins
305,เพชรบุรี,ราชบุรี,"['4W6V+PJ5, Khlong Kra Saeng, Mueang Phetchaburi District, Phetchaburi 76000, Thailand']","['GRH7+G3R, Na Muang, Mueang Ratchaburi, Ratchaburi 70000, Thailand']",57.2 km,48 mins
306,เพชรบุรี,สมุทรสงคราม,"['4W6V+PJ5, Khlong Kra Saeng, Mueang Phetchaburi District, Phetchaburi 76000, Thailand']","['ที่ว่าการ Soi Ekkachai, Tambon Mae Klong, Amphoe Mueang Samut Songkhram, Chang Wat Samut Songkhram 75000, Thailand']",56.9 km,46 mins
307,เพชรบุรี,ประจวบคีรีขันธ์,"['4W6V+PJ5, Khlong Kra Saeng, Mueang Phetchaburi District, Phetchaburi 76000, Thailand']","['33 Pitak Chart Rd, Amphoe Mueang Prachuap Khiri Khan, Chang Wat Prachuap Khiri Khan 77000, Thailand']",158 km,2 hours 11 mins
308,ประจวบคีรีขันธ์,เพชรบุรี,"['33 Pitak Chart Rd, Amphoe Mueang Prachuap Khiri Khan, Chang Wat Prachuap Khiri Khan 77000, Thailand']","['4W6V+PJ5, Khlong Kra Saeng, Mueang Phetchaburi District, Phetchaburi 76000, Thailand']",159 km,2 hours 11 mins
309,ประจวบคีรีขันธ์,ชุมพร,"['33 Pitak Chart Rd, Amphoe Mueang Prachuap Khiri Khan, Chang Wat Prachuap Khiri Khan 77000, Thailand']","['F5VH+4MM, Tha Taphao, Mueang Chumphon District, Chumphon 86000, Thailand']",180 km,2 hours 25 mins
310,นครศรีธรรมราช,กระบี่,"['ที่ว่าการ, FXJ8+9WV ตำบล ปากพูน อำเภอเมืองนครศรีธรรมราช นครศรีธรรมราช 80000, Thailand']","['7 Khongkha Rd, Tambon Pak Nam, Amphoe Mueang Krabi, Chang Wat Krabi 81000, Thailand']",161 km,2 hours 44 mins
311,นครศรีธรรมราช,สุราษฎร์ธานี,"['ที่ว่าการ, FXJ8+9WV ตำบล ปากพูน อำเภอเมืองนครศรีธรรมราช นครศรีธรรมราช 80000, Thailand']","['170 Talad Mai Rd, Tambon Talat, Amphoe Mueang Surat Thani, Chang Wat Surat Thani 84000, Thailand']",138 km,2 hours 8 mins
312,นครศรีธรรมราช,สงขลา,"['ที่ว่าการ, FXJ8+9WV ตำบล ปากพูน อำเภอเมืองนครศรีธรรมราช นครศรีธรรมราช 80000, Thailand']","['6H5W+2JP, Bo Yang, Mueang Songkhla District, Songkhla 90000, Thailand']",176 km,2 hours 58 mins
313,นครศรีธรรมราช,ตรัง,"['ที่ว่าการ, FXJ8+9WV ตำบล ปากพูน อำเภอเมืองนครศรีธรรมราช นครศรีธรรมราช 80000, Thailand']","['101 Visadekul Alley, Tambon Thap Thiang, Amphoe Mueang Trang, Chang Wat Trang 92000, Thailand']",138 km,2 hours 12 mins
314,นครศรีธรรมราช,พัทลุง,"['ที่ว่าการ, FXJ8+9WV ตำบล ปากพูน อำเภอเมืองนครศรีธรรมราช นครศรีธรรมราช 80000, Thailand']","['Choeytukaraj, Tambon Khuha Sawan, Amphoe Muang Phatthalung, Chang Wat Phatthalung 93000, Thailand']",116 km,1 hour 45 mins
315,กระบี่,นครศรีธรรมราช,"['7 Khongkha Rd, Tambon Pak Nam, Amphoe Mueang Krabi, Chang Wat Krabi 81000, Thailand']","['ที่ว่าการ, FXJ8+9WV ตำบล ปากพูน อำเภอเมืองนครศรีธรรมราช นครศรีธรรมราช 80000, Thailand']",163 km,2 hours 46 mins
316,กระบี่,พังงา,"['7 Khongkha Rd, Tambon Pak Nam, Amphoe Mueang Krabi, Chang Wat Krabi 81000, Thailand']","['622 Phet Kasem Rd, Thai Chang, Amphoe Mueang Phang-nga, Chang Wat Phang-nga 82000, Thailand']",81.1 km,1 hour 16 mins
317,กระบี่,สุราษฎร์ธานี,"['7 Khongkha Rd, Tambon Pak Nam, Amphoe Mueang Krabi, Chang Wat Krabi 81000, Thailand']","['170 Talad Mai Rd, Tambon Talat, Amphoe Mueang Surat Thani, Chang Wat Surat Thani 84000, Thailand']",160 km,2 hours 12 mins
318,กระบี่,ตรัง,"['7 Khongkha Rd, Tambon Pak Nam, Amphoe Mueang Krabi, Chang Wat Krabi 81000, Thailand']","['101 Visadekul Alley, Tambon Thap Thiang, Amphoe Mueang Trang, Chang Wat Trang 92000, Thailand']",129 km,2 hours 3 mins
319,พังงา,กระบี่,"['622 Phet Kasem Rd, Thai Chang, Amphoe Mueang Phang-nga, Chang Wat Phang-nga 82000, Thailand']","['7 Khongkha Rd, Tambon Pak Nam, Amphoe Mueang Krabi, Chang Wat Krabi 81000, Thailand']",80.6 km,1 hour 17 mins
320,พังงา,ภูเก็ต,"['622 Phet Kasem Rd, Thai Chang, Amphoe Mueang Phang-nga, Chang Wat Phang-nga 82000, Thailand']","['64/28 หมู่ที่ 6, ตำบลวิชิต อำเภอเมืองภูเก็ต จังหวัดภูเก็ต, 83000 Tambon Wichit, Amphoe Mueang Phuket, Chang Wat Phuket 83000, Thailand']",84.7 km,1 hour 32 mins
321,พังงา,สุราษฎร์ธานี,"['622 Phet Kasem Rd, Thai Chang, Amphoe Mueang Phang-nga, Chang Wat Phang-nga 82000, Thailand']","['170 Talad Mai Rd, Tambon Talat, Amphoe Mueang Surat Thani, Chang Wat Surat Thani 84000, Thailand']",154 km,2 hours 13 mins
322,พังงา,ระนอง,"['622 Phet Kasem Rd, Thai Chang, Amphoe Mueang Phang-nga, Chang Wat Phang-nga 82000, Thailand']","['XJ4Q+R2R, Bang Rin, Mueang Ranong District, Ranong 85000, Thailand']",229 km,3 hours 34 mins
323,ภูเก็ต,พังงา,"['64/28 หมู่ที่ 6, ตำบลวิชิต อำเภอเมืองภูเก็ต จังหวัดภูเก็ต, 83000 Tambon Wichit, Amphoe Mueang Phuket, Chang Wat Phuket 83000, Thailand']","['622 Phet Kasem Rd, Thai Chang, Amphoe Mueang Phang-nga, Chang Wat Phang-nga 82000, Thailand']",86.1 km,1 hour 29 mins
324,สุราษฎร์ธานี,นครศรีธรรมราช,"['170 Talad Mai Rd, Tambon Talat, Amphoe Mueang Surat Thani, Chang Wat Surat Thani 84000, Thailand']","['ที่ว่าการ, FXJ8+9WV ตำบล ปากพูน อำเภอเมืองนครศรีธรรมราช นครศรีธรรมราช 80000, Thailand']",135 km,2 hours 7 mins
325,สุราษฎร์ธานี,กระบี่,"['170 Talad Mai Rd, Tambon Talat, Amphoe Mueang Surat Thani, Chang Wat Surat Thani 84000, Thailand']","['7 Khongkha Rd, Tambon Pak Nam, Amphoe Mueang Krabi, Chang Wat Krabi 81000, Thailand']",160 km,2 hours 11 mins
326,สุราษฎร์ธานี,พังงา,"['170 Talad Mai Rd, Tambon Talat, Amphoe Mueang Surat Thani, Chang Wat Surat Thani 84000, Thailand']","['622 Phet Kasem Rd, Thai Chang, Amphoe Mueang Phang-nga, Chang Wat Phang-nga 82000, Thailand']",159 km,2 hours 17 mins
327,สุราษฎร์ธานี,ระนอง,"['170 Talad Mai Rd, Tambon Talat, Amphoe Mueang Surat Thani, Chang Wat Surat Thani 84000, Thailand']","['XJ4Q+R2R, Bang Rin, Mueang Ranong District, Ranong 85000, Thailand']",206 km,3 hours 21 mins
328,สุราษฎร์ธานี,ชุมพร,"['170 Talad Mai Rd, Tambon Talat, Amphoe Mueang Surat Thani, Chang Wat Surat Thani 84000, Thailand']","['F5VH+4MM, Tha Taphao, Mueang Chumphon District, Chumphon 86000, Thailand']",178 km,2 hours 48 mins
329,ระนอง,พังงา,"['XJ4Q+R2R, Bang Rin, Mueang Ranong District, Ranong 85000, Thailand']","['622 Phet Kasem Rd, Thai Chang, Amphoe Mueang Phang-nga, Chang Wat Phang-nga 82000, Thailand']",229 km,3 hours 32 mins
330,ระนอง,สุราษฎร์ธานี,"['XJ4Q+R2R, Bang Rin, Mueang Ranong District, Ranong 85000, Thailand']","['170 Talad Mai Rd, Tambon Talat, Amphoe Mueang Surat Thani, Chang Wat Surat Thani 84000, Thailand']",208 km,3 hours 15 mins
331,ระนอง,ชุมพร,"['XJ4Q+R2R, Bang Rin, Mueang Ranong District, Ranong 85000, Thailand']","['F5VH+4MM, Tha Taphao, Mueang Chumphon District, Chumphon 86000, Thailand']",122 km,1 hour 51 mins
332,ชุมพร,ประจวบคีรีขันธ์,"['F5VH+4MM, Tha Taphao, Mueang Chumphon District, Chumphon 86000, Thailand']","['33 Pitak Chart Rd, Amphoe Mueang Prachuap Khiri Khan, Chang Wat Prachuap Khiri Khan 77000, Thailand']",179 km,2 hours 26 mins
333,ชุมพร,สุราษฎร์ธานี,"['F5VH+4MM, Tha Taphao, Mueang Chumphon District, Chumphon 86000, Thailand']","['170 Talad Mai Rd, Tambon Talat, Amphoe Mueang Surat Thani, Chang Wat Surat Thani 84000, Thailand']",181 km,2 hours 42 mins
334,ชุมพร,ระนอง,"['F5VH+4MM, Tha Taphao, Mueang Chumphon District, Chumphon 86000, Thailand']","['XJ4Q+R2R, Bang Rin, Mueang Ranong District, Ranong 85000, Thailand']",122 km,1 hour 50 mins
335,สงขลา,นครศรีธรรมราช,"['6H5W+2JP, Bo Yang, Mueang Songkhla District, Songkhla 90000, Thailand']","['ที่ว่าการ, FXJ8+9WV ตำบล ปากพูน อำเภอเมืองนครศรีธรรมราช นครศรีธรรมราช 80000, Thailand']",174 km,3 hours 1 min
336,สงขลา,สตูล,"['6H5W+2JP, Bo Yang, Mueang Songkhla District, Songkhla 90000, Thailand']","['M32P+449, Khlong Khut, Mueang Satun District, Satun 91000, Thailand']",124 km,2 hours 6 mins
337,สงขลา,พัทลุง,"['6H5W+2JP, Bo Yang, Mueang Songkhla District, Songkhla 90000, Thailand']","['Choeytukaraj, Tambon Khuha Sawan, Amphoe Muang Phatthalung, Chang Wat Phatthalung 93000, Thailand']",103 km,2 hours 15 mins
338,สงขลา,ปัตตานี,"['6H5W+2JP, Bo Yang, Mueang Songkhla District, Songkhla 90000, Thailand']","['V792+H3P, Sabarang, Mueang Pattani District, Pattani 94000, Thailand']",106 km,1 hour 39 mins
339,สงขลา,ยะลา,"['6H5W+2JP, Bo Yang, Mueang Songkhla District, Songkhla 90000, Thailand']","['4, ถนนจงรักษ์ 2, ตำบลสะเตง อำเภอเมือง จังหวัดยะลา, 95000 Tambon Sateng, Amphoe Mueang Yala, Chang Wat Yala 95000, Thailand']",131 km,1 hour 56 mins
340,สตูล,สงขลา,"['M32P+449, Khlong Khut, Mueang Satun District, Satun 91000, Thailand']","['6H5W+2JP, Bo Yang, Mueang Songkhla District, Songkhla 90000, Thailand']",125 km,2 hours 7 mins
341,สตูล,ตรัง,"['M32P+449, Khlong Khut, Mueang Satun District, Satun 91000, Thailand']","['101 Visadekul Alley, Tambon Thap Thiang, Amphoe Mueang Trang, Chang Wat Trang 92000, Thailand']",141 km,2 hours 21 mins
342,สตูล,พัทลุง,"['M32P+449, Khlong Khut, Mueang Satun District, Satun 91000, Thailand']","['Choeytukaraj, Tambon Khuha Sawan, Amphoe Muang Phatthalung, Chang Wat Phatthalung 93000, Thailand']",137 km,2 hours 14 mins
343,ตรัง,นครศรีธรรมราช,"['101 Visadekul Alley, Tambon Thap Thiang, Amphoe Mueang Trang, Chang Wat Trang 92000, Thailand']","['ที่ว่าการ, FXJ8+9WV ตำบล ปากพูน อำเภอเมืองนครศรีธรรมราช นครศรีธรรมราช 80000, Thailand']",139 km,2 hours 13 mins
344,ตรัง,กระบี่,"['101 Visadekul Alley, Tambon Thap Thiang, Amphoe Mueang Trang, Chang Wat Trang 92000, Thailand']","['7 Khongkha Rd, Tambon Pak Nam, Amphoe Mueang Krabi, Chang Wat Krabi 81000, Thailand']",128 km,2 hours 0 mins
345,ตรัง,สตูล,"['101 Visadekul Alley, Tambon Thap Thiang, Amphoe Mueang Trang, Chang Wat Trang 92000, Thailand']","['M32P+449, Khlong Khut, Mueang Satun District, Satun 91000, Thailand']",136 km,2 hours 18 mins
346,ตรัง,พัทลุง,"['101 Visadekul Alley, Tambon Thap Thiang, Amphoe Mueang Trang, Chang Wat Trang 92000, Thailand']","['Choeytukaraj, Tambon Khuha Sawan, Amphoe Muang Phatthalung, Chang Wat Phatthalung 93000, Thailand']",58.8 km,57 mins
347,พัทลุง,นครศรีธรรมราช,"['Choeytukaraj, Tambon Khuha Sawan, Amphoe Muang Phatthalung, Chang Wat Phatthalung 93000, Thailand']","['ที่ว่าการ, FXJ8+9WV ตำบล ปากพูน อำเภอเมืองนครศรีธรรมราช นครศรีธรรมราช 80000, Thailand']",118 km,1 hour 50 mins
348,พัทลุง,สงขลา,"['Choeytukaraj, Tambon Khuha Sawan, Amphoe Muang Phatthalung, Chang Wat Phatthalung 93000, Thailand']","['6H5W+2JP, Bo Yang, Mueang Songkhla District, Songkhla 90000, Thailand']",103 km,2 hours 16 mins
349,พัทลุง,สตูล,"['Choeytukaraj, Tambon Khuha Sawan, Amphoe Muang Phatthalung, Chang Wat Phatthalung 93000, Thailand']","['M32P+449, Khlong Khut, Mueang Satun District, Satun 91000, Thailand']",142 km,2 hours 18 mins
350,พัทลุง,ตรัง,"['Choeytukaraj, Tambon Khuha Sawan, Amphoe Muang Phatthalung, Chang Wat Phatthalung 93000, Thailand']","['101 Visadekul Alley, Tambon Thap Thiang, Amphoe Mueang Trang, Chang Wat Trang 92000, Thailand']",58.9 km,59 mins
351,ปัตตานี,สงขลา,"['V792+H3P, Sabarang, Mueang Pattani District, Pattani 94000, Thailand']","['6H5W+2JP, Bo Yang, Mueang Songkhla District, Songkhla 90000, Thailand']",105 km,1 hour 38 mins
352,ปัตตานี,ยะลา,"['V792+H3P, Sabarang, Mueang Pattani District, Pattani 94000, Thailand']","['4, ถนนจงรักษ์ 2, ตำบลสะเตง อำเภอเมือง จังหวัดยะลา, 95000 Tambon Sateng, Amphoe Mueang Yala, Chang Wat Yala 95000, Thailand']",42.4 km,41 mins
353,ปัตตานี,นราธิวาส,"['V792+H3P, Sabarang, Mueang Pattani District, Pattani 94000, Thailand']","['CRGF+39X, Bang Nak, Mueang Narathiwat District, Narathiwat 96000, Thailand']",94.5 km,1 hour 26 mins
354,ยะลา,สงขลา,"['4, ถนนจงรักษ์ 2, ตำบลสะเตง อำเภอเมือง จังหวัดยะลา, 95000 Tambon Sateng, Amphoe Mueang Yala, Chang Wat Yala 95000, Thailand']","['6H5W+2JP, Bo Yang, Mueang Songkhla District, Songkhla 90000, Thailand']",131 km,1 hour 54 mins
355,ยะลา,ปัตตานี,"['4, ถนนจงรักษ์ 2, ตำบลสะเตง อำเภอเมือง จังหวัดยะลา, 95000 Tambon Sateng, Amphoe Mueang Yala, Chang Wat Yala 95000, Thailand']","['V792+H3P, Sabarang, Mueang Pattani District, Pattani 94000, Thailand']",43.3 km,42 mins
356,ยะลา,นราธิวาส,"['4, ถนนจงรักษ์ 2, ตำบลสะเตง อำเภอเมือง จังหวัดยะลา, 95000 Tambon Sateng, Amphoe Mueang Yala, Chang Wat Yala 95000, Thailand']","['CRGF+39X, Bang Nak, Mueang Narathiwat District, Narathiwat 96000, Thailand']",75.6 km,1 hour 18 mins
357,นราธิวาส,ปัตตานี,"['CRGF+39X, Bang Nak, Mueang Narathiwat District, Narathiwat 96000, Thailand']","['V792+H3P, Sabarang, Mueang Pattani District, Pattani 94000, Thailand']",95.9 km,1 hour 27 mins
358,นราธิวาส,ยะลา,"['CRGF+39X, Bang Nak, Mueang Narathiwat District, Narathiwat 96000, Thailand']","['4, ถนนจงรักษ์ 2, ตำบลสะเตง อำเภอเมือง จังหวัดยะลา, 95000 Tambon Sateng, Amphoe Mueang Yala, Chang Wat Yala 95000, Thailand']",76.1 km,1 hour 19 mins